<?xml version="1.0" encoding="UTF-8"?>
<osm version="0.6" generator="openstreetmap-cgimap 2.1.0 (1326 spike-07.openstreetmap.org)" copyright="OpenStreetMap and contributors" attribution="http://www.openstreetmap.org/copyright" license="http://opendatacommons.org/licenses/odbl/1-0/">
 <bounds minlat="40.6721430" minlon="-73.8934050" maxlat="40.6738110" maxlon="-73.8904650"/>
 <node id="42467155" visible="true" version="4" changeset="148594895" timestamp="2024-03-13T13:48:09Z" user="daniel_solow" uid="1954307" lat="40.6750892" lon="-73.8918595">
  <tag k="highway" v="traffic_signals"/>
  <tag k="traffic_signals" v="signal"/>
 </node>
 <node id="42467157" visible="true" version="3" changeset="148594895" timestamp="2024-03-13T13:48:09Z" user="daniel_solow" uid="1954307" lat="40.6738510" lon="-73.8915440">
  <tag k="highway" v="stop"/>
 </node>
 <node id="42467159" visible="true" version="3" changeset="86719292" timestamp="2020-06-16T11:37:18Z" user="Emey_lyft" uid="10907417" lat="40.6725810" lon="-73.8912170">
  <tag k="highway" v="traffic_signals"/>
 </node>
 <node id="42467160" visible="true" version="5" changeset="168618675" timestamp="2025-07-07T18:35:45Z" user="daniel_solow" uid="1954307" lat="40.6713153" lon="-73.8908877">
  <tag k="highway" v="stop"/>
 </node>
 <node id="42467162" visible="true" version="2" changeset="2155102" timestamp="2009-08-15T16:15:34Z" user="woodpeck_fixbot" uid="147510" lat="40.6700600" lon="-73.8905580"/>
 <node id="42467164" visible="true" version="3" changeset="149247745" timestamp="2024-03-28T01:10:36Z" user="brikin" uid="20352592" lat="40.6685295" lon="-73.8901605"/>
 <node id="42468359" visible="true" version="4" changeset="148594895" timestamp="2024-03-13T13:48:09Z" user="daniel_solow" uid="1954307" lat="40.6749533" lon="-73.8927653">
  <tag k="highway" v="traffic_signals"/>
  <tag k="traffic_signals" v="signal"/>
 </node>
 <node id="42468365" visible="true" version="3" changeset="148594895" timestamp="2024-03-13T13:48:09Z" user="daniel_solow" uid="1954307" lat="40.6737150" lon="-73.8924470">
  <tag k="highway" v="stop"/>
 </node>
 <node id="42468366" visible="true" version="3" changeset="86719164" timestamp="2020-06-16T11:34:55Z" user="Emey_lyft" uid="10907417" lat="40.6724490" lon="-73.8921240">
  <tag k="highway" v="traffic_signals"/>
 </node>
 <node id="42468367" visible="true" version="5" changeset="168618675" timestamp="2025-07-07T18:35:45Z" user="daniel_solow" uid="1954307" lat="40.6711778" lon="-73.8917999">
  <tag k="highway" v="stop"/>
 </node>
 <node id="42468368" visible="true" version="3" changeset="52076449" timestamp="2017-09-15T17:55:41Z" user="rrov1" uid="5404622" lat="40.6699260" lon="-73.8914810">
  <tag k="highway" v="traffic_signals"/>
 </node>
 <node id="42468371" visible="true" version="3" changeset="149247745" timestamp="2024-03-28T01:10:36Z" user="brikin" uid="20352592" lat="40.6683971" lon="-73.8910813"/>
 <node id="42468372" visible="true" version="4" changeset="151334951" timestamp="2024-05-14T23:01:46Z" user="hdevine825" uid="2456367" lat="40.6668520" lon="-73.8906944"/>
 <node id="42468373" visible="true" version="2" changeset="3218174" timestamp="2009-11-26T07:26:55Z" user="woodpeck_fixbot" uid="147510" lat="40.6653120" lon="-73.8902990"/>
 <node id="42468375" visible="true" version="3" changeset="144075536" timestamp="2023-11-16T02:44:24Z" user="MxxCon" uid="384667" lat="40.6637889" lon="-73.8899094"/>
 <node id="42468377" visible="true" version="3" changeset="144075536" timestamp="2023-11-16T02:44:24Z" user="MxxCon" uid="384667" lat="40.6632948" lon="-73.8897866"/>
 <node id="42468379" visible="true" version="2" changeset="3218174" timestamp="2009-11-26T07:26:55Z" user="woodpeck_fixbot" uid="147510" lat="40.6613380" lon="-73.8883850"/>
 <node id="42468497" visible="true" version="2" changeset="2155102" timestamp="2009-08-15T16:15:38Z" user="woodpeck_fixbot" uid="147510" lat="40.6757900" lon="-73.8783540"/>
 <node id="42468505" visible="true" version="3" changeset="16124203" timestamp="2013-05-14T11:36:05Z" user="Rupert Swarbrick" uid="104519" lat="40.6745416" lon="-73.8780424"/>
 <node id="42470221" visible="true" version="3" changeset="168664418" timestamp="2025-07-08T19:09:36Z" user="daniel_solow" uid="1954307" lat="40.6751300" lon="-73.8829080">
  <tag k="highway" v="traffic_signals"/>
  <tag k="traffic_signals" v="signal"/>
 </node>
 <node id="42470224" visible="true" version="2" changeset="2155102" timestamp="2009-08-15T16:15:45Z" user="woodpeck_fixbot" uid="147510" lat="40.6738620" lon="-73.8825850"/>
 <node id="42472342" visible="true" version="4" changeset="144075536" timestamp="2023-11-16T02:44:24Z" user="MxxCon" uid="384667" lat="40.6640149" lon="-73.8881809">
  <tag k="highway" v="traffic_signals"/>
  <tag k="traffic_signals" v="signal"/>
 </node>
 <node id="42472346" visible="true" version="2" changeset="3218174" timestamp="2009-11-26T07:27:21Z" user="woodpeck_fixbot" uid="147510" lat="40.6655920" lon="-73.8884980"/>
 <node id="42472351" visible="true" version="2" changeset="3218174" timestamp="2009-11-26T07:27:21Z" user="woodpeck_fixbot" uid="147510" lat="40.6671200" lon="-73.8888890"/>
 <node id="42472355" visible="true" version="2" changeset="2155102" timestamp="2009-08-15T16:15:54Z" user="woodpeck_fixbot" uid="147510" lat="40.6686570" lon="-73.8892830"/>
 <node id="42472359" visible="true" version="2" changeset="2155102" timestamp="2009-08-15T16:15:54Z" user="woodpeck_fixbot" uid="147510" lat="40.6701930" lon="-73.8896760"/>
 <node id="42472363" visible="true" version="5" changeset="168618675" timestamp="2025-07-07T18:35:45Z" user="daniel_solow" uid="1954307" lat="40.6714498" lon="-73.8899871">
  <tag k="highway" v="stop"/>
 </node>
 <node id="42472365" visible="true" version="3" changeset="86719358" timestamp="2020-06-16T11:38:16Z" user="Emey_lyft" uid="10907417" lat="40.6727170" lon="-73.8903160">
  <tag k="highway" v="traffic_signals"/>
 </node>
 <node id="42472369" visible="true" version="4" changeset="153879618" timestamp="2024-07-13T06:09:43Z" user="isamah" uid="17496699" lat="40.6739830" lon="-73.8906390">
  <tag k="highway" v="stop"/>
 </node>
 <node id="42472371" visible="true" version="4" changeset="168664418" timestamp="2025-07-08T19:09:36Z" user="daniel_solow" uid="1954307" lat="40.6752243" lon="-73.8909591">
  <tag k="highway" v="traffic_signals"/>
  <tag k="traffic_signals" v="signal"/>
 </node>
 <node id="42474069" visible="true" version="2" changeset="2155102" timestamp="2009-08-15T16:16:16Z" user="woodpeck_fixbot" uid="147510" lat="40.6765630" lon="-73.8729860"/>
 <node id="42474349" visible="true" version="3" changeset="3436173" timestamp="2009-12-23T17:24:40Z" user="NE2" uid="207745" lat="40.6609880" lon="-73.8892000"/>
 <node id="42477831" visible="true" version="3" changeset="3547427" timestamp="2010-01-05T17:59:57Z" user="woodpeck_fixbot" uid="147510" lat="40.6651760" lon="-73.8912140"/>
 <node id="42478536" visible="true" version="4" changeset="168664418" timestamp="2025-07-08T19:09:36Z" user="daniel_solow" uid="1954307" lat="40.6748220" lon="-73.8936700">
  <tag k="highway" v="traffic_signals"/>
  <tag k="traffic_signals" v="signal"/>
 </node>
 <node id="42478540" visible="true" version="4" changeset="168664418" timestamp="2025-07-08T19:09:36Z" user="daniel_solow" uid="1954307" lat="40.6735820" lon="-73.8933520">
  <tag k="highway" v="stop"/>
 </node>
 <node id="42478543" visible="true" version="4" changeset="51243262" timestamp="2017-08-18T20:42:30Z" user="rrov1" uid="5404622" lat="40.6723150" lon="-73.8930280">
  <tag k="highway" v="traffic_signals"/>
 </node>
 <node id="42478547" visible="true" version="5" changeset="19233941" timestamp="2013-12-02T14:12:02Z" user="ingalls_nycbuildings" uid="1812841" lat="40.6710396" lon="-73.8927121"/>
 <node id="42478550" visible="true" version="4" changeset="51243262" timestamp="2017-08-18T20:42:30Z" user="rrov1" uid="5404622" lat="40.6697910" lon="-73.8923950">
  <tag k="highway" v="traffic_signals"/>
 </node>
 <node id="42478553" visible="true" version="3" changeset="3436173" timestamp="2009-12-23T17:24:39Z" user="NE2" uid="207745" lat="40.6682540" lon="-73.8920000"/>
 <node id="42478556" visible="true" version="3" changeset="3547427" timestamp="2010-01-05T17:59:59Z" user="woodpeck_fixbot" uid="147510" lat="40.6667160" lon="-73.8916100"/>
 <node id="42478561" visible="true" version="4" changeset="144075536" timestamp="2023-11-16T02:44:24Z" user="MxxCon" uid="384667" lat="40.6636477" lon="-73.8908300"/>
 <node id="42478643" visible="true" version="3" changeset="3547427" timestamp="2010-01-05T17:59:59Z" user="woodpeck_fixbot" uid="147510" lat="40.6629240" lon="-73.8906200"/>
 <node id="42485156" visible="true" version="3" changeset="3436173" timestamp="2009-12-23T17:24:58Z" user="NE2" uid="207745" lat="40.6746480" lon="-73.8861651"/>
 <node id="42485158" visible="true" version="4" changeset="153915948" timestamp="2024-07-14T04:36:47Z" user="isamah" uid="17496699" lat="40.6733801" lon="-73.8858403">
  <tag k="highway" v="traffic_signals"/>
  <tag k="traffic_signals" v="signal"/>
 </node>
 <node id="42488229" visible="true" version="2" changeset="2155102" timestamp="2009-08-15T16:17:24Z" user="woodpeck_fixbot" uid="147510" lat="40.6766720" lon="-73.8722280"/>
 <node id="42488976" visible="true" version="2" changeset="2155102" timestamp="2009-08-15T16:17:28Z" user="woodpeck_fixbot" uid="147510" lat="40.6764540" lon="-73.8737400"/>
 <node id="42495626" visible="true" version="3" changeset="51243262" timestamp="2017-08-18T20:42:30Z" user="rrov1" uid="5404622" lat="40.6731480" lon="-73.8961890">
  <tag k="highway" v="traffic_signals"/>
 </node>
 <node id="42495629" visible="true" version="3" changeset="51243262" timestamp="2017-08-18T20:42:30Z" user="rrov1" uid="5404622" lat="40.6718930" lon="-73.8958670">
  <tag k="highway" v="traffic_signals"/>
 </node>
 <node id="42495783" visible="true" version="3" changeset="51243262" timestamp="2017-08-18T20:42:30Z" user="rrov1" uid="5404622" lat="40.6733042" lon="-73.8951779">
  <tag k="highway" v="traffic_signals"/>
 </node>
 <node id="42495789" visible="true" version="4" changeset="187655785" timestamp="2026-08-18T18:48:39Z" user="TheBestIdea" uid="298513" lat="40.6720430" lon="-73.8948617">
  <tag k="highway" v="traffic_signals"/>
  <tag k="traffic_signals" v="signal"/>
 </node>
 <node id="42497119" visible="true" version="2" changeset="2155102" timestamp="2009-08-15T16:18:06Z" user="woodpeck_fixbot" uid="147510" lat="40.6750090" lon="-73.8837220"/>
 <node id="42497121" visible="true" version="2" changeset="2155102" timestamp="2009-08-15T16:18:06Z" user="woodpeck_fixbot" uid="147510" lat="40.6737410" lon="-73.8833980"/>
 <node id="42499698" visible="true" version="2" changeset="2155102" timestamp="2009-08-15T16:18:16Z" user="woodpeck_fixbot" uid="147510" lat="40.6743840" lon="-73.8879380"/>
 <node id="42499701" visible="true" version="2" changeset="2155102" timestamp="2009-08-15T16:18:17Z" user="woodpeck_fixbot" uid="147510" lat="40.6731170" lon="-73.8876130"/>
 <node id="42502233" visible="true" version="2" changeset="2155102" timestamp="2009-08-15T16:18:24Z" user="woodpeck_fixbot" uid="147510" lat="40.6755250" lon="-73.8801990"/>
 <node id="42502238" visible="true" version="2" changeset="2155102" timestamp="2009-08-15T16:18:24Z" user="woodpeck_fixbot" uid="147510" lat="40.6742550" lon="-73.8798820"/>
 <node id="42502332" visible="true" version="2" changeset="2155102" timestamp="2009-08-15T16:18:24Z" user="woodpeck_fixbot" uid="147510" lat="40.6747680" lon="-73.8853520"/>
 <node id="42502333" visible="true" version="3" changeset="153915948" timestamp="2024-07-14T04:36:47Z" user="isamah" uid="17496699" lat="40.6735000" lon="-73.8850270">
  <tag k="highway" v="traffic_signals"/>
  <tag k="traffic_signals" v="signal"/>
 </node>
 <node id="42504341" visible="true" version="3" changeset="168664418" timestamp="2025-07-08T19:09:36Z" user="daniel_solow" uid="1954307" lat="40.6745160" lon="-73.8870530">
  <tag k="highway" v="stop"/>
 </node>
 <node id="42504343" visible="true" version="2" changeset="2155102" timestamp="2009-08-15T16:18:32Z" user="woodpeck_fixbot" uid="147510" lat="40.6732480" lon="-73.8867280"/>
 <node id="42504659" visible="true" version="3" changeset="51243262" timestamp="2017-08-18T20:42:31Z" user="rrov1" uid="5404622" lat="40.6734430" lon="-73.8942800">
  <tag k="highway" v="traffic_signals"/>
 </node>
 <node id="42504671" visible="true" version="3" changeset="148596346" timestamp="2024-03-13T14:19:53Z" user="daniel_solow" uid="1954307" lat="40.6741170" lon="-73.8897430">
  <tag k="highway" v="stop"/>
 </node>
 <node id="42504674" visible="true" version="3" changeset="148596346" timestamp="2024-03-13T14:19:53Z" user="daniel_solow" uid="1954307" lat="40.6742510" lon="-73.8888380">
  <tag k="highway" v="stop"/>
 </node>
 <node id="42504683" visible="true" version="2" changeset="2155102" timestamp="2009-08-15T16:18:33Z" user="woodpeck_fixbot" uid="147510" lat="40.6748890" lon="-73.8845370"/>
 <node id="42504687" visible="true" version="2" changeset="2155102" timestamp="2009-08-15T16:18:33Z" user="woodpeck_fixbot" uid="147510" lat="40.6752600" lon="-73.8820220"/>
 <node id="42504689" visible="true" version="2" changeset="2155102" timestamp="2009-08-15T16:18:33Z" user="woodpeck_fixbot" uid="147510" lat="40.6753920" lon="-73.8811190"/>
 <node id="42504691" visible="true" version="2" changeset="2155102" timestamp="2009-08-15T16:18:33Z" user="woodpeck_fixbot" uid="147510" lat="40.6756570" lon="-73.8792750"/>
 <node id="42504696" visible="true" version="3" changeset="104517457" timestamp="2021-05-11T14:02:28Z" user="daniel_solow" uid="1954307" lat="40.6759230" lon="-73.8774310">
  <tag k="highway" v="traffic_signals"/>
  <tag k="traffic_signals" v="signal"/>
 </node>
 <node id="42504700" visible="true" version="3" changeset="104517457" timestamp="2021-05-11T14:02:28Z" user="daniel_solow" uid="1954307" lat="40.6760550" lon="-73.8765090">
  <tag k="highway" v="stop"/>
 </node>
 <node id="42504703" visible="true" version="2" changeset="2155102" timestamp="2009-08-15T16:18:33Z" user="woodpeck_fixbot" uid="147510" lat="40.6761890" lon="-73.8755880"/>
 <node id="42504706" visible="true" version="2" changeset="2155102" timestamp="2009-08-15T16:18:33Z" user="woodpeck_fixbot" uid="147510" lat="40.6763210" lon="-73.8746660"/>
 <node id="42511395" visible="true" version="4" changeset="149142197" timestamp="2024-03-25T17:37:39Z" user="haycam" uid="17496697" lat="40.6721738" lon="-73.8939546">
  <tag k="highway" v="traffic_signals"/>
 </node>
 <node id="42511571" visible="true" version="3" changeset="86719471" timestamp="2020-06-16T11:40:20Z" user="Emey_lyft" uid="10907417" lat="40.6728480" lon="-73.8894180">
  <tag k="highway" v="traffic_signals"/>
 </node>
 <node id="42511578" visible="true" version="2" changeset="2155102" timestamp="2009-08-15T16:19:03Z" user="woodpeck_fixbot" uid="147510" lat="40.6729830" lon="-73.8885150"/>
 <node id="42511590" visible="true" version="3" changeset="153915948" timestamp="2024-07-14T04:36:47Z" user="isamah" uid="17496699" lat="40.6736210" lon="-73.8842140">
  <tag k="highway" v="traffic_signals"/>
  <tag k="traffic_signals" v="signal"/>
 </node>
 <node id="42511599" visible="true" version="2" changeset="2155102" timestamp="2009-08-15T16:19:03Z" user="woodpeck_fixbot" uid="147510" lat="40.6739920" lon="-73.8817080"/>
 <node id="42511604" visible="true" version="2" changeset="2155102" timestamp="2009-08-15T16:19:03Z" user="woodpeck_fixbot" uid="147510" lat="40.6741210" lon="-73.8808030"/>
 <node id="42511608" visible="true" version="2" changeset="2155102" timestamp="2009-08-15T16:19:03Z" user="woodpeck_fixbot" uid="147510" lat="40.6743840" lon="-73.8789600"/>
 <node id="42511613" visible="true" version="4" changeset="168664418" timestamp="2025-07-08T19:09:36Z" user="daniel_solow" uid="1954307" lat="40.6746728" lon="-73.8771277">
  <tag k="highway" v="traffic_signals"/>
  <tag k="traffic_signals" v="signal"/>
 </node>
 <node id="42511617" visible="true" version="4" changeset="69383947" timestamp="2019-04-19T17:55:38Z" user="TheBestIdea" uid="298513" lat="40.6747975" lon="-73.8761898"/>
 <node id="357567449" visible="true" version="4" changeset="187005449" timestamp="2026-08-06T00:25:45Z" user="dkwolf" uid="1771944" lat="40.6710113" lon="-73.8935454"/>
 <node id="591993935" visible="true" version="4" changeset="86997016" timestamp="2020-06-22T20:00:27Z" user="clay_c" uid="119881" lat="40.6724646" lon="-73.8953389"/>
 <node id="591993944" visible="true" version="4" changeset="86997016" timestamp="2020-06-22T20:00:27Z" user="clay_c" uid="119881" lat="40.6722210" lon="-73.8938125"/>
 <node id="591993954" visible="true" version="4" changeset="86997016" timestamp="2020-06-22T20:00:27Z" user="clay_c" uid="119881" lat="40.6734295" lon="-73.8962414"/>
 <node id="591993958" visible="true" version="4" changeset="86997016" timestamp="2020-06-22T20:00:27Z" user="clay_c" uid="119881" lat="40.6728824" lon="-73.8959102"/>
 <node id="591993965" visible="true" version="5" changeset="86997016" timestamp="2020-06-22T20:00:27Z" user="clay_c" uid="119881" lat="40.6726532" lon="-73.8956503"/>
 <node id="591993985" visible="true" version="3" changeset="86997016" timestamp="2020-06-22T20:00:27Z" user="clay_c" uid="119881" lat="40.6759174" lon="-73.8968790"/>
 <node id="591993995" visible="true" version="4" changeset="86997016" timestamp="2020-06-22T20:00:27Z" user="clay_c" uid="119881" lat="40.6767504" lon="-73.8970985"/>
 <node id="591994322" visible="true" version="3" changeset="86997016" timestamp="2020-06-22T20:00:27Z" user="clay_c" uid="119881" lat="40.6733595" lon="-73.8861451"/>
 <node id="591994332" visible="true" version="3" changeset="157801758" timestamp="2024-10-12T15:37:49Z" user="jengelh" uid="1468043" lat="40.6748504" lon="-73.8759363">
  <tag k="railway" v="switch"/>
  <tag k="railway:switch" v="wye"/>
 </node>
 <node id="598622233" visible="true" version="3" changeset="132990815" timestamp="2023-02-25T02:11:07Z" user="MxxCon" uid="384667" lat="40.6759513" lon="-73.8939615"/>
 <node id="598622290" visible="true" version="3" changeset="132990815" timestamp="2023-02-25T02:11:07Z" user="MxxCon" uid="384667" lat="40.6760704" lon="-73.8930505">
  <tag k="highway" v="traffic_signals"/>
 </node>
 <node id="598622291" visible="true" version="3" changeset="132097909" timestamp="2023-02-05T05:53:55Z" user="MxxCon" uid="384667" lat="40.6763763" lon="-73.8912580"/>
 <node id="1942054849" visible="true" version="1" changeset="13328691" timestamp="2012-10-01T22:26:09Z" user="NE2" uid="207745" lat="40.6597705" lon="-73.8882958"/>
 <node id="1942054859" visible="true" version="1" changeset="13328691" timestamp="2012-10-01T22:26:09Z" user="NE2" uid="207745" lat="40.6601180" lon="-73.8874867"/>
 <node id="1942055006" visible="true" version="1" changeset="13328691" timestamp="2012-10-01T22:26:14Z" user="NE2" uid="207745" lat="40.6641698" lon="-73.8881510"/>
 <node id="2561304093" visible="true" version="2" changeset="20450186" timestamp="2014-02-08T17:12:07Z" user="ingalls" uid="305985" lat="40.6722190" lon="-73.8928420"/>
 <node id="2561304094" visible="true" version="1" changeset="19233941" timestamp="2013-12-02T14:10:54Z" user="ingalls_nycbuildings" uid="1812841" lat="40.6722975" lon="-73.8922287">
  <tag k="addr:housenumber" v="2176"/>
  <tag k="addr:postcode" v="11207"/>
  <tag k="addr:street" v="Pitkin Avenue"/>
 </node>
 <node id="2561304095" visible="true" version="1" changeset="19233941" timestamp="2013-12-02T14:10:54Z" user="ingalls_nycbuildings" uid="1812841" lat="40.6723413" lon="-73.8919383">
  <tag k="addr:housenumber" v="2178"/>
  <tag k="addr:postcode" v="11207"/>
  <tag k="addr:street" v="Pitkin Avenue"/>
 </node>
 <node id="2561304096" visible="true" version="1" changeset="19233941" timestamp="2013-12-02T14:10:54Z" user="ingalls_nycbuildings" uid="1812841" lat="40.6730547" lon="-73.8919655">
  <tag k="addr:housenumber" v="2181"/>
  <tag k="addr:postcode" v="11207"/>
  <tag k="addr:street" v="Pitkin Avenue"/>
 </node>
 <node id="2561304097" visible="true" version="1" changeset="19233941" timestamp="2013-12-02T14:10:54Z" user="ingalls_nycbuildings" uid="1812841" lat="40.6723677" lon="-73.8917619">
  <tag k="addr:housenumber" v="2186"/>
  <tag k="addr:postcode" v="11207"/>
  <tag k="addr:street" v="Pitkin Avenue"/>
 </node>
 <node id="2561304098" visible="true" version="1" changeset="19233941" timestamp="2013-12-02T14:10:54Z" user="ingalls_nycbuildings" uid="1812841" lat="40.6723807" lon="-73.8916750">
  <tag k="addr:housenumber" v="2188"/>
  <tag k="addr:postcode" v="11207"/>
  <tag k="addr:street" v="Pitkin Avenue"/>
 </node>
 <node id="2561304099" visible="true" version="1" changeset="19233941" timestamp="2013-12-02T14:10:55Z" user="ingalls_nycbuildings" uid="1812841" lat="40.6728202" lon="-73.8919410">
  <tag k="addr:housenumber" v="2189"/>
  <tag k="addr:postcode" v="11207"/>
  <tag k="addr:street" v="Pitkin Avenue"/>
 </node>
 <node id="2561304100" visible="true" version="1" changeset="19233941" timestamp="2013-12-02T14:10:55Z" user="ingalls_nycbuildings" uid="1812841" lat="40.6724336" lon="-73.8913209">
  <tag k="addr:housenumber" v="2200"/>
  <tag k="addr:postcode" v="11207"/>
  <tag k="addr:street" v="Pitkin Avenue"/>
 </node>
 <node id="2561304101" visible="true" version="1" changeset="19233941" timestamp="2013-12-02T14:10:55Z" user="ingalls_nycbuildings" uid="1812841" lat="40.6724821" lon="-73.8910225">
  <tag k="addr:housenumber" v="2206"/>
  <tag k="addr:postcode" v="11207"/>
  <tag k="addr:street" v="Pitkin Avenue"/>
 </node>
 <node id="2561304102" visible="true" version="1" changeset="19233941" timestamp="2013-12-02T14:10:55Z" user="ingalls_nycbuildings" uid="1812841" lat="40.6732381" lon="-73.8907391">
  <tag k="addr:housenumber" v="2219"/>
  <tag k="addr:postcode" v="11207"/>
  <tag k="addr:street" v="Pitkin Avenue"/>
 </node>
 <node id="2561304104" visible="true" version="1" changeset="19233941" timestamp="2013-12-02T14:10:55Z" user="ingalls_nycbuildings" uid="1812841" lat="40.6730009" lon="-73.8906618">
  <tag k="addr:housenumber" v="2221"/>
  <tag k="addr:postcode" v="11207"/>
  <tag k="addr:street" v="Pitkin Avenue"/>
 </node>
 <node id="2561304108" visible="true" version="1" changeset="19233941" timestamp="2013-12-02T14:10:55Z" user="ingalls_nycbuildings" uid="1812841" lat="40.6735290" lon="-73.8922667">
  <tag k="addr:housenumber" v="227"/>
  <tag k="addr:postcode" v="11207"/>
  <tag k="addr:street" v="Bradford Street"/>
 </node>
 <node id="2561304116" visible="true" version="1" changeset="19233941" timestamp="2013-12-02T14:10:56Z" user="ingalls_nycbuildings" uid="1812841" lat="40.6722194" lon="-73.8919417">
  <tag k="addr:housenumber" v="279"/>
  <tag k="addr:postcode" v="11207"/>
  <tag k="addr:street" v="Bradford Street"/>
 </node>
 <node id="2561304119" visible="true" version="1" changeset="19233941" timestamp="2013-12-02T14:10:56Z" user="ingalls_nycbuildings" uid="1812841" lat="40.6722383" lon="-73.8921935">
  <tag k="addr:housenumber" v="280"/>
  <tag k="addr:postcode" v="11207"/>
  <tag k="addr:street" v="Bradford Street"/>
 </node>
 <node id="2561304127" visible="true" version="1" changeset="19233941" timestamp="2013-12-02T14:10:56Z" user="ingalls_nycbuildings" uid="1812841" lat="40.6724211" lon="-73.8910571">
  <tag k="addr:housenumber" v="343"/>
  <tag k="addr:postcode" v="11207"/>
  <tag k="addr:street" v="Miller Avenue"/>
 </node>
 <node id="2561304128" visible="true" version="1" changeset="19233941" timestamp="2013-12-02T14:10:56Z" user="ingalls_nycbuildings" uid="1812841" lat="40.6724002" lon="-73.8912828">
  <tag k="addr:housenumber" v="344"/>
  <tag k="addr:postcode" v="11207"/>
  <tag k="addr:street" v="Miller Avenue"/>
 </node>
 <node id="2561304136" visible="true" version="1" changeset="19233941" timestamp="2013-12-02T14:10:56Z" user="ingalls_nycbuildings" uid="1812841" lat="40.6736368" lon="-73.8922680">
  <tag k="addr:housenumber" v="486"/>
  <tag k="addr:postcode" v="11207"/>
  <tag k="addr:street" v="Glenmore Avenue"/>
 </node>
 <node id="2561304166" visible="true" version="1" changeset="19233941" timestamp="2013-12-02T14:10:57Z" user="ingalls_nycbuildings" uid="1812841" lat="40.6710443" lon="-73.8933887"/>
 <node id="2561304169" visible="true" version="1" changeset="19233941" timestamp="2013-12-02T14:10:57Z" user="ingalls_nycbuildings" uid="1812841" lat="40.6710833" lon="-73.8934680"/>
 <node id="2561304170" visible="true" version="1" changeset="19233941" timestamp="2013-12-02T14:10:57Z" user="ingalls_nycbuildings" uid="1812841" lat="40.6710930" lon="-73.8934009"/>
 <node id="2561304172" visible="true" version="2" changeset="187005449" timestamp="2026-08-06T00:25:45Z" user="dkwolf" uid="1771944" lat="40.6710987" lon="-73.8935589"/>
 <node id="2561304174" visible="true" version="1" changeset="19233941" timestamp="2013-12-02T14:10:57Z" user="ingalls_nycbuildings" uid="1812841" lat="40.6711014" lon="-73.8929946"/>
 <node id="2561304175" visible="true" version="1" changeset="19233941" timestamp="2013-12-02T14:10:57Z" user="ingalls_nycbuildings" uid="1812841" lat="40.6711114" lon="-73.8934751"/>
 <node id="2561304178" visible="true" version="1" changeset="19233941" timestamp="2013-12-02T14:10:57Z" user="ingalls_nycbuildings" uid="1812841" lat="40.6711501" lon="-73.8930068"/>
 <node id="2561304180" visible="true" version="1" changeset="19233941" timestamp="2013-12-02T14:10:57Z" user="ingalls_nycbuildings" uid="1812841" lat="40.6711597" lon="-73.8929406"/>
 <node id="2561304183" visible="true" version="1" changeset="19233941" timestamp="2013-12-02T14:10:57Z" user="ingalls_nycbuildings" uid="1812841" lat="40.6711878" lon="-73.8929477"/>
 <node id="2561304185" visible="true" version="1" changeset="19233941" timestamp="2013-12-02T14:10:57Z" user="ingalls_nycbuildings" uid="1812841" lat="40.6712009" lon="-73.8928574"/>
 <node id="2561304333" visible="true" version="2" changeset="187005449" timestamp="2026-08-06T00:25:45Z" user="dkwolf" uid="1771944" lat="40.6715842" lon="-73.8936749"/>
 <node id="2561304342" visible="true" version="2" changeset="187005449" timestamp="2026-08-06T00:25:45Z" user="dkwolf" uid="1771944" lat="40.6715949" lon="-73.8935958"/>
 <node id="2561304366" visible="true" version="1" changeset="19233941" timestamp="2013-12-02T14:11:01Z" user="ingalls_nycbuildings" uid="1812841" lat="40.6716235" lon="-73.8936031"/>
 <node id="2561304371" visible="true" version="1" changeset="19233941" timestamp="2013-12-02T14:11:01Z" user="ingalls_nycbuildings" uid="1812841" lat="40.6716332" lon="-73.8935359"/>
 <node id="2561304388" visible="true" version="1" changeset="19233941" timestamp="2013-12-02T14:11:02Z" user="ingalls_nycbuildings" uid="1812841" lat="40.6716682" lon="-73.8930677"/>
 <node id="2561304389" visible="true" version="1" changeset="19233941" timestamp="2013-12-02T14:11:02Z" user="ingalls_nycbuildings" uid="1812841" lat="40.6716687" lon="-73.8936944"/>
 <node id="2561304398" visible="true" version="1" changeset="19233941" timestamp="2013-12-02T14:11:02Z" user="ingalls_nycbuildings" uid="1812841" lat="40.6716813" lon="-73.8929775"/>
 <node id="2561304406" visible="true" version="1" changeset="19233941" timestamp="2013-12-02T14:11:02Z" user="ingalls_nycbuildings" uid="1812841" lat="40.6716896" lon="-73.8935500"/>
 <node id="2561304407" visible="true" version="1" changeset="19233941" timestamp="2013-12-02T14:11:02Z" user="ingalls_nycbuildings" uid="1812841" lat="40.6716903" lon="-73.8931418"/>
 <node id="2561304425" visible="true" version="1" changeset="19233941" timestamp="2013-12-02T14:11:02Z" user="ingalls_nycbuildings" uid="1812841" lat="40.6716999" lon="-73.8930757"/>
 <node id="2561304476" visible="true" version="1" changeset="19233941" timestamp="2013-12-02T14:11:03Z" user="ingalls_nycbuildings" uid="1812841" lat="40.6717467" lon="-73.8931559"/>
 <node id="2561304504" visible="true" version="1" changeset="19233941" timestamp="2013-12-02T14:11:03Z" user="ingalls_nycbuildings" uid="1812841" lat="40.6717672" lon="-73.8930146"/>
 <node id="2561304702" visible="true" version="4" changeset="153916225" timestamp="2024-07-14T04:59:56Z" user="isamah" uid="17496699" lat="40.6720303" lon="-73.8949477">
  <tag k="crossing" v="traffic_signals"/>
  <tag k="crossing:island" v="no"/>
  <tag k="crossing:markings" v="zebra"/>
  <tag k="crossing:signals" v="yes"/>
  <tag k="highway" v="crossing"/>
 </node>
 <node id="2561304712" visible="true" version="1" changeset="19233941" timestamp="2013-12-02T14:11:08Z" user="ingalls_nycbuildings" uid="1812841" lat="40.6720450" lon="-73.8922787"/>
 <node id="2561304722" visible="true" version="1" changeset="19233941" timestamp="2013-12-02T14:11:08Z" user="ingalls_nycbuildings" uid="1812841" lat="40.6720555" lon="-73.8922089"/>
 <node id="2561304723" visible="true" version="1" changeset="19233941" timestamp="2013-12-02T14:11:08Z" user="ingalls_nycbuildings" uid="1812841" lat="40.6720561" lon="-73.8928781"/>
 <node id="2561304733" visible="true" version="1" changeset="19233941" timestamp="2013-12-02T14:11:09Z" user="ingalls_nycbuildings" uid="1812841" lat="40.6720676" lon="-73.8928024"/>
 <node id="2561304738" visible="true" version="1" changeset="19233941" timestamp="2013-12-02T14:11:09Z" user="ingalls_nycbuildings" uid="1812841" lat="40.6720782" lon="-73.8927321"/>
 <node id="2561304742" visible="true" version="1" changeset="19233941" timestamp="2013-12-02T14:11:09Z" user="ingalls_nycbuildings" uid="1812841" lat="40.6720844" lon="-73.8919275"/>
 <node id="2561304743" visible="true" version="2" changeset="187005449" timestamp="2026-08-06T00:25:45Z" user="dkwolf" uid="1771944" lat="40.6720858" lon="-73.8937952"/>
 <node id="2561304745" visible="true" version="1" changeset="19233941" timestamp="2013-12-02T14:11:09Z" user="ingalls_nycbuildings" uid="1812841" lat="40.6720892" lon="-73.8926597"/>
 <node id="2561304748" visible="true" version="1" changeset="19233941" timestamp="2013-12-02T14:11:09Z" user="ingalls_nycbuildings" uid="1812841" lat="40.6720919" lon="-73.8918768"/>
 <node id="2561304752" visible="true" version="1" changeset="19233941" timestamp="2013-12-02T14:11:09Z" user="ingalls_nycbuildings" uid="1812841" lat="40.6720975" lon="-73.8918395"/>
 <node id="2561304753" visible="true" version="1" changeset="19233941" timestamp="2013-12-02T14:11:09Z" user="ingalls_nycbuildings" uid="1812841" lat="40.6720998" lon="-73.8925896"/>
 <node id="2561304754" visible="true" version="1" changeset="19233941" timestamp="2013-12-02T14:11:09Z" user="ingalls_nycbuildings" uid="1812841" lat="40.6721000" lon="-73.8905830"/>
 <node id="2561304757" visible="true" version="1" changeset="19233941" timestamp="2013-12-02T14:11:09Z" user="ingalls_nycbuildings" uid="1812841" lat="40.6721059" lon="-73.8914168"/>
 <node id="2561304761" visible="true" version="1" changeset="19233941" timestamp="2013-12-02T14:11:09Z" user="ingalls_nycbuildings" uid="1812841" lat="40.6721108" lon="-73.8925168"/>
 <node id="2561304765" visible="true" version="1" changeset="19233941" timestamp="2013-12-02T14:11:09Z" user="ingalls_nycbuildings" uid="1812841" lat="40.6721181" lon="-73.8904604"/>
 <node id="2561304767" visible="true" version="1" changeset="19233941" timestamp="2013-12-02T14:11:09Z" user="ingalls_nycbuildings" uid="1812841" lat="40.6721196" lon="-73.8927602"/>
 <node id="2561304768" visible="true" version="1" changeset="19233941" timestamp="2013-12-02T14:11:09Z" user="ingalls_nycbuildings" uid="1812841" lat="40.6721218" lon="-73.8924445"/>
 <node id="2561304769" visible="true" version="1" changeset="19233941" timestamp="2013-12-02T14:11:09Z" user="ingalls_nycbuildings" uid="1812841" lat="40.6721221" lon="-73.8927435"/>
 <node id="2561304770" visible="true" version="1" changeset="19233941" timestamp="2013-12-02T14:11:09Z" user="ingalls_nycbuildings" uid="1812841" lat="40.6721248" lon="-73.8927258"/>
 <node id="2561304771" visible="true" version="1" changeset="19233941" timestamp="2013-12-02T14:11:09Z" user="ingalls_nycbuildings" uid="1812841" lat="40.6721258" lon="-73.8922272"/>
 <node id="2561304774" visible="true" version="1" changeset="19233941" timestamp="2013-12-02T14:11:09Z" user="ingalls_nycbuildings" uid="1812841" lat="40.6721307" lon="-73.8912503"/>
 <node id="2561304775" visible="true" version="1" changeset="19233941" timestamp="2013-12-02T14:11:09Z" user="ingalls_nycbuildings" uid="1812841" lat="40.6721323" lon="-73.8923751"/>
 <node id="2561304776" visible="true" version="1" changeset="19233941" timestamp="2013-12-02T14:11:10Z" user="ingalls_nycbuildings" uid="1812841" lat="40.6721362" lon="-73.8903388"/>
 <node id="2561304778" visible="true" version="1" changeset="19233941" timestamp="2013-12-02T14:11:10Z" user="ingalls_nycbuildings" uid="1812841" lat="40.6721385" lon="-73.8905929"/>
 <node id="2561304780" visible="true" version="1" changeset="19233941" timestamp="2013-12-02T14:11:10Z" user="ingalls_nycbuildings" uid="1812841" lat="40.6721410" lon="-73.8926185"/>
 <node id="2561304781" visible="true" version="1" changeset="19233941" timestamp="2013-12-02T14:11:10Z" user="ingalls_nycbuildings" uid="1812841" lat="40.6721430" lon="-73.8923044"/>
 <node id="2561304782" visible="true" version="1" changeset="19233941" timestamp="2013-12-02T14:11:10Z" user="ingalls_nycbuildings" uid="1812841" lat="40.6721437" lon="-73.8926011"/>
 <node id="2561304785" visible="true" version="1" changeset="19233941" timestamp="2013-12-02T14:11:10Z" user="ingalls_nycbuildings" uid="1812841" lat="40.6721460" lon="-73.8925856"/>
 <node id="2561304786" visible="true" version="1" changeset="19233941" timestamp="2013-12-02T14:11:10Z" user="ingalls_nycbuildings" uid="1812841" lat="40.6721536" lon="-73.8922345"/>
 <node id="2561304788" visible="true" version="1" changeset="19233941" timestamp="2013-12-02T14:11:10Z" user="ingalls_nycbuildings" uid="1812841" lat="40.6721567" lon="-73.8904703"/>
 <node id="2561304789" visible="true" version="1" changeset="19233941" timestamp="2013-12-02T14:11:10Z" user="ingalls_nycbuildings" uid="1812841" lat="40.6721585" lon="-73.8914304"/>
 <node id="2561304790" visible="true" version="1" changeset="19233941" timestamp="2013-12-02T14:11:10Z" user="ingalls_nycbuildings" uid="1812841" lat="40.6721597" lon="-73.8905091"/>
 <node id="2561304791" visible="true" version="1" changeset="19233941" timestamp="2013-12-02T14:11:10Z" user="ingalls_nycbuildings" uid="1812841" lat="40.6721604" lon="-73.8927708"/>
 <node id="2561304794" visible="true" version="1" changeset="19233941" timestamp="2013-12-02T14:11:10Z" user="ingalls_nycbuildings" uid="1812841" lat="40.6721629" lon="-73.8924746"/>
 <node id="2561304795" visible="true" version="1" changeset="19233941" timestamp="2013-12-02T14:11:10Z" user="ingalls_nycbuildings" uid="1812841" lat="40.6721629" lon="-73.8927542"/>
 <node id="2561304798" visible="true" version="1" changeset="19233941" timestamp="2013-12-02T14:11:10Z" user="ingalls_nycbuildings" uid="1812841" lat="40.6721643" lon="-73.8921639"/>
 <node id="2561304801" visible="true" version="1" changeset="19233941" timestamp="2013-12-02T14:11:10Z" user="ingalls_nycbuildings" uid="1812841" lat="40.6721651" lon="-73.8904725"/>
 <node id="2561304802" visible="true" version="1" changeset="19233941" timestamp="2013-12-02T14:11:10Z" user="ingalls_nycbuildings" uid="1812841" lat="40.6721656" lon="-73.8927365"/>
 <node id="2561304803" visible="true" version="1" changeset="19233941" timestamp="2013-12-02T14:11:10Z" user="ingalls_nycbuildings" uid="1812841" lat="40.6721657" lon="-73.8924560"/>
 <node id="2561304804" visible="true" version="1" changeset="19233941" timestamp="2013-12-02T14:11:10Z" user="ingalls_nycbuildings" uid="1812841" lat="40.6721674" lon="-73.8924448"/>
 <node id="2561304805" visible="true" version="1" changeset="19233941" timestamp="2013-12-02T14:11:10Z" user="ingalls_nycbuildings" uid="1812841" lat="40.6721679" lon="-73.8905324"/>
 <node id="2561304806" visible="true" version="1" changeset="19233941" timestamp="2013-12-02T14:11:10Z" user="ingalls_nycbuildings" uid="1812841" lat="40.6721709" lon="-73.8905119"/>
 <node id="2561304807" visible="true" version="1" changeset="19233941" timestamp="2013-12-02T14:11:10Z" user="ingalls_nycbuildings" uid="1812841" lat="40.6721745" lon="-73.8914013"/>
 <node id="2561304808" visible="true" version="1" changeset="19233941" timestamp="2013-12-02T14:11:10Z" user="ingalls_nycbuildings" uid="1812841" lat="40.6721777" lon="-73.8913013"/>
 <node id="2561304811" visible="true" version="1" changeset="19233941" timestamp="2013-12-02T14:11:10Z" user="ingalls_nycbuildings" uid="1812841" lat="40.6721819" lon="-73.8926292"/>
 <node id="2561304812" visible="true" version="1" changeset="19233941" timestamp="2013-12-02T14:11:10Z" user="ingalls_nycbuildings" uid="1812841" lat="40.6721832" lon="-73.8903508"/>
 <node id="2561304813" visible="true" version="1" changeset="19233941" timestamp="2013-12-02T14:11:10Z" user="ingalls_nycbuildings" uid="1812841" lat="40.6721833" lon="-73.8912638"/>
 <node id="2561304814" visible="true" version="1" changeset="19233941" timestamp="2013-12-02T14:11:10Z" user="ingalls_nycbuildings" uid="1812841" lat="40.6721841" lon="-73.8923345"/>
 <node id="2561304815" visible="true" version="1" changeset="19233941" timestamp="2013-12-02T14:11:10Z" user="ingalls_nycbuildings" uid="1812841" lat="40.6721843" lon="-73.8931189"/>
 <node id="2561304816" visible="true" version="1" changeset="19233941" timestamp="2013-12-02T14:11:10Z" user="ingalls_nycbuildings" uid="1812841" lat="40.6721845" lon="-73.8926118"/>
 <node id="2561304818" visible="true" version="1" changeset="19233941" timestamp="2013-12-02T14:11:10Z" user="ingalls_nycbuildings" uid="1812841" lat="40.6721868" lon="-73.8925963"/>
 <node id="2561304819" visible="true" version="1" changeset="19233941" timestamp="2013-12-02T14:11:10Z" user="ingalls_nycbuildings" uid="1812841" lat="40.6721869" lon="-73.8923158"/>
 <node id="2561304820" visible="true" version="1" changeset="19233941" timestamp="2013-12-02T14:11:10Z" user="ingalls_nycbuildings" uid="1812841" lat="40.6721889" lon="-73.8923029"/>
 <node id="2561304821" visible="true" version="1" changeset="19233941" timestamp="2013-12-02T14:11:11Z" user="ingalls_nycbuildings" uid="1812841" lat="40.6721890" lon="-73.8913042"/>
 <node id="2561304822" visible="true" version="1" changeset="19233941" timestamp="2013-12-02T14:11:11Z" user="ingalls_nycbuildings" uid="1812841" lat="40.6721896" lon="-73.8905380"/>
 <node id="2561304824" visible="true" version="1" changeset="19233941" timestamp="2013-12-02T14:11:11Z" user="ingalls_nycbuildings" uid="1812841" lat="40.6721907" lon="-73.8912142"/>
 <node id="2561304825" visible="true" version="1" changeset="19233941" timestamp="2013-12-02T14:11:11Z" user="ingalls_nycbuildings" uid="1812841" lat="40.6721981" lon="-73.8904809"/>
 <node id="2561304827" visible="true" version="1" changeset="19233941" timestamp="2013-12-02T14:11:11Z" user="ingalls_nycbuildings" uid="1812841" lat="40.6722026" lon="-73.8905200"/>
 <node id="2561304828" visible="true" version="1" changeset="19233941" timestamp="2013-12-02T14:11:11Z" user="ingalls_nycbuildings" uid="1812841" lat="40.6722037" lon="-73.8924853"/>
 <node id="2561304829" visible="true" version="1" changeset="19233941" timestamp="2013-12-02T14:11:11Z" user="ingalls_nycbuildings" uid="1812841" lat="40.6722062" lon="-73.8918675"/>
 <node id="2561304830" visible="true" version="1" changeset="19233941" timestamp="2013-12-02T14:11:11Z" user="ingalls_nycbuildings" uid="1812841" lat="40.6722065" lon="-73.8924667"/>
 <node id="2561304831" visible="true" version="1" changeset="19233941" timestamp="2013-12-02T14:11:11Z" user="ingalls_nycbuildings" uid="1812841" lat="40.6722075" lon="-73.8929177"/>
 <node id="2561304832" visible="true" version="1" changeset="19233941" timestamp="2013-12-02T14:11:11Z" user="ingalls_nycbuildings" uid="1812841" lat="40.6722080" lon="-73.8904834"/>
 <node id="2561304833" visible="true" version="1" changeset="19233941" timestamp="2013-12-02T14:11:11Z" user="ingalls_nycbuildings" uid="1812841" lat="40.6722082" lon="-73.8924554"/>
 <node id="2561304837" visible="true" version="1" changeset="19233941" timestamp="2013-12-02T14:11:11Z" user="ingalls_nycbuildings" uid="1812841" lat="40.6722150" lon="-73.8914117"/>
 <node id="2561304839" visible="true" version="1" changeset="19233941" timestamp="2013-12-02T14:11:11Z" user="ingalls_nycbuildings" uid="1812841" lat="40.6722204" lon="-73.8917721"/>
 <node id="2561304841" visible="true" version="1" changeset="19233941" timestamp="2013-12-02T14:11:11Z" user="ingalls_nycbuildings" uid="1812841" lat="40.6722249" lon="-73.8923451"/>
 <node id="2561304842" visible="true" version="1" changeset="19233941" timestamp="2013-12-02T14:11:11Z" user="ingalls_nycbuildings" uid="1812841" lat="40.6722260" lon="-73.8903618"/>
 <node id="2561304843" visible="true" version="1" changeset="19233941" timestamp="2013-12-02T14:11:11Z" user="ingalls_nycbuildings" uid="1812841" lat="40.6722263" lon="-73.8910239"/>
 <node id="2561304844" visible="true" version="1" changeset="19233941" timestamp="2013-12-02T14:11:11Z" user="ingalls_nycbuildings" uid="1812841" lat="40.6722277" lon="-73.8923265"/>
 <node id="2561304846" visible="true" version="1" changeset="19233941" timestamp="2013-12-02T14:11:11Z" user="ingalls_nycbuildings" uid="1812841" lat="40.6722295" lon="-73.8913146"/>
 <node id="2561304847" visible="true" version="1" changeset="19233941" timestamp="2013-12-02T14:11:11Z" user="ingalls_nycbuildings" uid="1812841" lat="40.6722296" lon="-73.8927717"/>
 <node id="2561304848" visible="true" version="1" changeset="19233941" timestamp="2013-12-02T14:11:11Z" user="ingalls_nycbuildings" uid="1812841" lat="40.6722297" lon="-73.8923135"/>
 <node id="2561304850" visible="true" version="1" changeset="19233941" timestamp="2013-12-02T14:11:11Z" user="ingalls_nycbuildings" uid="1812841" lat="40.6722367" lon="-73.8905288"/>
 <node id="2561304852" visible="true" version="1" changeset="19233941" timestamp="2013-12-02T14:11:11Z" user="ingalls_nycbuildings" uid="1812841" lat="40.6722406" lon="-73.8926993"/>
 <node id="2561304853" visible="true" version="1" changeset="19233941" timestamp="2013-12-02T14:11:11Z" user="ingalls_nycbuildings" uid="1812841" lat="40.6722426" lon="-73.8904888"/>
 <node id="2561304854" visible="true" version="1" changeset="19233941" timestamp="2013-12-02T14:11:11Z" user="ingalls_nycbuildings" uid="1812841" lat="40.6722431" lon="-73.8909145"/>
 <node id="2561304855" visible="true" version="1" changeset="19233941" timestamp="2013-12-02T14:11:11Z" user="ingalls_nycbuildings" uid="1812841" lat="40.6722448" lon="-73.8905308"/>
 <node id="2561304856" visible="true" version="1" changeset="19233941" timestamp="2013-12-02T14:11:11Z" user="ingalls_nycbuildings" uid="1812841" lat="40.6722465" lon="-73.8915973"/>
 <node id="2561304857" visible="true" version="1" changeset="19233941" timestamp="2013-12-02T14:11:12Z" user="ingalls_nycbuildings" uid="1812841" lat="40.6722508" lon="-73.8904908"/>
 <node id="2561304858" visible="true" version="1" changeset="19233941" timestamp="2013-12-02T14:11:12Z" user="ingalls_nycbuildings" uid="1812841" lat="40.6722512" lon="-73.8926292"/>
 <node id="2561304860" visible="true" version="1" changeset="19233941" timestamp="2013-12-02T14:11:12Z" user="ingalls_nycbuildings" uid="1812841" lat="40.6722600" lon="-73.8915066"/>
 <node id="2561304861" visible="true" version="1" changeset="19233941" timestamp="2013-12-02T14:11:12Z" user="ingalls_nycbuildings" uid="1812841" lat="40.6722623" lon="-73.8925564"/>
 <node id="2561304864" visible="true" version="1" changeset="19233941" timestamp="2013-12-02T14:11:12Z" user="ingalls_nycbuildings" uid="1812841" lat="40.6722683" lon="-73.8903726"/>
 <node id="2561304865" visible="true" version="1" changeset="19233941" timestamp="2013-12-02T14:11:12Z" user="ingalls_nycbuildings" uid="1812841" lat="40.6722727" lon="-73.8914216"/>
 <node id="2561304866" visible="true" version="1" changeset="19233941" timestamp="2013-12-02T14:11:12Z" user="ingalls_nycbuildings" uid="1812841" lat="40.6722732" lon="-73.8924841"/>
 <node id="2561304869" visible="true" version="1" changeset="19233941" timestamp="2013-12-02T14:11:12Z" user="ingalls_nycbuildings" uid="1812841" lat="40.6722806" lon="-73.8905400"/>
 <node id="2561304870" visible="true" version="1" changeset="19233941" timestamp="2013-12-02T14:11:12Z" user="ingalls_nycbuildings" uid="1812841" lat="40.6722837" lon="-73.8924147"/>
 <node id="2561304871" visible="true" version="1" changeset="19233941" timestamp="2013-12-02T14:11:12Z" user="ingalls_nycbuildings" uid="1812841" lat="40.6722864" lon="-73.8913293"/>
 <node id="2561304872" visible="true" version="1" changeset="19233941" timestamp="2013-12-02T14:11:12Z" user="ingalls_nycbuildings" uid="1812841" lat="40.6722866" lon="-73.8905000"/>
 <node id="2561304874" visible="true" version="1" changeset="19233941" timestamp="2013-12-02T14:11:12Z" user="ingalls_nycbuildings" uid="1812841" lat="40.6722945" lon="-73.8923440"/>
 <node id="2561304875" visible="true" version="1" changeset="19233941" timestamp="2013-12-02T14:11:12Z" user="ingalls_nycbuildings" uid="1812841" lat="40.6722955" lon="-73.8908837"/>
 <node id="2561304876" visible="true" version="1" changeset="19233941" timestamp="2013-12-02T14:11:12Z" user="ingalls_nycbuildings" uid="1812841" lat="40.6722957" lon="-73.8905023"/>
 <node id="2561304877" visible="true" version="1" changeset="19233941" timestamp="2013-12-02T14:11:12Z" user="ingalls_nycbuildings" uid="1812841" lat="40.6723043" lon="-73.8908245"/>
 <node id="2561304878" visible="true" version="1" changeset="19233941" timestamp="2013-12-02T14:11:12Z" user="ingalls_nycbuildings" uid="1812841" lat="40.6723050" lon="-73.8904767"/>
 <node id="2561304879" visible="true" version="1" changeset="19233941" timestamp="2013-12-02T14:11:12Z" user="ingalls_nycbuildings" uid="1812841" lat="40.6723050" lon="-73.8922741"/>
 <node id="2561304881" visible="true" version="1" changeset="19233941" timestamp="2013-12-02T14:11:12Z" user="ingalls_nycbuildings" uid="1812841" lat="40.6723132" lon="-73.8903841"/>
 <node id="2561304883" visible="true" version="1" changeset="19233941" timestamp="2013-12-02T14:11:12Z" user="ingalls_nycbuildings" uid="1812841" lat="40.6723156" lon="-73.8910475"/>
 <node id="2561304884" visible="true" version="1" changeset="19233941" timestamp="2013-12-02T14:11:12Z" user="ingalls_nycbuildings" uid="1812841" lat="40.6723157" lon="-73.8922034"/>
 <node id="2561304885" visible="true" version="1" changeset="19233941" timestamp="2013-12-02T14:11:12Z" user="ingalls_nycbuildings" uid="1812841" lat="40.6723163" lon="-73.8904008"/>
 <node id="2561304887" visible="true" version="1" changeset="19233941" timestamp="2013-12-02T14:11:12Z" user="ingalls_nycbuildings" uid="1812841" lat="40.6723238" lon="-73.8906823"/>
 <node id="2561304888" visible="true" version="1" changeset="19233941" timestamp="2013-12-02T14:11:12Z" user="ingalls_nycbuildings" uid="1812841" lat="40.6723324" lon="-73.8909381"/>
 <node id="2561304889" visible="true" version="1" changeset="19233941" timestamp="2013-12-02T14:11:12Z" user="ingalls_nycbuildings" uid="1812841" lat="40.6723330" lon="-73.8908241"/>
 <node id="2561304890" visible="true" version="1" changeset="19233941" timestamp="2013-12-02T14:11:12Z" user="ingalls_nycbuildings" uid="1812841" lat="40.6723337" lon="-73.8906162"/>
 <node id="2561304891" visible="true" version="1" changeset="19233941" timestamp="2013-12-02T14:11:12Z" user="ingalls_nycbuildings" uid="1812841" lat="40.6723339" lon="-73.8913415"/>
 <node id="2561304893" visible="true" version="1" changeset="19233941" timestamp="2013-12-02T14:11:12Z" user="ingalls_nycbuildings" uid="1812841" lat="40.6723428" lon="-73.8907582"/>
 <node id="2561304894" visible="true" version="1" changeset="19233941" timestamp="2013-12-02T14:11:12Z" user="ingalls_nycbuildings" uid="1812841" lat="40.6723430" lon="-73.8919940"/>
 <node id="2561304895" visible="true" version="1" changeset="19233941" timestamp="2013-12-02T14:11:12Z" user="ingalls_nycbuildings" uid="1812841" lat="40.6723469" lon="-73.8912543"/>
 <node id="2561304896" visible="true" version="1" changeset="19233941" timestamp="2013-12-02T14:11:12Z" user="ingalls_nycbuildings" uid="1812841" lat="40.6723561" lon="-73.8919060"/>
 <node id="2561304897" visible="true" version="1" changeset="19233941" timestamp="2013-12-02T14:11:12Z" user="ingalls_nycbuildings" uid="1812841" lat="40.6723592" lon="-73.8908387"/>
 <node id="2561304898" visible="true" version="1" changeset="19233941" timestamp="2013-12-02T14:11:12Z" user="ingalls_nycbuildings" uid="1812841" lat="40.6723603" lon="-73.8908312"/>
 <node id="2561304900" visible="true" version="1" changeset="19233941" timestamp="2013-12-02T14:11:12Z" user="ingalls_nycbuildings" uid="1812841" lat="40.6723679" lon="-73.8906251"/>
 <node id="2561304902" visible="true" version="1" changeset="19233941" timestamp="2013-12-02T14:11:12Z" user="ingalls_nycbuildings" uid="1812841" lat="40.6723702" lon="-73.8907652"/>
 <node id="2561304903" visible="true" version="1" changeset="19233941" timestamp="2013-12-02T14:11:12Z" user="ingalls_nycbuildings" uid="1812841" lat="40.6723703" lon="-73.8918107"/>
 <node id="2561304904" visible="true" version="1" changeset="19233941" timestamp="2013-12-02T14:11:12Z" user="ingalls_nycbuildings" uid="1812841" lat="40.6723746" lon="-73.8904947"/>
 <node id="2561304905" visible="true" version="1" changeset="19233941" timestamp="2013-12-02T14:11:12Z" user="ingalls_nycbuildings" uid="1812841" lat="40.6723766" lon="-73.8905670"/>
 <node id="2561304906" visible="true" version="1" changeset="19233941" timestamp="2013-12-02T14:11:12Z" user="ingalls_nycbuildings" uid="1812841" lat="40.6723800" lon="-73.8904961"/>
 <node id="2561304907" visible="true" version="1" changeset="19233941" timestamp="2013-12-02T14:11:12Z" user="ingalls_nycbuildings" uid="1812841" lat="40.6723804" lon="-73.8906969"/>
 <node id="2561304909" visible="true" version="1" changeset="19233941" timestamp="2013-12-02T14:11:13Z" user="ingalls_nycbuildings" uid="1812841" lat="40.6723859" lon="-73.8904188"/>
 <node id="2561304910" visible="true" version="1" changeset="19233941" timestamp="2013-12-02T14:11:13Z" user="ingalls_nycbuildings" uid="1812841" lat="40.6723913" lon="-73.8904202"/>
 <node id="2561304912" visible="true" version="1" changeset="19233941" timestamp="2013-12-02T14:11:13Z" user="ingalls_nycbuildings" uid="1812841" lat="40.6723964" lon="-73.8916358"/>
 <node id="2561304913" visible="true" version="1" changeset="19233941" timestamp="2013-12-02T14:11:13Z" user="ingalls_nycbuildings" uid="1812841" lat="40.6723990" lon="-73.8905728"/>
 <node id="2561304914" visible="true" version="1" changeset="19233941" timestamp="2013-12-02T14:11:13Z" user="ingalls_nycbuildings" uid="1812841" lat="40.6723998" lon="-73.8905672"/>
 <node id="2561304915" visible="true" version="1" changeset="19233941" timestamp="2013-12-02T14:11:13Z" user="ingalls_nycbuildings" uid="1812841" lat="40.6724016" lon="-73.8903515"/>
 <node id="2561304916" visible="true" version="1" changeset="19233941" timestamp="2013-12-02T14:11:13Z" user="ingalls_nycbuildings" uid="1812841" lat="40.6724049" lon="-73.8910712"/>
 <node id="2561304917" visible="true" version="1" changeset="19233941" timestamp="2013-12-02T14:11:13Z" user="ingalls_nycbuildings" uid="1812841" lat="40.6724094" lon="-73.8905037"/>
 <node id="2561304918" visible="true" version="1" changeset="19233941" timestamp="2013-12-02T14:11:13Z" user="ingalls_nycbuildings" uid="1812841" lat="40.6724099" lon="-73.8915452"/>
 <node id="2561304919" visible="true" version="1" changeset="19233941" timestamp="2013-12-02T14:11:13Z" user="ingalls_nycbuildings" uid="1812841" lat="40.6724109" lon="-73.8908619"/>
 <node id="2561304920" visible="true" version="1" changeset="19233941" timestamp="2013-12-02T14:11:13Z" user="ingalls_nycbuildings" uid="1812841" lat="40.6724134" lon="-73.8908449"/>
 <node id="2561304921" visible="true" version="1" changeset="19233941" timestamp="2013-12-02T14:11:13Z" user="ingalls_nycbuildings" uid="1812841" lat="40.6724160" lon="-73.8908278"/>
 <node id="2561304924" visible="true" version="1" changeset="19233941" timestamp="2013-12-02T14:11:13Z" user="ingalls_nycbuildings" uid="1812841" lat="40.6724217" lon="-73.8909618"/>
 <node id="2561304925" visible="true" version="1" changeset="19233941" timestamp="2013-12-02T14:11:13Z" user="ingalls_nycbuildings" uid="1812841" lat="40.6724226" lon="-73.8914602"/>
 <node id="2561304928" visible="true" version="1" changeset="19233941" timestamp="2013-12-02T14:11:13Z" user="ingalls_nycbuildings" uid="1812841" lat="40.6724260" lon="-73.8909343"/>
 <node id="2561304931" visible="true" version="1" changeset="19233941" timestamp="2013-12-02T14:11:13Z" user="ingalls_nycbuildings" uid="1812841" lat="40.6724299" lon="-73.8908668"/>
 <node id="2561304933" visible="true" version="1" changeset="19233941" timestamp="2013-12-02T14:11:13Z" user="ingalls_nycbuildings" uid="1812841" lat="40.6724311" lon="-73.8907269"/>
 <node id="2561304934" visible="true" version="1" changeset="19233941" timestamp="2013-12-02T14:11:13Z" user="ingalls_nycbuildings" uid="1812841" lat="40.6724325" lon="-73.8908498"/>
 <node id="2561304935" visible="true" version="1" changeset="19233941" timestamp="2013-12-02T14:11:13Z" user="ingalls_nycbuildings" uid="1812841" lat="40.6724335" lon="-73.8907106"/>
 <node id="2561304936" visible="true" version="1" changeset="19233941" timestamp="2013-12-02T14:11:13Z" user="ingalls_nycbuildings" uid="1812841" lat="40.6724350" lon="-73.8908327"/>
 <node id="2561304937" visible="true" version="1" changeset="19233941" timestamp="2013-12-02T14:11:13Z" user="ingalls_nycbuildings" uid="1812841" lat="40.6724353" lon="-73.8906986"/>
 <node id="2561304938" visible="true" version="1" changeset="19233941" timestamp="2013-12-02T14:11:13Z" user="ingalls_nycbuildings" uid="1812841" lat="40.6724364" lon="-73.8913678"/>
 <node id="2561304940" visible="true" version="1" changeset="19233941" timestamp="2013-12-02T14:11:13Z" user="ingalls_nycbuildings" uid="1812841" lat="40.6724483" lon="-73.8907314"/>
 <node id="2561304941" visible="true" version="1" changeset="19233941" timestamp="2013-12-02T14:11:13Z" user="ingalls_nycbuildings" uid="1812841" lat="40.6724494" lon="-73.8912807"/>
 <node id="2561304942" visible="true" version="1" changeset="19233941" timestamp="2013-12-02T14:11:13Z" user="ingalls_nycbuildings" uid="1812841" lat="40.6724507" lon="-73.8907151"/>
 <node id="2561304943" visible="true" version="1" changeset="19233941" timestamp="2013-12-02T14:11:13Z" user="ingalls_nycbuildings" uid="1812841" lat="40.6724509" lon="-73.8905949"/>
 <node id="2561304944" visible="true" version="1" changeset="19233941" timestamp="2013-12-02T14:11:13Z" user="ingalls_nycbuildings" uid="1812841" lat="40.6724525" lon="-73.8907031"/>
 <node id="2561304945" visible="true" version="1" changeset="19233941" timestamp="2013-12-02T14:11:13Z" user="ingalls_nycbuildings" uid="1812841" lat="40.6724530" lon="-73.8905810"/>
 <node id="2561304946" visible="true" version="1" changeset="19233941" timestamp="2013-12-02T14:11:13Z" user="ingalls_nycbuildings" uid="1812841" lat="40.6724553" lon="-73.8905656"/>
 <node id="2561304950" visible="true" version="1" changeset="19233941" timestamp="2013-12-02T14:11:13Z" user="ingalls_nycbuildings" uid="1812841" lat="40.6724681" lon="-73.8905994"/>
 <node id="2561304951" visible="true" version="1" changeset="19233941" timestamp="2013-12-02T14:11:13Z" user="ingalls_nycbuildings" uid="1812841" lat="40.6724702" lon="-73.8905854"/>
 <node id="2561304953" visible="true" version="1" changeset="19233941" timestamp="2013-12-02T14:11:13Z" user="ingalls_nycbuildings" uid="1812841" lat="40.6724725" lon="-73.8905700"/>
 <node id="2561304956" visible="true" version="1" changeset="19233941" timestamp="2013-12-02T14:11:13Z" user="ingalls_nycbuildings" uid="1812841" lat="40.6724854" lon="-73.8910925"/>
 <node id="2561304960" visible="true" version="1" changeset="19233941" timestamp="2013-12-02T14:11:14Z" user="ingalls_nycbuildings" uid="1812841" lat="40.6724964" lon="-73.8909356"/>
 <node id="2561304961" visible="true" version="1" changeset="19233941" timestamp="2013-12-02T14:11:14Z" user="ingalls_nycbuildings" uid="1812841" lat="40.6725064" lon="-73.8908690"/>
 <node id="2561304962" visible="true" version="1" changeset="19233941" timestamp="2013-12-02T14:11:14Z" user="ingalls_nycbuildings" uid="1812841" lat="40.6725064" lon="-73.8909556"/>
 <node id="2561304965" visible="true" version="1" changeset="19233941" timestamp="2013-12-02T14:11:14Z" user="ingalls_nycbuildings" uid="1812841" lat="40.6725163" lon="-73.8908030"/>
 <node id="2561304967" visible="true" version="1" changeset="19233941" timestamp="2013-12-02T14:11:14Z" user="ingalls_nycbuildings" uid="1812841" lat="40.6725266" lon="-73.8907347"/>
 <node id="2561304968" visible="true" version="1" changeset="19233941" timestamp="2013-12-02T14:11:14Z" user="ingalls_nycbuildings" uid="1812841" lat="40.6725365" lon="-73.8906686"/>
 <node id="2561304969" visible="true" version="1" changeset="19233941" timestamp="2013-12-02T14:11:14Z" user="ingalls_nycbuildings" uid="1812841" lat="40.6725460" lon="-73.8906050"/>
 <node id="2561304970" visible="true" version="1" changeset="19233941" timestamp="2013-12-02T14:11:14Z" user="ingalls_nycbuildings" uid="1812841" lat="40.6725555" lon="-73.8905415"/>
 <node id="2561304971" visible="true" version="1" changeset="19233941" timestamp="2013-12-02T14:11:14Z" user="ingalls_nycbuildings" uid="1812841" lat="40.6725669" lon="-73.8904655"/>
 <node id="2561304972" visible="true" version="1" changeset="19233941" timestamp="2013-12-02T14:11:14Z" user="ingalls_nycbuildings" uid="1812841" lat="40.6725772" lon="-73.8903969"/>
 <node id="2561304973" visible="true" version="1" changeset="19233941" timestamp="2013-12-02T14:11:14Z" user="ingalls_nycbuildings" uid="1812841" lat="40.6725795" lon="-73.8920254"/>
 <node id="2561304974" visible="true" version="1" changeset="19233941" timestamp="2013-12-02T14:11:14Z" user="ingalls_nycbuildings" uid="1812841" lat="40.6725941" lon="-73.8920292"/>
 <node id="2561304975" visible="true" version="1" changeset="19233941" timestamp="2013-12-02T14:11:14Z" user="ingalls_nycbuildings" uid="1812841" lat="40.6725952" lon="-73.8920218"/>
 <node id="2561304976" visible="true" version="1" changeset="19233941" timestamp="2013-12-02T14:11:14Z" user="ingalls_nycbuildings" uid="1812841" lat="40.6726016" lon="-73.8918794"/>
 <node id="2561304977" visible="true" version="1" changeset="19233941" timestamp="2013-12-02T14:11:14Z" user="ingalls_nycbuildings" uid="1812841" lat="40.6726169" lon="-73.8918834"/>
 <node id="2561304978" visible="true" version="1" changeset="19233941" timestamp="2013-12-02T14:11:14Z" user="ingalls_nycbuildings" uid="1812841" lat="40.6726182" lon="-73.8918746"/>
 <node id="2561304979" visible="true" version="1" changeset="19233941" timestamp="2013-12-02T14:11:14Z" user="ingalls_nycbuildings" uid="1812841" lat="40.6726215" lon="-73.8920363"/>
 <node id="2561304980" visible="true" version="1" changeset="19233941" timestamp="2013-12-02T14:11:14Z" user="ingalls_nycbuildings" uid="1812841" lat="40.6726226" lon="-73.8920289"/>
 <node id="2561304982" visible="true" version="1" changeset="19233941" timestamp="2013-12-02T14:11:14Z" user="ingalls_nycbuildings" uid="1812841" lat="40.6726249" lon="-73.8917038"/>
 <node id="2561304983" visible="true" version="1" changeset="19233941" timestamp="2013-12-02T14:11:14Z" user="ingalls_nycbuildings" uid="1812841" lat="40.6726311" lon="-73.8916619"/>
 <node id="2561304984" visible="true" version="1" changeset="19233941" timestamp="2013-12-02T14:11:14Z" user="ingalls_nycbuildings" uid="1812841" lat="40.6726338" lon="-73.8916434"/>
 <node id="2561304985" visible="true" version="1" changeset="19233941" timestamp="2013-12-02T14:11:14Z" user="ingalls_nycbuildings" uid="1812841" lat="40.6726364" lon="-73.8916632"/>
 <node id="2561304986" visible="true" version="1" changeset="19233941" timestamp="2013-12-02T14:11:14Z" user="ingalls_nycbuildings" uid="1812841" lat="40.6726383" lon="-73.8916131"/>
 <node id="2561304987" visible="true" version="1" changeset="19233941" timestamp="2013-12-02T14:11:14Z" user="ingalls_nycbuildings" uid="1812841" lat="40.6726392" lon="-73.8916448"/>
 <node id="2561304988" visible="true" version="1" changeset="19233941" timestamp="2013-12-02T14:11:14Z" user="ingalls_nycbuildings" uid="1812841" lat="40.6726410" lon="-73.8915945"/>
 <node id="2561304989" visible="true" version="1" changeset="19233941" timestamp="2013-12-02T14:11:14Z" user="ingalls_nycbuildings" uid="1812841" lat="40.6726436" lon="-73.8916144"/>
 <node id="2561304990" visible="true" version="1" changeset="19233941" timestamp="2013-12-02T14:11:14Z" user="ingalls_nycbuildings" uid="1812841" lat="40.6726436" lon="-73.8918904"/>
 <node id="2561304991" visible="true" version="1" changeset="19233941" timestamp="2013-12-02T14:11:14Z" user="ingalls_nycbuildings" uid="1812841" lat="40.6726447" lon="-73.8920424"/>
 <node id="2561304992" visible="true" version="1" changeset="19233941" timestamp="2013-12-02T14:11:14Z" user="ingalls_nycbuildings" uid="1812841" lat="40.6726449" lon="-73.8918816"/>
 <node id="2561304993" visible="true" version="1" changeset="19233941" timestamp="2013-12-02T14:11:14Z" user="ingalls_nycbuildings" uid="1812841" lat="40.6726458" lon="-73.8920350"/>
 <node id="2561304994" visible="true" version="1" changeset="19233941" timestamp="2013-12-02T14:11:14Z" user="ingalls_nycbuildings" uid="1812841" lat="40.6726464" lon="-73.8915959"/>
 <node id="2561304996" visible="true" version="1" changeset="19233941" timestamp="2013-12-02T14:11:14Z" user="ingalls_nycbuildings" uid="1812841" lat="40.6726574" lon="-73.8920457"/>
 <node id="2561304997" visible="true" version="1" changeset="19233941" timestamp="2013-12-02T14:11:14Z" user="ingalls_nycbuildings" uid="1812841" lat="40.6726585" lon="-73.8920383"/>
 <node id="2561304998" visible="true" version="1" changeset="19233941" timestamp="2013-12-02T14:11:14Z" user="ingalls_nycbuildings" uid="1812841" lat="40.6726618" lon="-73.8914548"/>
 <node id="2561304999" visible="true" version="1" changeset="19233941" timestamp="2013-12-02T14:11:14Z" user="ingalls_nycbuildings" uid="1812841" lat="40.6726646" lon="-73.8914355"/>
 <node id="2561305000" visible="true" version="1" changeset="19233941" timestamp="2013-12-02T14:11:14Z" user="ingalls_nycbuildings" uid="1812841" lat="40.6726667" lon="-73.8917145"/>
 <node id="2561305001" visible="true" version="1" changeset="19233941" timestamp="2013-12-02T14:11:14Z" user="ingalls_nycbuildings" uid="1812841" lat="40.6726668" lon="-73.8918964"/>
 <node id="2561305002" visible="true" version="1" changeset="19233941" timestamp="2013-12-02T14:11:14Z" user="ingalls_nycbuildings" uid="1812841" lat="40.6726671" lon="-73.8914561"/>
 <node id="2561305003" visible="true" version="1" changeset="19233941" timestamp="2013-12-02T14:11:14Z" user="ingalls_nycbuildings" uid="1812841" lat="40.6726681" lon="-73.8918876"/>
 <node id="2561305004" visible="true" version="1" changeset="19233941" timestamp="2013-12-02T14:11:14Z" user="ingalls_nycbuildings" uid="1812841" lat="40.6726690" lon="-73.8914059"/>
 <node id="2561305005" visible="true" version="1" changeset="19233941" timestamp="2013-12-02T14:11:14Z" user="ingalls_nycbuildings" uid="1812841" lat="40.6726698" lon="-73.8916940"/>
 <node id="2561305006" visible="true" version="1" changeset="19233941" timestamp="2013-12-02T14:11:14Z" user="ingalls_nycbuildings" uid="1812841" lat="40.6726700" lon="-73.8914368"/>
 <node id="2561305007" visible="true" version="1" changeset="19233941" timestamp="2013-12-02T14:11:14Z" user="ingalls_nycbuildings" uid="1812841" lat="40.6726718" lon="-73.8913870"/>
 <node id="2561305008" visible="true" version="1" changeset="19233941" timestamp="2013-12-02T14:11:14Z" user="ingalls_nycbuildings" uid="1812841" lat="40.6726743" lon="-73.8914073"/>
 <node id="2561305009" visible="true" version="1" changeset="19233941" timestamp="2013-12-02T14:11:15Z" user="ingalls_nycbuildings" uid="1812841" lat="40.6726771" lon="-73.8913883"/>
 <node id="2561305010" visible="true" version="1" changeset="19233941" timestamp="2013-12-02T14:11:15Z" user="ingalls_nycbuildings" uid="1812841" lat="40.6726782" lon="-73.8913435"/>
 <node id="2561305011" visible="true" version="1" changeset="19233941" timestamp="2013-12-02T14:11:15Z" user="ingalls_nycbuildings" uid="1812841" lat="40.6726795" lon="-73.8918997"/>
 <node id="2561305012" visible="true" version="1" changeset="19233941" timestamp="2013-12-02T14:11:15Z" user="ingalls_nycbuildings" uid="1812841" lat="40.6726808" lon="-73.8918909"/>
 <node id="2561305014" visible="true" version="1" changeset="19233941" timestamp="2013-12-02T14:11:15Z" user="ingalls_nycbuildings" uid="1812841" lat="40.6726988" lon="-73.8917227"/>
 <node id="2561305015" visible="true" version="1" changeset="19233941" timestamp="2013-12-02T14:11:15Z" user="ingalls_nycbuildings" uid="1812841" lat="40.6727018" lon="-73.8917022"/>
 <node id="2561305016" visible="true" version="1" changeset="19233941" timestamp="2013-12-02T14:11:15Z" user="ingalls_nycbuildings" uid="1812841" lat="40.6727049" lon="-73.8911602"/>
 <node id="2561305017" visible="true" version="1" changeset="19233941" timestamp="2013-12-02T14:11:15Z" user="ingalls_nycbuildings" uid="1812841" lat="40.6727111" lon="-73.8911183"/>
 <node id="2561305018" visible="true" version="1" changeset="19233941" timestamp="2013-12-02T14:11:15Z" user="ingalls_nycbuildings" uid="1812841" lat="40.6727138" lon="-73.8910998"/>
 <node id="2561305019" visible="true" version="1" changeset="19233941" timestamp="2013-12-02T14:11:15Z" user="ingalls_nycbuildings" uid="1812841" lat="40.6727164" lon="-73.8911196"/>
 <node id="2561305020" visible="true" version="1" changeset="19233941" timestamp="2013-12-02T14:11:15Z" user="ingalls_nycbuildings" uid="1812841" lat="40.6727164" lon="-73.8913728"/>
 <node id="2561305021" visible="true" version="1" changeset="19233941" timestamp="2013-12-02T14:11:15Z" user="ingalls_nycbuildings" uid="1812841" lat="40.6727183" lon="-73.8910694"/>
 <node id="2561305023" visible="true" version="1" changeset="19233941" timestamp="2013-12-02T14:11:15Z" user="ingalls_nycbuildings" uid="1812841" lat="40.6727192" lon="-73.8911011"/>
 <node id="2561305024" visible="true" version="1" changeset="19233941" timestamp="2013-12-02T14:11:15Z" user="ingalls_nycbuildings" uid="1812841" lat="40.6727192" lon="-73.8913539"/>
 <node id="2561305025" visible="true" version="1" changeset="19233941" timestamp="2013-12-02T14:11:15Z" user="ingalls_nycbuildings" uid="1812841" lat="40.6727211" lon="-73.8910509"/>
 <node id="2561305026" visible="true" version="1" changeset="19233941" timestamp="2013-12-02T14:11:15Z" user="ingalls_nycbuildings" uid="1812841" lat="40.6727237" lon="-73.8910708"/>
 <node id="2561305027" visible="true" version="1" changeset="19233941" timestamp="2013-12-02T14:11:15Z" user="ingalls_nycbuildings" uid="1812841" lat="40.6727264" lon="-73.8910523"/>
 <node id="2561305029" visible="true" version="1" changeset="19233941" timestamp="2013-12-02T14:11:15Z" user="ingalls_nycbuildings" uid="1812841" lat="40.6727415" lon="-73.8916953"/>
 <node id="2561305030" visible="true" version="1" changeset="19233941" timestamp="2013-12-02T14:11:15Z" user="ingalls_nycbuildings" uid="1812841" lat="40.6727418" lon="-73.8909112"/>
 <node id="2561305031" visible="true" version="1" changeset="19233941" timestamp="2013-12-02T14:11:15Z" user="ingalls_nycbuildings" uid="1812841" lat="40.6727440" lon="-73.8916788"/>
 <node id="2561305032" visible="true" version="1" changeset="19233941" timestamp="2013-12-02T14:11:15Z" user="ingalls_nycbuildings" uid="1812841" lat="40.6727446" lon="-73.8908919"/>
 <node id="2561305033" visible="true" version="1" changeset="19233941" timestamp="2013-12-02T14:11:15Z" user="ingalls_nycbuildings" uid="1812841" lat="40.6727459" lon="-73.8917347"/>
 <node id="2561305034" visible="true" version="1" changeset="19233941" timestamp="2013-12-02T14:11:15Z" user="ingalls_nycbuildings" uid="1812841" lat="40.6727468" lon="-73.8911709"/>
 <node id="2561305035" visible="true" version="1" changeset="19233941" timestamp="2013-12-02T14:11:15Z" user="ingalls_nycbuildings" uid="1812841" lat="40.6727471" lon="-73.8909125"/>
 <node id="2561305036" visible="true" version="1" changeset="19233941" timestamp="2013-12-02T14:11:15Z" user="ingalls_nycbuildings" uid="1812841" lat="40.6727490" lon="-73.8908623"/>
 <node id="2561305037" visible="true" version="1" changeset="19233941" timestamp="2013-12-02T14:11:15Z" user="ingalls_nycbuildings" uid="1812841" lat="40.6727492" lon="-73.8913812"/>
 <node id="2561305038" visible="true" version="1" changeset="19233941" timestamp="2013-12-02T14:11:15Z" user="ingalls_nycbuildings" uid="1812841" lat="40.6727492" lon="-73.8916436"/>
 <node id="2561305039" visible="true" version="1" changeset="19233941" timestamp="2013-12-02T14:11:15Z" user="ingalls_nycbuildings" uid="1812841" lat="40.6727498" lon="-73.8911504"/>
 <node id="2561305040" visible="true" version="1" changeset="19233941" timestamp="2013-12-02T14:11:15Z" user="ingalls_nycbuildings" uid="1812841" lat="40.6727500" lon="-73.8908932"/>
 <node id="2561305041" visible="true" version="1" changeset="19233941" timestamp="2013-12-02T14:11:15Z" user="ingalls_nycbuildings" uid="1812841" lat="40.6727501" lon="-73.8913814"/>
 <node id="2561305042" visible="true" version="1" changeset="19233941" timestamp="2013-12-02T14:11:15Z" user="ingalls_nycbuildings" uid="1812841" lat="40.6727514" lon="-73.8916978"/>
 <node id="2561305043" visible="true" version="1" changeset="19233941" timestamp="2013-12-02T14:11:15Z" user="ingalls_nycbuildings" uid="1812841" lat="40.6727518" lon="-73.8908433"/>
 <node id="2561305044" visible="true" version="1" changeset="19233941" timestamp="2013-12-02T14:11:15Z" user="ingalls_nycbuildings" uid="1812841" lat="40.6727529" lon="-73.8913625"/>
 <node id="2561305045" visible="true" version="1" changeset="19233941" timestamp="2013-12-02T14:11:15Z" user="ingalls_nycbuildings" uid="1812841" lat="40.6727538" lon="-73.8916813"/>
 <node id="2561305046" visible="true" version="1" changeset="19233941" timestamp="2013-12-02T14:11:15Z" user="ingalls_nycbuildings" uid="1812841" lat="40.6727544" lon="-73.8908637"/>
 <node id="2561305047" visible="true" version="1" changeset="19233941" timestamp="2013-12-02T14:11:15Z" user="ingalls_nycbuildings" uid="1812841" lat="40.6727552" lon="-73.8920871"/>
 <node id="2561305048" visible="true" version="1" changeset="19233941" timestamp="2013-12-02T14:11:15Z" user="ingalls_nycbuildings" uid="1812841" lat="40.6727572" lon="-73.8908447"/>
 <node id="2561305049" visible="true" version="1" changeset="19233941" timestamp="2013-12-02T14:11:15Z" user="ingalls_nycbuildings" uid="1812841" lat="40.6727575" lon="-73.8920718"/>
 <node id="2561305050" visible="true" version="1" changeset="19233941" timestamp="2013-12-02T14:11:15Z" user="ingalls_nycbuildings" uid="1812841" lat="40.6727583" lon="-73.8907999"/>
 <node id="2561305051" visible="true" version="1" changeset="19233941" timestamp="2013-12-02T14:11:15Z" user="ingalls_nycbuildings" uid="1812841" lat="40.6727590" lon="-73.8916461"/>
 <node id="2561305052" visible="true" version="1" changeset="19233941" timestamp="2013-12-02T14:11:15Z" user="ingalls_nycbuildings" uid="1812841" lat="40.6727603" lon="-73.8915683"/>
 <node id="2561305053" visible="true" version="1" changeset="19233941" timestamp="2013-12-02T14:11:15Z" user="ingalls_nycbuildings" uid="1812841" lat="40.6727651" lon="-73.8915361"/>
 <node id="2561305054" visible="true" version="1" changeset="19233941" timestamp="2013-12-02T14:11:15Z" user="ingalls_nycbuildings" uid="1812841" lat="40.6727666" lon="-73.8911547"/>
 <node id="2561305055" visible="true" version="1" changeset="19233941" timestamp="2013-12-02T14:11:15Z" user="ingalls_nycbuildings" uid="1812841" lat="40.6727680" lon="-73.8920904"/>
 <node id="2561305056" visible="true" version="1" changeset="19233941" timestamp="2013-12-02T14:11:15Z" user="ingalls_nycbuildings" uid="1812841" lat="40.6727704" lon="-73.8920749"/>
 <node id="2561305057" visible="true" version="1" changeset="19233941" timestamp="2013-12-02T14:11:15Z" user="ingalls_nycbuildings" uid="1812841" lat="40.6727767" lon="-73.8914576"/>
 <node id="2561305058" visible="true" version="1" changeset="19233941" timestamp="2013-12-02T14:11:15Z" user="ingalls_nycbuildings" uid="1812841" lat="40.6727788" lon="-73.8911790"/>
 <node id="2561305060" visible="true" version="1" changeset="19233941" timestamp="2013-12-02T14:11:16Z" user="ingalls_nycbuildings" uid="1812841" lat="40.6727795" lon="-73.8919258"/>
 <node id="2561305062" visible="true" version="1" changeset="19233941" timestamp="2013-12-02T14:11:16Z" user="ingalls_nycbuildings" uid="1812841" lat="40.6727814" lon="-73.8921025"/>
 <node id="2561305064" visible="true" version="1" changeset="19233941" timestamp="2013-12-02T14:11:16Z" user="ingalls_nycbuildings" uid="1812841" lat="40.6727815" lon="-73.8914258"/>
 <node id="2561305065" visible="true" version="1" changeset="19233941" timestamp="2013-12-02T14:11:16Z" user="ingalls_nycbuildings" uid="1812841" lat="40.6727818" lon="-73.8911586"/>
 <node id="2561305067" visible="true" version="1" changeset="19233941" timestamp="2013-12-02T14:11:16Z" user="ingalls_nycbuildings" uid="1812841" lat="40.6727830" lon="-73.8919032"/>
 <node id="2561305069" visible="true" version="1" changeset="19233941" timestamp="2013-12-02T14:11:16Z" user="ingalls_nycbuildings" uid="1812841" lat="40.6727845" lon="-73.8914055"/>
 <node id="2561305070" visible="true" version="1" changeset="19233941" timestamp="2013-12-02T14:11:16Z" user="ingalls_nycbuildings" uid="1812841" lat="40.6727850" lon="-73.8920787"/>
 <node id="2561305071" visible="true" version="1" changeset="19233941" timestamp="2013-12-02T14:11:16Z" user="ingalls_nycbuildings" uid="1812841" lat="40.6727866" lon="-73.8914602"/>
 <node id="2561305072" visible="true" version="1" changeset="19233941" timestamp="2013-12-02T14:11:16Z" user="ingalls_nycbuildings" uid="1812841" lat="40.6727889" lon="-73.8906244"/>
 <node id="2561305073" visible="true" version="1" changeset="19233941" timestamp="2013-12-02T14:11:16Z" user="ingalls_nycbuildings" uid="1812841" lat="40.6727913" lon="-73.8914283"/>
 <node id="2561305074" visible="true" version="1" changeset="19233941" timestamp="2013-12-02T14:11:16Z" user="ingalls_nycbuildings" uid="1812841" lat="40.6727924" lon="-73.8919292"/>
 <node id="2561305075" visible="true" version="1" changeset="19233941" timestamp="2013-12-02T14:11:16Z" user="ingalls_nycbuildings" uid="1812841" lat="40.6727943" lon="-73.8914080"/>
 <node id="2561305076" visible="true" version="1" changeset="19233941" timestamp="2013-12-02T14:11:16Z" user="ingalls_nycbuildings" uid="1812841" lat="40.6727958" lon="-73.8919065"/>
 <node id="2561305077" visible="true" version="1" changeset="19233941" timestamp="2013-12-02T14:11:16Z" user="ingalls_nycbuildings" uid="1812841" lat="40.6727964" lon="-73.8908292"/>
 <node id="2561305078" visible="true" version="1" changeset="19233941" timestamp="2013-12-02T14:11:16Z" user="ingalls_nycbuildings" uid="1812841" lat="40.6727992" lon="-73.8908103"/>
 <node id="2561305079" visible="true" version="1" changeset="19233941" timestamp="2013-12-02T14:11:16Z" user="ingalls_nycbuildings" uid="1812841" lat="40.6727992" lon="-73.8915783"/>
 <node id="2561305080" visible="true" version="1" changeset="19233941" timestamp="2013-12-02T14:11:16Z" user="ingalls_nycbuildings" uid="1812841" lat="40.6727993" lon="-73.8913744"/>
 <node id="2561305081" visible="true" version="1" changeset="19233941" timestamp="2013-12-02T14:11:16Z" user="ingalls_nycbuildings" uid="1812841" lat="40.6728028" lon="-73.8906372"/>
 <node id="2561305082" visible="true" version="1" changeset="19233941" timestamp="2013-12-02T14:11:16Z" user="ingalls_nycbuildings" uid="1812841" lat="40.6728040" lon="-73.8915461"/>
 <node id="2561305083" visible="true" version="1" changeset="19233941" timestamp="2013-12-02T14:11:16Z" user="ingalls_nycbuildings" uid="1812841" lat="40.6728042" lon="-73.8906284"/>
 <node id="2561305084" visible="true" version="1" changeset="19233941" timestamp="2013-12-02T14:11:16Z" user="ingalls_nycbuildings" uid="1812841" lat="40.6728067" lon="-73.8921091"/>
 <node id="2561305085" visible="true" version="1" changeset="19233941" timestamp="2013-12-02T14:11:16Z" user="ingalls_nycbuildings" uid="1812841" lat="40.6728078" lon="-73.8919332"/>
 <node id="2561305086" visible="true" version="1" changeset="19233941" timestamp="2013-12-02T14:11:16Z" user="ingalls_nycbuildings" uid="1812841" lat="40.6728103" lon="-73.8920853"/>
 <node id="2561305087" visible="true" version="1" changeset="19233941" timestamp="2013-12-02T14:11:16Z" user="ingalls_nycbuildings" uid="1812841" lat="40.6728109" lon="-73.8904784"/>
 <node id="2561305088" visible="true" version="1" changeset="19233941" timestamp="2013-12-02T14:11:16Z" user="ingalls_nycbuildings" uid="1812841" lat="40.6728155" lon="-73.8918821"/>
 <node id="2561305089" visible="true" version="1" changeset="19233941" timestamp="2013-12-02T14:11:16Z" user="ingalls_nycbuildings" uid="1812841" lat="40.6728216" lon="-73.8911517"/>
 <node id="2561305090" visible="true" version="1" changeset="19233941" timestamp="2013-12-02T14:11:16Z" user="ingalls_nycbuildings" uid="1812841" lat="40.6728239" lon="-73.8920888"/>
 <node id="2561305091" visible="true" version="1" changeset="19233941" timestamp="2013-12-02T14:11:16Z" user="ingalls_nycbuildings" uid="1812841" lat="40.6728240" lon="-73.8911352"/>
 <node id="2561305092" visible="true" version="1" changeset="19233941" timestamp="2013-12-02T14:11:16Z" user="ingalls_nycbuildings" uid="1812841" lat="40.6728244" lon="-73.8904896"/>
 <node id="2561305093" visible="true" version="1" changeset="19233941" timestamp="2013-12-02T14:11:16Z" user="ingalls_nycbuildings" uid="1812841" lat="40.6728249" lon="-73.8920817"/>
 <node id="2561305094" visible="true" version="1" changeset="19233941" timestamp="2013-12-02T14:11:16Z" user="ingalls_nycbuildings" uid="1812841" lat="40.6728255" lon="-73.8904822"/>
 <node id="2561305095" visible="true" version="1" changeset="19233941" timestamp="2013-12-02T14:11:16Z" user="ingalls_nycbuildings" uid="1812841" lat="40.6728259" lon="-73.8911911"/>
 <node id="2561305096" visible="true" version="1" changeset="19233941" timestamp="2013-12-02T14:11:16Z" user="ingalls_nycbuildings" uid="1812841" lat="40.6728292" lon="-73.8911000"/>
 <node id="2561305097" visible="true" version="1" changeset="19233941" timestamp="2013-12-02T14:11:16Z" user="ingalls_nycbuildings" uid="1812841" lat="40.6728295" lon="-73.8906441"/>
 <node id="2561305098" visible="true" version="1" changeset="19233941" timestamp="2013-12-02T14:11:17Z" user="ingalls_nycbuildings" uid="1812841" lat="40.6728301" lon="-73.8908378"/>
 <node id="2561305099" visible="true" version="1" changeset="19233941" timestamp="2013-12-02T14:11:17Z" user="ingalls_nycbuildings" uid="1812841" lat="40.6728309" lon="-73.8906353"/>
 <node id="2561305100" visible="true" version="1" changeset="19233941" timestamp="2013-12-02T14:11:17Z" user="ingalls_nycbuildings" uid="1812841" lat="40.6728314" lon="-73.8911542"/>
 <node id="2561305101" visible="true" version="1" changeset="19233941" timestamp="2013-12-02T14:11:17Z" user="ingalls_nycbuildings" uid="1812841" lat="40.6728329" lon="-73.8908189"/>
 <node id="2561305102" visible="true" version="1" changeset="19233941" timestamp="2013-12-02T14:11:17Z" user="ingalls_nycbuildings" uid="1812841" lat="40.6728338" lon="-73.8911377"/>
 <node id="2561305103" visible="true" version="1" changeset="19233941" timestamp="2013-12-02T14:11:17Z" user="ingalls_nycbuildings" uid="1812841" lat="40.6728339" lon="-73.8919400"/>
 <node id="2561305104" visible="true" version="1" changeset="19233941" timestamp="2013-12-02T14:11:17Z" user="ingalls_nycbuildings" uid="1812841" lat="40.6728390" lon="-73.8911025"/>
 <node id="2561305105" visible="true" version="1" changeset="19233941" timestamp="2013-12-02T14:11:17Z" user="ingalls_nycbuildings" uid="1812841" lat="40.6728404" lon="-73.8910247"/>
 <node id="2561305106" visible="true" version="1" changeset="19233941" timestamp="2013-12-02T14:11:17Z" user="ingalls_nycbuildings" uid="1812841" lat="40.6728416" lon="-73.8918889"/>
 <node id="2561305107" visible="true" version="1" changeset="19233941" timestamp="2013-12-02T14:11:17Z" user="ingalls_nycbuildings" uid="1812841" lat="40.6728451" lon="-73.8909925"/>
 <node id="2561305108" visible="true" version="1" changeset="19233941" timestamp="2013-12-02T14:11:17Z" user="ingalls_nycbuildings" uid="1812841" lat="40.6728459" lon="-73.8919431"/>
 <node id="2561305109" visible="true" version="1" changeset="19233941" timestamp="2013-12-02T14:11:17Z" user="ingalls_nycbuildings" uid="1812841" lat="40.6728472" lon="-73.8919343"/>
 <node id="2561305110" visible="true" version="1" changeset="19233941" timestamp="2013-12-02T14:11:17Z" user="ingalls_nycbuildings" uid="1812841" lat="40.6728505" lon="-73.8920960"/>
 <node id="2561305111" visible="true" version="1" changeset="19233941" timestamp="2013-12-02T14:11:17Z" user="ingalls_nycbuildings" uid="1812841" lat="40.6728516" lon="-73.8920886"/>
 <node id="2561305112" visible="true" version="1" changeset="19233941" timestamp="2013-12-02T14:11:17Z" user="ingalls_nycbuildings" uid="1812841" lat="40.6728518" lon="-73.8904967"/>
 <node id="2561305113" visible="true" version="1" changeset="19233941" timestamp="2013-12-02T14:11:17Z" user="ingalls_nycbuildings" uid="1812841" lat="40.6728527" lon="-73.8906502"/>
 <node id="2561305114" visible="true" version="1" changeset="19233941" timestamp="2013-12-02T14:11:17Z" user="ingalls_nycbuildings" uid="1812841" lat="40.6728529" lon="-73.8904894"/>
 <node id="2561305115" visible="true" version="1" changeset="19233941" timestamp="2013-12-02T14:11:17Z" user="ingalls_nycbuildings" uid="1812841" lat="40.6728541" lon="-73.8906413"/>
 <node id="2561305116" visible="true" version="1" changeset="19233941" timestamp="2013-12-02T14:11:17Z" user="ingalls_nycbuildings" uid="1812841" lat="40.6728568" lon="-73.8909140"/>
 <node id="2561305117" visible="true" version="1" changeset="19233941" timestamp="2013-12-02T14:11:17Z" user="ingalls_nycbuildings" uid="1812841" lat="40.6728615" lon="-73.8908822"/>
 <node id="2561305118" visible="true" version="1" changeset="19233941" timestamp="2013-12-02T14:11:17Z" user="ingalls_nycbuildings" uid="1812841" lat="40.6728645" lon="-73.8908619"/>
 <node id="2561305119" visible="true" version="1" changeset="19233941" timestamp="2013-12-02T14:11:17Z" user="ingalls_nycbuildings" uid="1812841" lat="40.6728654" lon="-73.8906535"/>
 <node id="2561305120" visible="true" version="1" changeset="19233941" timestamp="2013-12-02T14:11:17Z" user="ingalls_nycbuildings" uid="1812841" lat="40.6728666" lon="-73.8909165"/>
 <node id="2561305121" visible="true" version="1" changeset="19233941" timestamp="2013-12-02T14:11:17Z" user="ingalls_nycbuildings" uid="1812841" lat="40.6728667" lon="-73.8906446"/>
 <node id="2561305122" visible="true" version="1" changeset="19233941" timestamp="2013-12-02T14:11:17Z" user="ingalls_nycbuildings" uid="1812841" lat="40.6728713" lon="-73.8908847"/>
 <node id="2561305123" visible="true" version="1" changeset="19233941" timestamp="2013-12-02T14:11:17Z" user="ingalls_nycbuildings" uid="1812841" lat="40.6728725" lon="-73.8919501"/>
 <node id="2561305124" visible="true" version="1" changeset="19233941" timestamp="2013-12-02T14:11:17Z" user="ingalls_nycbuildings" uid="1812841" lat="40.6728726" lon="-73.8921018"/>
 <node id="2561305125" visible="true" version="1" changeset="19233941" timestamp="2013-12-02T14:11:17Z" user="ingalls_nycbuildings" uid="1812841" lat="40.6728738" lon="-73.8919412"/>
 <node id="2561305126" visible="true" version="1" changeset="19233941" timestamp="2013-12-02T14:11:17Z" user="ingalls_nycbuildings" uid="1812841" lat="40.6728743" lon="-73.8908644"/>
 <node id="2561305127" visible="true" version="1" changeset="19233941" timestamp="2013-12-02T14:11:17Z" user="ingalls_nycbuildings" uid="1812841" lat="40.6728747" lon="-73.8921023"/>
 <node id="2561305128" visible="true" version="1" changeset="19233941" timestamp="2013-12-02T14:11:17Z" user="ingalls_nycbuildings" uid="1812841" lat="40.6728750" lon="-73.8905028"/>
 <node id="2561305129" visible="true" version="1" changeset="19233941" timestamp="2013-12-02T14:11:17Z" user="ingalls_nycbuildings" uid="1812841" lat="40.6728758" lon="-73.8920949"/>
 <node id="2561305130" visible="true" version="1" changeset="19233941" timestamp="2013-12-02T14:11:17Z" user="ingalls_nycbuildings" uid="1812841" lat="40.6728761" lon="-73.8904954"/>
 <node id="2561305131" visible="true" version="1" changeset="19233941" timestamp="2013-12-02T14:11:17Z" user="ingalls_nycbuildings" uid="1812841" lat="40.6728792" lon="-73.8910346"/>
 <node id="2561305132" visible="true" version="1" changeset="19233941" timestamp="2013-12-02T14:11:17Z" user="ingalls_nycbuildings" uid="1812841" lat="40.6728793" lon="-73.8908308"/>
 <node id="2561305133" visible="true" version="1" changeset="19233941" timestamp="2013-12-02T14:11:17Z" user="ingalls_nycbuildings" uid="1812841" lat="40.6728840" lon="-73.8910025"/>
 <node id="2561305134" visible="true" version="1" changeset="19233941" timestamp="2013-12-02T14:11:17Z" user="ingalls_nycbuildings" uid="1812841" lat="40.6728870" lon="-73.8915715"/>
 <node id="2561305135" visible="true" version="1" changeset="19233941" timestamp="2013-12-02T14:11:17Z" user="ingalls_nycbuildings" uid="1812841" lat="40.6728877" lon="-73.8905061"/>
 <node id="2561305136" visible="true" version="1" changeset="19233941" timestamp="2013-12-02T14:11:17Z" user="ingalls_nycbuildings" uid="1812841" lat="40.6728878" lon="-73.8921057"/>
 <node id="2561305137" visible="true" version="1" changeset="19233941" timestamp="2013-12-02T14:11:17Z" user="ingalls_nycbuildings" uid="1812841" lat="40.6728888" lon="-73.8904987"/>
 <node id="2561305138" visible="true" version="1" changeset="19233941" timestamp="2013-12-02T14:11:17Z" user="ingalls_nycbuildings" uid="1812841" lat="40.6728889" lon="-73.8920984"/>
 <node id="2561305139" visible="true" version="1" changeset="19233941" timestamp="2013-12-02T14:11:17Z" user="ingalls_nycbuildings" uid="1812841" lat="40.6728967" lon="-73.8919564"/>
 <node id="2561305140" visible="true" version="1" changeset="19233941" timestamp="2013-12-02T14:11:17Z" user="ingalls_nycbuildings" uid="1812841" lat="40.6728981" lon="-73.8919476"/>
 <node id="2561305141" visible="true" version="1" changeset="19233941" timestamp="2013-12-02T14:11:17Z" user="ingalls_nycbuildings" uid="1812841" lat="40.6729036" lon="-73.8915827"/>
 <node id="2561305142" visible="true" version="1" changeset="19233941" timestamp="2013-12-02T14:11:18Z" user="ingalls_nycbuildings" uid="1812841" lat="40.6729046" lon="-73.8915762"/>
 <node id="2561305143" visible="true" version="1" changeset="19233941" timestamp="2013-12-02T14:11:18Z" user="ingalls_nycbuildings" uid="1812841" lat="40.6729098" lon="-73.8914233"/>
 <node id="2561305144" visible="true" version="1" changeset="19233941" timestamp="2013-12-02T14:11:18Z" user="ingalls_nycbuildings" uid="1812841" lat="40.6729099" lon="-73.8919598"/>
 <node id="2561305145" visible="true" version="1" changeset="19233941" timestamp="2013-12-02T14:11:18Z" user="ingalls_nycbuildings" uid="1812841" lat="40.6729112" lon="-73.8919510"/>
 <node id="2561305146" visible="true" version="1" changeset="19233941" timestamp="2013-12-02T14:11:18Z" user="ingalls_nycbuildings" uid="1812841" lat="40.6729227" lon="-73.8914377"/>
 <node id="2561305147" visible="true" version="1" changeset="19233941" timestamp="2013-12-02T14:11:18Z" user="ingalls_nycbuildings" uid="1812841" lat="40.6729243" lon="-73.8914271"/>
 <node id="2561305148" visible="true" version="1" changeset="19233941" timestamp="2013-12-02T14:11:18Z" user="ingalls_nycbuildings" uid="1812841" lat="40.6729265" lon="-73.8915888"/>
 <node id="2561305149" visible="true" version="1" changeset="19233941" timestamp="2013-12-02T14:11:18Z" user="ingalls_nycbuildings" uid="1812841" lat="40.6729275" lon="-73.8915822"/>
 <node id="2561305150" visible="true" version="1" changeset="19233941" timestamp="2013-12-02T14:11:18Z" user="ingalls_nycbuildings" uid="1812841" lat="40.6729409" lon="-73.8911979"/>
 <node id="2561305155" visible="true" version="1" changeset="19233941" timestamp="2013-12-02T14:11:18Z" user="ingalls_nycbuildings" uid="1812841" lat="40.6729480" lon="-73.8914445"/>
 <node id="2561305156" visible="true" version="1" changeset="19233941" timestamp="2013-12-02T14:11:19Z" user="ingalls_nycbuildings" uid="1812841" lat="40.6729497" lon="-73.8914339"/>
 <node id="2561305157" visible="true" version="1" changeset="19233941" timestamp="2013-12-02T14:11:19Z" user="ingalls_nycbuildings" uid="1812841" lat="40.6729519" lon="-73.8912009"/>
 <node id="2561305158" visible="true" version="1" changeset="19233941" timestamp="2013-12-02T14:11:19Z" user="ingalls_nycbuildings" uid="1812841" lat="40.6729528" lon="-73.8911948"/>
 <node id="2561305159" visible="true" version="1" changeset="19233941" timestamp="2013-12-02T14:11:19Z" user="ingalls_nycbuildings" uid="1812841" lat="40.6729542" lon="-73.8915961"/>
 <node id="2561305160" visible="true" version="1" changeset="19233941" timestamp="2013-12-02T14:11:19Z" user="ingalls_nycbuildings" uid="1812841" lat="40.6729552" lon="-73.8915896"/>
 <node id="2561305161" visible="true" version="1" changeset="19233941" timestamp="2013-12-02T14:11:19Z" user="ingalls_nycbuildings" uid="1812841" lat="40.6729649" lon="-73.8910496"/>
 <node id="2561305162" visible="true" version="1" changeset="19233941" timestamp="2013-12-02T14:11:19Z" user="ingalls_nycbuildings" uid="1812841" lat="40.6729655" lon="-73.8906796"/>
 <node id="2561305163" visible="true" version="1" changeset="19233941" timestamp="2013-12-02T14:11:19Z" user="ingalls_nycbuildings" uid="1812841" lat="40.6729668" lon="-73.8906707"/>
 <node id="2561305164" visible="true" version="1" changeset="19233941" timestamp="2013-12-02T14:11:19Z" user="ingalls_nycbuildings" uid="1812841" lat="40.6729686" lon="-73.8915999"/>
 <node id="2561305165" visible="true" version="1" changeset="19233941" timestamp="2013-12-02T14:11:19Z" user="ingalls_nycbuildings" uid="1812841" lat="40.6729696" lon="-73.8915934"/>
 <node id="2561305166" visible="true" version="1" changeset="19233941" timestamp="2013-12-02T14:11:19Z" user="ingalls_nycbuildings" uid="1812841" lat="40.6729717" lon="-73.8914507"/>
 <node id="2561305167" visible="true" version="1" changeset="19233941" timestamp="2013-12-02T14:11:19Z" user="ingalls_nycbuildings" uid="1812841" lat="40.6729733" lon="-73.8914401"/>
 <node id="2561305168" visible="true" version="1" changeset="19233941" timestamp="2013-12-02T14:11:19Z" user="ingalls_nycbuildings" uid="1812841" lat="40.6729758" lon="-73.8910526"/>
 <node id="2561305169" visible="true" version="1" changeset="19233941" timestamp="2013-12-02T14:11:19Z" user="ingalls_nycbuildings" uid="1812841" lat="40.6729768" lon="-73.8910463"/>
 <node id="2561305170" visible="true" version="1" changeset="19233941" timestamp="2013-12-02T14:11:19Z" user="ingalls_nycbuildings" uid="1812841" lat="40.6729783" lon="-73.8906829"/>
 <node id="2561305171" visible="true" version="1" changeset="19233941" timestamp="2013-12-02T14:11:19Z" user="ingalls_nycbuildings" uid="1812841" lat="40.6729797" lon="-73.8906741"/>
 <node id="2561305172" visible="true" version="1" changeset="19233941" timestamp="2013-12-02T14:11:19Z" user="ingalls_nycbuildings" uid="1812841" lat="40.6729817" lon="-73.8912092"/>
 <node id="2561305173" visible="true" version="1" changeset="19233941" timestamp="2013-12-02T14:11:19Z" user="ingalls_nycbuildings" uid="1812841" lat="40.6729827" lon="-73.8912032"/>
 <node id="2561305174" visible="true" version="1" changeset="19233941" timestamp="2013-12-02T14:11:19Z" user="ingalls_nycbuildings" uid="1812841" lat="40.6729848" lon="-73.8921470"/>
 <node id="2561305175" visible="true" version="1" changeset="19233941" timestamp="2013-12-02T14:11:19Z" user="ingalls_nycbuildings" uid="1812841" lat="40.6729868" lon="-73.8914547"/>
 <node id="2561305176" visible="true" version="1" changeset="19233941" timestamp="2013-12-02T14:11:19Z" user="ingalls_nycbuildings" uid="1812841" lat="40.6729872" lon="-73.8921317"/>
 <node id="2561305177" visible="true" version="1" changeset="19233941" timestamp="2013-12-02T14:11:19Z" user="ingalls_nycbuildings" uid="1812841" lat="40.6729873" lon="-73.8907292"/>
 <node id="2561305178" visible="true" version="1" changeset="19233941" timestamp="2013-12-02T14:11:19Z" user="ingalls_nycbuildings" uid="1812841" lat="40.6729885" lon="-73.8914441"/>
 <node id="2561305179" visible="true" version="1" changeset="19233941" timestamp="2013-12-02T14:11:19Z" user="ingalls_nycbuildings" uid="1812841" lat="40.6729889" lon="-73.8905248"/>
 <node id="2561305180" visible="true" version="1" changeset="19233941" timestamp="2013-12-02T14:11:19Z" user="ingalls_nycbuildings" uid="1812841" lat="40.6729912" lon="-73.8905095"/>
 <node id="2561305181" visible="true" version="1" changeset="19233941" timestamp="2013-12-02T14:11:19Z" user="ingalls_nycbuildings" uid="1812841" lat="40.6729950" lon="-73.8906781"/>
 <node id="2561305182" visible="true" version="1" changeset="19233941" timestamp="2013-12-02T14:11:19Z" user="ingalls_nycbuildings" uid="1812841" lat="40.6729984" lon="-73.8921505"/>
 <node id="2561305183" visible="true" version="1" changeset="19233941" timestamp="2013-12-02T14:11:19Z" user="ingalls_nycbuildings" uid="1812841" lat="40.6730007" lon="-73.8921352"/>
 <node id="2561305184" visible="true" version="1" changeset="19233941" timestamp="2013-12-02T14:11:19Z" user="ingalls_nycbuildings" uid="1812841" lat="40.6730017" lon="-73.8905284"/>
 <node id="2561305185" visible="true" version="1" changeset="19233941" timestamp="2013-12-02T14:11:19Z" user="ingalls_nycbuildings" uid="1812841" lat="40.6730040" lon="-73.8905129"/>
 <node id="2561305186" visible="true" version="1" changeset="19233941" timestamp="2013-12-02T14:11:19Z" user="ingalls_nycbuildings" uid="1812841" lat="40.6730057" lon="-73.8910609"/>
 <node id="2561305187" visible="true" version="1" changeset="19233941" timestamp="2013-12-02T14:11:19Z" user="ingalls_nycbuildings" uid="1812841" lat="40.6730059" lon="-73.8912160"/>
 <node id="2561305188" visible="true" version="1" changeset="19233941" timestamp="2013-12-02T14:11:19Z" user="ingalls_nycbuildings" uid="1812841" lat="40.6730067" lon="-73.8910546"/>
 <node id="2561305189" visible="true" version="1" changeset="19233941" timestamp="2013-12-02T14:11:19Z" user="ingalls_nycbuildings" uid="1812841" lat="40.6730069" lon="-73.8912099"/>
 <node id="2561305190" visible="true" version="1" changeset="19233941" timestamp="2013-12-02T14:11:19Z" user="ingalls_nycbuildings" uid="1812841" lat="40.6730092" lon="-73.8919857"/>
 <node id="2561305191" visible="true" version="1" changeset="19233941" timestamp="2013-12-02T14:11:19Z" user="ingalls_nycbuildings" uid="1812841" lat="40.6730108" lon="-73.8919752"/>
 <node id="2561305192" visible="true" version="1" changeset="19233941" timestamp="2013-12-02T14:11:19Z" user="ingalls_nycbuildings" uid="1812841" lat="40.6730109" lon="-73.8921624"/>
 <node id="2561305193" visible="true" version="1" changeset="19233941" timestamp="2013-12-02T14:11:19Z" user="ingalls_nycbuildings" uid="1812841" lat="40.6730134" lon="-73.8907360"/>
 <node id="2561305194" visible="true" version="1" changeset="19233941" timestamp="2013-12-02T14:11:19Z" user="ingalls_nycbuildings" uid="1812841" lat="40.6730145" lon="-73.8921388"/>
 <node id="2561305195" visible="true" version="1" changeset="19233941" timestamp="2013-12-02T14:11:19Z" user="ingalls_nycbuildings" uid="1812841" lat="40.6730163" lon="-73.8905322"/>
 <node id="2561305196" visible="true" version="1" changeset="19233941" timestamp="2013-12-02T14:11:19Z" user="ingalls_nycbuildings" uid="1812841" lat="40.6730176" lon="-73.8912192"/>
 <node id="2561305197" visible="true" version="1" changeset="19233941" timestamp="2013-12-02T14:11:19Z" user="ingalls_nycbuildings" uid="1812841" lat="40.6730186" lon="-73.8912132"/>
 <node id="2561305198" visible="true" version="1" changeset="19233941" timestamp="2013-12-02T14:11:19Z" user="ingalls_nycbuildings" uid="1812841" lat="40.6730190" lon="-73.8916133"/>
 <node id="2561305199" visible="true" version="1" changeset="19233941" timestamp="2013-12-02T14:11:19Z" user="ingalls_nycbuildings" uid="1812841" lat="40.6730199" lon="-73.8905084"/>
 <node id="2561305200" visible="true" version="1" changeset="19233941" timestamp="2013-12-02T14:11:19Z" user="ingalls_nycbuildings" uid="1812841" lat="40.6730200" lon="-73.8916067"/>
 <node id="2561305201" visible="true" version="1" changeset="19233941" timestamp="2013-12-02T14:11:19Z" user="ingalls_nycbuildings" uid="1812841" lat="40.6730211" lon="-73.8906849"/>
 <node id="2561305202" visible="true" version="1" changeset="19233941" timestamp="2013-12-02T14:11:19Z" user="ingalls_nycbuildings" uid="1812841" lat="40.6730227" lon="-73.8919892"/>
 <node id="2561305203" visible="true" version="1" changeset="19233941" timestamp="2013-12-02T14:11:19Z" user="ingalls_nycbuildings" uid="1812841" lat="40.6730243" lon="-73.8919787"/>
 <node id="2561305204" visible="true" version="1" changeset="19233941" timestamp="2013-12-02T14:11:19Z" user="ingalls_nycbuildings" uid="1812841" lat="40.6730298" lon="-73.8910677"/>
 <node id="2561305205" visible="true" version="1" changeset="19233941" timestamp="2013-12-02T14:11:20Z" user="ingalls_nycbuildings" uid="1812841" lat="40.6730300" lon="-73.8919911"/>
 <node id="2561305206" visible="true" version="1" changeset="19233941" timestamp="2013-12-02T14:11:20Z" user="ingalls_nycbuildings" uid="1812841" lat="40.6730308" lon="-73.8910614"/>
 <node id="2561305207" visible="true" version="1" changeset="19233941" timestamp="2013-12-02T14:11:20Z" user="ingalls_nycbuildings" uid="1812841" lat="40.6730318" lon="-73.8906969"/>
 <node id="2561305208" visible="true" version="1" changeset="19233941" timestamp="2013-12-02T14:11:20Z" user="ingalls_nycbuildings" uid="1812841" lat="40.6730328" lon="-73.8916170"/>
 <node id="2561305209" visible="true" version="1" changeset="19233941" timestamp="2013-12-02T14:11:20Z" user="ingalls_nycbuildings" uid="1812841" lat="40.6730331" lon="-73.8906880"/>
 <node id="2561305210" visible="true" version="1" changeset="19233941" timestamp="2013-12-02T14:11:20Z" user="ingalls_nycbuildings" uid="1812841" lat="40.6730339" lon="-73.8916104"/>
 <node id="2561305211" visible="true" version="1" changeset="19233941" timestamp="2013-12-02T14:11:20Z" user="ingalls_nycbuildings" uid="1812841" lat="40.6730366" lon="-73.8919928"/>
 <node id="2561305212" visible="true" version="1" changeset="19233941" timestamp="2013-12-02T14:11:20Z" user="ingalls_nycbuildings" uid="1812841" lat="40.6730383" lon="-73.8921695"/>
 <node id="2561305213" visible="true" version="1" changeset="19233941" timestamp="2013-12-02T14:11:20Z" user="ingalls_nycbuildings" uid="1812841" lat="40.6730416" lon="-73.8905388"/>
 <node id="2561305214" visible="true" version="1" changeset="19233941" timestamp="2013-12-02T14:11:20Z" user="ingalls_nycbuildings" uid="1812841" lat="40.6730416" lon="-73.8910709"/>
 <node id="2561305215" visible="true" version="1" changeset="19233941" timestamp="2013-12-02T14:11:20Z" user="ingalls_nycbuildings" uid="1812841" lat="40.6730426" lon="-73.8910646"/>
 <node id="2561305216" visible="true" version="1" changeset="19233941" timestamp="2013-12-02T14:11:20Z" user="ingalls_nycbuildings" uid="1812841" lat="40.6730443" lon="-73.8919417"/>
 <node id="2561305217" visible="true" version="1" changeset="19233941" timestamp="2013-12-02T14:11:20Z" user="ingalls_nycbuildings" uid="1812841" lat="40.6730452" lon="-73.8905150"/>
 <node id="2561305218" visible="true" version="1" changeset="19233941" timestamp="2013-12-02T14:11:20Z" user="ingalls_nycbuildings" uid="1812841" lat="40.6730541" lon="-73.8905495"/>
 <node id="2561305219" visible="true" version="1" changeset="19233941" timestamp="2013-12-02T14:11:20Z" user="ingalls_nycbuildings" uid="1812841" lat="40.6730552" lon="-73.8905423"/>
 <node id="2561305220" visible="true" version="1" changeset="19233941" timestamp="2013-12-02T14:11:20Z" user="ingalls_nycbuildings" uid="1812841" lat="40.6730584" lon="-73.8907038"/>
 <node id="2561305221" visible="true" version="1" changeset="19233941" timestamp="2013-12-02T14:11:20Z" user="ingalls_nycbuildings" uid="1812841" lat="40.6730598" lon="-73.8906950"/>
 <node id="2561305222" visible="true" version="1" changeset="19233941" timestamp="2013-12-02T14:11:20Z" user="ingalls_nycbuildings" uid="1812841" lat="40.6730619" lon="-73.8921168"/>
 <node id="2561305223" visible="true" version="1" changeset="19233941" timestamp="2013-12-02T14:11:20Z" user="ingalls_nycbuildings" uid="1812841" lat="40.6730663" lon="-73.8921415"/>
 <node id="2561305224" visible="true" version="1" changeset="19233941" timestamp="2013-12-02T14:11:20Z" user="ingalls_nycbuildings" uid="1812841" lat="40.6730675" lon="-73.8916261"/>
 <node id="2561305225" visible="true" version="1" changeset="19233941" timestamp="2013-12-02T14:11:20Z" user="ingalls_nycbuildings" uid="1812841" lat="40.6730685" lon="-73.8916195"/>
 <node id="2561305226" visible="true" version="1" changeset="19233941" timestamp="2013-12-02T14:11:20Z" user="ingalls_nycbuildings" uid="1812841" lat="40.6730695" lon="-73.8921187"/>
 <node id="2561305227" visible="true" version="1" changeset="19233941" timestamp="2013-12-02T14:11:20Z" user="ingalls_nycbuildings" uid="1812841" lat="40.6730717" lon="-73.8919489"/>
 <node id="2561305228" visible="true" version="1" changeset="19233941" timestamp="2013-12-02T14:11:20Z" user="ingalls_nycbuildings" uid="1812841" lat="40.6730807" lon="-73.8905564"/>
 <node id="2561305229" visible="true" version="1" changeset="19233941" timestamp="2013-12-02T14:11:20Z" user="ingalls_nycbuildings" uid="1812841" lat="40.6730818" lon="-73.8905490"/>
 <node id="2561305230" visible="true" version="1" changeset="19233941" timestamp="2013-12-02T14:11:20Z" user="ingalls_nycbuildings" uid="1812841" lat="40.6730827" lon="-73.8907101"/>
 <node id="2561305231" visible="true" version="1" changeset="19233941" timestamp="2013-12-02T14:11:20Z" user="ingalls_nycbuildings" uid="1812841" lat="40.6730828" lon="-73.8916302"/>
 <node id="2561305232" visible="true" version="1" changeset="19233941" timestamp="2013-12-02T14:11:20Z" user="ingalls_nycbuildings" uid="1812841" lat="40.6730838" lon="-73.8916236"/>
 <node id="2561305233" visible="true" version="1" changeset="19233941" timestamp="2013-12-02T14:11:20Z" user="ingalls_nycbuildings" uid="1812841" lat="40.6730840" lon="-73.8907013"/>
 <node id="2561305234" visible="true" version="1" changeset="19233941" timestamp="2013-12-02T14:11:20Z" user="ingalls_nycbuildings" uid="1812841" lat="40.6730864" lon="-73.8914701"/>
 <node id="2561305235" visible="true" version="1" changeset="19233941" timestamp="2013-12-02T14:11:20Z" user="ingalls_nycbuildings" uid="1812841" lat="40.6730884" lon="-73.8914574"/>
 <node id="2561305236" visible="true" version="1" changeset="19233941" timestamp="2013-12-02T14:11:20Z" user="ingalls_nycbuildings" uid="1812841" lat="40.6730888" lon="-73.8916752"/>
 <node id="2561305237" visible="true" version="1" changeset="19233941" timestamp="2013-12-02T14:11:20Z" user="ingalls_nycbuildings" uid="1812841" lat="40.6730931" lon="-73.8918958"/>
 <node id="2561305238" visible="true" version="1" changeset="19233941" timestamp="2013-12-02T14:11:20Z" user="ingalls_nycbuildings" uid="1812841" lat="40.6730958" lon="-73.8907136"/>
 <node id="2561305239" visible="true" version="1" changeset="19233941" timestamp="2013-12-02T14:11:20Z" user="ingalls_nycbuildings" uid="1812841" lat="40.6730962" lon="-73.8916269"/>
 <node id="2561305240" visible="true" version="1" changeset="19233941" timestamp="2013-12-02T14:11:20Z" user="ingalls_nycbuildings" uid="1812841" lat="40.6730971" lon="-73.8907047"/>
 <node id="2561305241" visible="true" version="1" changeset="19233941" timestamp="2013-12-02T14:11:20Z" user="ingalls_nycbuildings" uid="1812841" lat="40.6731014" lon="-73.8914688"/>
 <node id="2561305242" visible="true" version="1" changeset="19233941" timestamp="2013-12-02T14:11:20Z" user="ingalls_nycbuildings" uid="1812841" lat="40.6731026" lon="-73.8914611"/>
 <node id="2561305243" visible="true" version="1" changeset="19233941" timestamp="2013-12-02T14:11:20Z" user="ingalls_nycbuildings" uid="1812841" lat="40.6731049" lon="-73.8905627"/>
 <node id="2561305244" visible="true" version="1" changeset="19233941" timestamp="2013-12-02T14:11:20Z" user="ingalls_nycbuildings" uid="1812841" lat="40.6731060" lon="-73.8905554"/>
 <node id="2561305245" visible="true" version="1" changeset="19233941" timestamp="2013-12-02T14:11:20Z" user="ingalls_nycbuildings" uid="1812841" lat="40.6731117" lon="-73.8919608"/>
 <node id="2561305246" visible="true" version="1" changeset="19233941" timestamp="2013-12-02T14:11:20Z" user="ingalls_nycbuildings" uid="1812841" lat="40.6731122" lon="-73.8921526"/>
 <node id="2561305247" visible="true" version="1" changeset="19233941" timestamp="2013-12-02T14:11:20Z" user="ingalls_nycbuildings" uid="1812841" lat="40.6731126" lon="-73.8916815"/>
 <node id="2561305248" visible="true" version="1" changeset="19233941" timestamp="2013-12-02T14:11:20Z" user="ingalls_nycbuildings" uid="1812841" lat="40.6731145" lon="-73.8914722"/>
 <node id="2561305249" visible="true" version="1" changeset="19233941" timestamp="2013-12-02T14:11:20Z" user="ingalls_nycbuildings" uid="1812841" lat="40.6731169" lon="-73.8912607"/>
 <node id="2561305250" visible="true" version="1" changeset="19233941" timestamp="2013-12-02T14:11:20Z" user="ingalls_nycbuildings" uid="1812841" lat="40.6731169" lon="-73.8914563"/>
 <node id="2561305251" visible="true" version="1" changeset="19233941" timestamp="2013-12-02T14:11:20Z" user="ingalls_nycbuildings" uid="1812841" lat="40.6731181" lon="-73.8905662"/>
 <node id="2561305252" visible="true" version="1" changeset="19233941" timestamp="2013-12-02T14:11:20Z" user="ingalls_nycbuildings" uid="1812841" lat="40.6731190" lon="-73.8912475"/>
 <node id="2561305253" visible="true" version="1" changeset="19233941" timestamp="2013-12-02T14:11:20Z" user="ingalls_nycbuildings" uid="1812841" lat="40.6731192" lon="-73.8905588"/>
 <node id="2561305254" visible="true" version="1" changeset="19233941" timestamp="2013-12-02T14:11:21Z" user="ingalls_nycbuildings" uid="1812841" lat="40.6731200" lon="-73.8919023"/>
 <node id="2561305255" visible="true" version="1" changeset="19233941" timestamp="2013-12-02T14:11:21Z" user="ingalls_nycbuildings" uid="1812841" lat="40.6731279" lon="-73.8921335"/>
 <node id="2561305256" visible="true" version="1" changeset="19233941" timestamp="2013-12-02T14:11:21Z" user="ingalls_nycbuildings" uid="1812841" lat="40.6731281" lon="-73.8912638"/>
 <node id="2561305257" visible="true" version="1" changeset="19233941" timestamp="2013-12-02T14:11:21Z" user="ingalls_nycbuildings" uid="1812841" lat="40.6731302" lon="-73.8912506"/>
 <node id="2561305258" visible="true" version="1" changeset="19233941" timestamp="2013-12-02T14:11:21Z" user="ingalls_nycbuildings" uid="1812841" lat="40.6731320" lon="-73.8921558"/>
 <node id="2561305259" visible="true" version="1" changeset="19233941" timestamp="2013-12-02T14:11:21Z" user="ingalls_nycbuildings" uid="1812841" lat="40.6731353" lon="-73.8921356"/>
 <node id="2561305260" visible="true" version="1" changeset="19233941" timestamp="2013-12-02T14:11:21Z" user="ingalls_nycbuildings" uid="1812841" lat="40.6731383" lon="-73.8919673"/>
 <node id="2561305261" visible="true" version="1" changeset="19233941" timestamp="2013-12-02T14:11:21Z" user="ingalls_nycbuildings" uid="1812841" lat="40.6731425" lon="-73.8912774"/>
 <node id="2561305262" visible="true" version="1" changeset="19233941" timestamp="2013-12-02T14:11:21Z" user="ingalls_nycbuildings" uid="1812841" lat="40.6731428" lon="-73.8920410"/>
 <node id="2561305263" visible="true" version="1" changeset="19233941" timestamp="2013-12-02T14:11:21Z" user="ingalls_nycbuildings" uid="1812841" lat="40.6731429" lon="-73.8910992"/>
 <node id="2561305264" visible="true" version="1" changeset="19233941" timestamp="2013-12-02T14:11:21Z" user="ingalls_nycbuildings" uid="1812841" lat="40.6731440" lon="-73.8910929"/>
 <node id="2561305265" visible="true" version="1" changeset="19233941" timestamp="2013-12-02T14:11:21Z" user="ingalls_nycbuildings" uid="1812841" lat="40.6731460" lon="-73.8914640"/>
 <node id="2561305266" visible="true" version="1" changeset="19233941" timestamp="2013-12-02T14:11:21Z" user="ingalls_nycbuildings" uid="1812841" lat="40.6731461" lon="-73.8912550"/>
 <node id="2561305267" visible="true" version="1" changeset="19233941" timestamp="2013-12-02T14:11:21Z" user="ingalls_nycbuildings" uid="1812841" lat="40.6731502" lon="-73.8920430"/>
 <node id="2561305268" visible="true" version="1" changeset="19233941" timestamp="2013-12-02T14:11:21Z" user="ingalls_nycbuildings" uid="1812841" lat="40.6731542" lon="-73.8911023"/>
 <node id="2561305269" visible="true" version="1" changeset="19233941" timestamp="2013-12-02T14:11:21Z" user="ingalls_nycbuildings" uid="1812841" lat="40.6731552" lon="-73.8910960"/>
 <node id="2561305270" visible="true" version="1" changeset="19233941" timestamp="2013-12-02T14:11:21Z" user="ingalls_nycbuildings" uid="1812841" lat="40.6731592" lon="-73.8919876"/>
 <node id="2561305271" visible="true" version="1" changeset="19233941" timestamp="2013-12-02T14:11:21Z" user="ingalls_nycbuildings" uid="1812841" lat="40.6731633" lon="-73.8919887"/>
 <node id="2561305272" visible="true" version="1" changeset="19233941" timestamp="2013-12-02T14:11:21Z" user="ingalls_nycbuildings" uid="1812841" lat="40.6731694" lon="-73.8912849"/>
 <node id="2561305273" visible="true" version="1" changeset="19233941" timestamp="2013-12-02T14:11:21Z" user="ingalls_nycbuildings" uid="1812841" lat="40.6731700" lon="-73.8911067"/>
 <node id="2561305274" visible="true" version="1" changeset="19233941" timestamp="2013-12-02T14:11:21Z" user="ingalls_nycbuildings" uid="1812841" lat="40.6731777" lon="-73.8910592"/>
 <node id="2561305275" visible="true" version="1" changeset="19233941" timestamp="2013-12-02T14:11:21Z" user="ingalls_nycbuildings" uid="1812841" lat="40.6731784" lon="-73.8918957"/>
 <node id="2561305276" visible="true" version="1" changeset="19233941" timestamp="2013-12-02T14:11:21Z" user="ingalls_nycbuildings" uid="1812841" lat="40.6731808" lon="-73.8921694"/>
 <node id="2561305277" visible="true" version="1" changeset="19233941" timestamp="2013-12-02T14:11:21Z" user="ingalls_nycbuildings" uid="1812841" lat="40.6731949" lon="-73.8907412"/>
 <node id="2561305278" visible="true" version="1" changeset="19233941" timestamp="2013-12-02T14:11:21Z" user="ingalls_nycbuildings" uid="1812841" lat="40.6731965" lon="-73.8907306"/>
 <node id="2561305279" visible="true" version="1" changeset="19233941" timestamp="2013-12-02T14:11:21Z" user="ingalls_nycbuildings" uid="1812841" lat="40.6731968" lon="-73.8921705"/>
 <node id="2561305280" visible="true" version="1" changeset="19233941" timestamp="2013-12-02T14:11:21Z" user="ingalls_nycbuildings" uid="1812841" lat="40.6731974" lon="-73.8919982"/>
 <node id="2561305281" visible="true" version="1" changeset="19233941" timestamp="2013-12-02T14:11:21Z" user="ingalls_nycbuildings" uid="1812841" lat="40.6732025" lon="-73.8921275"/>
 <node id="2561305282" visible="true" version="1" changeset="19233941" timestamp="2013-12-02T14:11:21Z" user="ingalls_nycbuildings" uid="1812841" lat="40.6732046" lon="-73.8910667"/>
 <node id="2561305283" visible="true" version="1" changeset="19233941" timestamp="2013-12-02T14:11:21Z" user="ingalls_nycbuildings" uid="1812841" lat="40.6732080" lon="-73.8920012"/>
 <node id="2561305284" visible="true" version="1" changeset="19233941" timestamp="2013-12-02T14:11:21Z" user="ingalls_nycbuildings" uid="1812841" lat="40.6732084" lon="-73.8907447"/>
 <node id="2561305285" visible="true" version="1" changeset="19233941" timestamp="2013-12-02T14:11:21Z" user="ingalls_nycbuildings" uid="1812841" lat="40.6732100" lon="-73.8907342"/>
 <node id="2561305286" visible="true" version="1" changeset="19233941" timestamp="2013-12-02T14:11:21Z" user="ingalls_nycbuildings" uid="1812841" lat="40.6732109" lon="-73.8917076"/>
 <node id="2561305287" visible="true" version="1" changeset="19233941" timestamp="2013-12-02T14:11:21Z" user="ingalls_nycbuildings" uid="1812841" lat="40.6732114" lon="-73.8920600"/>
 <node id="2561305288" visible="true" version="1" changeset="19233941" timestamp="2013-12-02T14:11:21Z" user="ingalls_nycbuildings" uid="1812841" lat="40.6732125" lon="-73.8919052"/>
 <node id="2561305289" visible="true" version="1" changeset="19233941" timestamp="2013-12-02T14:11:21Z" user="ingalls_nycbuildings" uid="1812841" lat="40.6732158" lon="-73.8912063"/>
 <node id="2561305290" visible="true" version="1" changeset="19233941" timestamp="2013-12-02T14:11:21Z" user="ingalls_nycbuildings" uid="1812841" lat="40.6732161" lon="-73.8907889"/>
 <node id="2561305291" visible="true" version="1" changeset="19233941" timestamp="2013-12-02T14:11:21Z" user="ingalls_nycbuildings" uid="1812841" lat="40.6732185" lon="-73.8905847"/>
 <node id="2561305292" visible="true" version="1" changeset="19233941" timestamp="2013-12-02T14:11:21Z" user="ingalls_nycbuildings" uid="1812841" lat="40.6732209" lon="-73.8905694"/>
 <node id="2561305293" visible="true" version="1" changeset="19233941" timestamp="2013-12-02T14:11:21Z" user="ingalls_nycbuildings" uid="1812841" lat="40.6732238" lon="-73.8907378"/>
 <node id="2561305294" visible="true" version="1" changeset="19233941" timestamp="2013-12-02T14:11:21Z" user="ingalls_nycbuildings" uid="1812841" lat="40.6732258" lon="-73.8920633"/>
 <node id="2561305295" visible="true" version="1" changeset="19233941" timestamp="2013-12-02T14:11:21Z" user="ingalls_nycbuildings" uid="1812841" lat="40.6732301" lon="-73.8920305"/>
 <node id="2561305296" visible="true" version="1" changeset="19233941" timestamp="2013-12-02T14:11:21Z" user="ingalls_nycbuildings" uid="1812841" lat="40.6732321" lon="-73.8905882"/>
 <node id="2561305297" visible="true" version="1" changeset="19233941" timestamp="2013-12-02T14:11:21Z" user="ingalls_nycbuildings" uid="1812841" lat="40.6732344" lon="-73.8905729"/>
 <node id="2561305298" visible="true" version="1" changeset="19233941" timestamp="2013-12-02T14:11:21Z" user="ingalls_nycbuildings" uid="1812841" lat="40.6732347" lon="-73.8915488"/>
 <node id="2561305299" visible="true" version="1" changeset="19233941" timestamp="2013-12-02T14:11:21Z" user="ingalls_nycbuildings" uid="1812841" lat="40.6732390" lon="-73.8910488"/>
 <node id="2561305300" visible="true" version="1" changeset="19233941" timestamp="2013-12-02T14:11:21Z" user="ingalls_nycbuildings" uid="1812841" lat="40.6732435" lon="-73.8907960"/>
 <node id="2561305301" visible="true" version="1" changeset="19233941" timestamp="2013-12-02T14:11:21Z" user="ingalls_nycbuildings" uid="1812841" lat="40.6732459" lon="-73.8905918"/>
 <node id="2561305302" visible="true" version="1" changeset="19233941" timestamp="2013-12-02T14:11:21Z" user="ingalls_nycbuildings" uid="1812841" lat="40.6732473" lon="-73.8921820"/>
 <node id="2561305303" visible="true" version="1" changeset="19233941" timestamp="2013-12-02T14:11:21Z" user="ingalls_nycbuildings" uid="1812841" lat="40.6732495" lon="-73.8905682"/>
 <node id="2561305304" visible="true" version="1" changeset="19233941" timestamp="2013-12-02T14:11:21Z" user="ingalls_nycbuildings" uid="1812841" lat="40.6732571" lon="-73.8908842"/>
 <node id="2561305305" visible="true" version="1" changeset="19233941" timestamp="2013-12-02T14:11:21Z" user="ingalls_nycbuildings" uid="1812841" lat="40.6732597" lon="-73.8908294"/>
 <node id="2561305306" visible="true" version="1" changeset="19233941" timestamp="2013-12-02T14:11:21Z" user="ingalls_nycbuildings" uid="1812841" lat="40.6732633" lon="-73.8921893"/>
 <node id="2561305307" visible="true" version="1" changeset="19233941" timestamp="2013-12-02T14:11:22Z" user="ingalls_nycbuildings" uid="1812841" lat="40.6732649" lon="-73.8917216"/>
 <node id="2561305308" visible="true" version="1" changeset="19233941" timestamp="2013-12-02T14:11:22Z" user="ingalls_nycbuildings" uid="1812841" lat="40.6732651" lon="-73.8906529"/>
 <node id="2561305309" visible="true" version="1" changeset="19233941" timestamp="2013-12-02T14:11:22Z" user="ingalls_nycbuildings" uid="1812841" lat="40.6732652" lon="-73.8908308"/>
 <node id="2561305310" visible="true" version="1" changeset="19233941" timestamp="2013-12-02T14:11:22Z" user="ingalls_nycbuildings" uid="1812841" lat="40.6732663" lon="-73.8920388"/>
 <node id="2561305311" visible="true" version="1" changeset="19233941" timestamp="2013-12-02T14:11:22Z" user="ingalls_nycbuildings" uid="1812841" lat="40.6732670" lon="-73.8920864"/>
 <node id="2561305312" visible="true" version="1" changeset="19233941" timestamp="2013-12-02T14:11:22Z" user="ingalls_nycbuildings" uid="1812841" lat="40.6732742" lon="-73.8912211"/>
 <node id="2561305313" visible="true" version="1" changeset="19233941" timestamp="2013-12-02T14:11:22Z" user="ingalls_nycbuildings" uid="1812841" lat="40.6732761" lon="-73.8920261"/>
 <node id="2561305314" visible="true" version="1" changeset="19233941" timestamp="2013-12-02T14:11:22Z" user="ingalls_nycbuildings" uid="1812841" lat="40.6732768" lon="-73.8905754"/>
 <node id="2561305315" visible="true" version="1" changeset="19233941" timestamp="2013-12-02T14:11:22Z" user="ingalls_nycbuildings" uid="1812841" lat="40.6732784" lon="-73.8920894"/>
 <node id="2561305316" visible="true" version="1" changeset="19233941" timestamp="2013-12-02T14:11:22Z" user="ingalls_nycbuildings" uid="1812841" lat="40.6732856" lon="-73.8906583"/>
 <node id="2561305317" visible="true" version="1" changeset="19233941" timestamp="2013-12-02T14:11:22Z" user="ingalls_nycbuildings" uid="1812841" lat="40.6732887" lon="-73.8915628"/>
 <node id="2561305318" visible="true" version="1" changeset="19233941" timestamp="2013-12-02T14:11:22Z" user="ingalls_nycbuildings" uid="1812841" lat="40.6732974" lon="-73.8910636"/>
 <node id="2561305319" visible="true" version="1" changeset="19233941" timestamp="2013-12-02T14:11:22Z" user="ingalls_nycbuildings" uid="1812841" lat="40.6733011" lon="-73.8920474"/>
 <node id="2561305320" visible="true" version="1" changeset="19233941" timestamp="2013-12-02T14:11:22Z" user="ingalls_nycbuildings" uid="1812841" lat="40.6733033" lon="-73.8920332"/>
 <node id="2561305321" visible="true" version="1" changeset="19233941" timestamp="2013-12-02T14:11:22Z" user="ingalls_nycbuildings" uid="1812841" lat="40.6733167" lon="-73.8922033"/>
 <node id="2561305322" visible="true" version="1" changeset="19233941" timestamp="2013-12-02T14:11:22Z" user="ingalls_nycbuildings" uid="1812841" lat="40.6733186" lon="-73.8917355"/>
 <node id="2561305323" visible="true" version="1" changeset="19233941" timestamp="2013-12-02T14:11:22Z" user="ingalls_nycbuildings" uid="1812841" lat="40.6733307" lon="-73.8912355"/>
 <node id="2561305324" visible="true" version="1" changeset="19233941" timestamp="2013-12-02T14:11:22Z" user="ingalls_nycbuildings" uid="1812841" lat="40.6733389" lon="-73.8920573"/>
 <node id="2561305325" visible="true" version="1" changeset="19233941" timestamp="2013-12-02T14:11:22Z" user="ingalls_nycbuildings" uid="1812841" lat="40.6733424" lon="-73.8915768"/>
 <node id="2561305326" visible="true" version="1" changeset="19233941" timestamp="2013-12-02T14:11:22Z" user="ingalls_nycbuildings" uid="1812841" lat="40.6733465" lon="-73.8908137"/>
 <node id="2561305327" visible="true" version="1" changeset="19233941" timestamp="2013-12-02T14:11:22Z" user="ingalls_nycbuildings" uid="1812841" lat="40.6733539" lon="-73.8910780"/>
 <node id="2561305328" visible="true" version="1" changeset="19233941" timestamp="2013-12-02T14:11:22Z" user="ingalls_nycbuildings" uid="1812841" lat="40.6733645" lon="-73.8906945"/>
 <node id="2561305329" visible="true" version="1" changeset="19233941" timestamp="2013-12-02T14:11:22Z" user="ingalls_nycbuildings" uid="1812841" lat="40.6733658" lon="-73.8909126"/>
 <node id="2561305330" visible="true" version="1" changeset="19233941" timestamp="2013-12-02T14:11:22Z" user="ingalls_nycbuildings" uid="1812841" lat="40.6733717" lon="-73.8917492"/>
 <node id="2561305331" visible="true" version="1" changeset="19233941" timestamp="2013-12-02T14:11:22Z" user="ingalls_nycbuildings" uid="1812841" lat="40.6733795" lon="-73.8908223"/>
 <node id="2561305332" visible="true" version="1" changeset="19233941" timestamp="2013-12-02T14:11:22Z" user="ingalls_nycbuildings" uid="1812841" lat="40.6733854" lon="-73.8912494"/>
 <node id="2561305333" visible="true" version="1" changeset="19233941" timestamp="2013-12-02T14:11:22Z" user="ingalls_nycbuildings" uid="1812841" lat="40.6733956" lon="-73.8915905"/>
 <node id="2561305334" visible="true" version="1" changeset="19233941" timestamp="2013-12-02T14:11:22Z" user="ingalls_nycbuildings" uid="1812841" lat="40.6733975" lon="-73.8907031"/>
 <node id="2561305335" visible="true" version="1" changeset="19233941" timestamp="2013-12-02T14:11:22Z" user="ingalls_nycbuildings" uid="1812841" lat="40.6734050" lon="-73.8908789"/>
 <node id="2561305336" visible="true" version="1" changeset="19233941" timestamp="2013-12-02T14:11:23Z" user="ingalls_nycbuildings" uid="1812841" lat="40.6734086" lon="-73.8910919"/>
 <node id="2561305337" visible="true" version="1" changeset="19233941" timestamp="2013-12-02T14:11:23Z" user="ingalls_nycbuildings" uid="1812841" lat="40.6734115" lon="-73.8906105"/>
 <node id="2561305338" visible="true" version="1" changeset="19233941" timestamp="2013-12-02T14:11:23Z" user="ingalls_nycbuildings" uid="1812841" lat="40.6734229" lon="-73.8917625"/>
 <node id="2561305339" visible="true" version="1" changeset="19233941" timestamp="2013-12-02T14:11:23Z" user="ingalls_nycbuildings" uid="1812841" lat="40.6734389" lon="-73.8906571"/>
 <node id="2561305340" visible="true" version="1" changeset="19233941" timestamp="2013-12-02T14:11:23Z" user="ingalls_nycbuildings" uid="1812841" lat="40.6734398" lon="-73.8912632"/>
 <node id="2561305341" visible="true" version="1" changeset="19233941" timestamp="2013-12-02T14:11:23Z" user="ingalls_nycbuildings" uid="1812841" lat="40.6734467" lon="-73.8916038"/>
 <node id="2561305342" visible="true" version="1" changeset="19233941" timestamp="2013-12-02T14:11:23Z" user="ingalls_nycbuildings" uid="1812841" lat="40.6734529" lon="-73.8908916"/>
 <node id="2561305343" visible="true" version="1" changeset="19233941" timestamp="2013-12-02T14:11:23Z" user="ingalls_nycbuildings" uid="1812841" lat="40.6734547" lon="-73.8922724"/>
 <node id="2561305344" visible="true" version="1" changeset="19233941" timestamp="2013-12-02T14:11:23Z" user="ingalls_nycbuildings" uid="1812841" lat="40.6734630" lon="-73.8911057"/>
 <node id="2561305345" visible="true" version="1" changeset="19233941" timestamp="2013-12-02T14:11:23Z" user="ingalls_nycbuildings" uid="1812841" lat="40.6734669" lon="-73.8921884"/>
 <node id="2561305346" visible="true" version="1" changeset="19233941" timestamp="2013-12-02T14:11:23Z" user="ingalls_nycbuildings" uid="1812841" lat="40.6734868" lon="-73.8906697"/>
 <node id="2561305347" visible="true" version="1" changeset="19233941" timestamp="2013-12-02T14:11:23Z" user="ingalls_nycbuildings" uid="1812841" lat="40.6734927" lon="-73.8912766"/>
 <node id="2561305348" visible="true" version="1" changeset="19233941" timestamp="2013-12-02T14:11:23Z" user="ingalls_nycbuildings" uid="1812841" lat="40.6735008" lon="-73.8909042"/>
 <node id="2561305349" visible="true" version="1" changeset="19233941" timestamp="2013-12-02T14:11:23Z" user="ingalls_nycbuildings" uid="1812841" lat="40.6735105" lon="-73.8921921"/>
 <node id="2561305350" visible="true" version="1" changeset="19233941" timestamp="2013-12-02T14:11:23Z" user="ingalls_nycbuildings" uid="1812841" lat="40.6735159" lon="-73.8911191"/>
 <node id="2561305351" visible="true" version="1" changeset="19233941" timestamp="2013-12-02T14:11:23Z" user="ingalls_nycbuildings" uid="1812841" lat="40.6735187" lon="-73.8921331"/>
 <node id="2561305352" visible="true" version="1" changeset="19233941" timestamp="2013-12-02T14:11:23Z" user="ingalls_nycbuildings" uid="1812841" lat="40.6735347" lon="-73.8906823"/>
 <node id="2561305353" visible="true" version="1" changeset="19233941" timestamp="2013-12-02T14:11:23Z" user="ingalls_nycbuildings" uid="1812841" lat="40.6735354" lon="-73.8913387"/>
 <node id="2561305354" visible="true" version="1" changeset="19233941" timestamp="2013-12-02T14:11:23Z" user="ingalls_nycbuildings" uid="1812841" lat="40.6735442" lon="-73.8912791"/>
 <node id="2561305355" visible="true" version="1" changeset="19233941" timestamp="2013-12-02T14:11:23Z" user="ingalls_nycbuildings" uid="1812841" lat="40.6735582" lon="-73.8922113"/>
 <node id="2561305356" visible="true" version="1" changeset="19233941" timestamp="2013-12-02T14:11:23Z" user="ingalls_nycbuildings" uid="1812841" lat="40.6735620" lon="-73.8922188"/>
 <node id="2561305357" visible="true" version="1" changeset="19233941" timestamp="2013-12-02T14:11:23Z" user="ingalls_nycbuildings" uid="1812841" lat="40.6735819" lon="-73.8922238"/>
 <node id="2561305358" visible="true" version="1" changeset="19233941" timestamp="2013-12-02T14:11:23Z" user="ingalls_nycbuildings" uid="1812841" lat="40.6735858" lon="-73.8909273"/>
 <node id="2561305359" visible="true" version="1" changeset="19233941" timestamp="2013-12-02T14:11:23Z" user="ingalls_nycbuildings" uid="1812841" lat="40.6735884" lon="-73.8922188"/>
 <node id="2561305360" visible="true" version="1" changeset="19233941" timestamp="2013-12-02T14:11:23Z" user="ingalls_nycbuildings" uid="1812841" lat="40.6735927" lon="-73.8908707"/>
 <node id="2561305361" visible="true" version="1" changeset="19233941" timestamp="2013-12-02T14:11:23Z" user="ingalls_nycbuildings" uid="1812841" lat="40.6735985" lon="-73.8911815"/>
 <node id="2561305362" visible="true" version="1" changeset="19233941" timestamp="2013-12-02T14:11:23Z" user="ingalls_nycbuildings" uid="1812841" lat="40.6736079" lon="-73.8911199"/>
 <node id="2561305363" visible="true" version="1" changeset="19233941" timestamp="2013-12-02T14:11:23Z" user="ingalls_nycbuildings" uid="1812841" lat="40.6736178" lon="-73.8910548"/>
 <node id="2561305364" visible="true" version="1" changeset="19233941" timestamp="2013-12-02T14:11:23Z" user="ingalls_nycbuildings" uid="1812841" lat="40.6736406" lon="-73.8913037"/>
 <node id="2561305365" visible="true" version="1" changeset="19233941" timestamp="2013-12-02T14:11:23Z" user="ingalls_nycbuildings" uid="1812841" lat="40.6736439" lon="-73.8923198"/>
 <node id="2561305366" visible="true" version="1" changeset="19233941" timestamp="2013-12-02T14:11:23Z" user="ingalls_nycbuildings" uid="1812841" lat="40.6736480" lon="-73.8912541"/>
 <node id="2561305367" visible="true" version="1" changeset="19233941" timestamp="2013-12-02T14:11:23Z" user="ingalls_nycbuildings" uid="1812841" lat="40.6736561" lon="-73.8922358"/>
 <node id="2561305368" visible="true" version="1" changeset="19233941" timestamp="2013-12-02T14:11:23Z" user="ingalls_nycbuildings" uid="1812841" lat="40.6736630" lon="-73.8909436"/>
 <node id="2561305369" visible="true" version="1" changeset="19233941" timestamp="2013-12-02T14:11:23Z" user="ingalls_nycbuildings" uid="1812841" lat="40.6736646" lon="-73.8922293"/>
 <node id="2561305370" visible="true" version="1" changeset="19233941" timestamp="2013-12-02T14:11:23Z" user="ingalls_nycbuildings" uid="1812841" lat="40.6736673" lon="-73.8912590"/>
 <node id="2561305371" visible="true" version="1" changeset="19233941" timestamp="2013-12-02T14:11:23Z" user="ingalls_nycbuildings" uid="1812841" lat="40.6736699" lon="-73.8908869"/>
 <node id="2561305372" visible="true" version="1" changeset="19233941" timestamp="2013-12-02T14:11:23Z" user="ingalls_nycbuildings" uid="1812841" lat="40.6736712" lon="-73.8912325"/>
 <node id="2561305373" visible="true" version="1" changeset="19233941" timestamp="2013-12-02T14:11:23Z" user="ingalls_nycbuildings" uid="1812841" lat="40.6736729" lon="-73.8921703"/>
 <node id="2561305374" visible="true" version="1" changeset="19233941" timestamp="2013-12-02T14:11:23Z" user="ingalls_nycbuildings" uid="1812841" lat="40.6736800" lon="-73.8910464"/>
 <node id="2561305375" visible="true" version="1" changeset="19233941" timestamp="2013-12-02T14:11:23Z" user="ingalls_nycbuildings" uid="1812841" lat="40.6736908" lon="-73.8909693"/>
 <node id="2561305376" visible="true" version="1" changeset="19233941" timestamp="2013-12-02T14:11:23Z" user="ingalls_nycbuildings" uid="1812841" lat="40.6737643" lon="-73.8912251"/>
 <node id="2561305377" visible="true" version="1" changeset="19233941" timestamp="2013-12-02T14:11:23Z" user="ingalls_nycbuildings" uid="1812841" lat="40.6737655" lon="-73.8913964"/>
 <node id="2561305378" visible="true" version="1" changeset="19233941" timestamp="2013-12-02T14:11:23Z" user="ingalls_nycbuildings" uid="1812841" lat="40.6737731" lon="-73.8913378"/>
 <node id="2561305379" visible="true" version="1" changeset="19233941" timestamp="2013-12-02T14:11:23Z" user="ingalls_nycbuildings" uid="1812841" lat="40.6737737" lon="-73.8911634"/>
 <node id="2561305380" visible="true" version="1" changeset="19233941" timestamp="2013-12-02T14:11:23Z" user="ingalls_nycbuildings" uid="1812841" lat="40.6737836" lon="-73.8910983"/>
 <node id="2561305381" visible="true" version="1" changeset="19233941" timestamp="2013-12-02T14:11:23Z" user="ingalls_nycbuildings" uid="1812841" lat="40.6737860" lon="-73.8913412"/>
 <node id="2561305382" visible="true" version="1" changeset="19233941" timestamp="2013-12-02T14:11:23Z" user="ingalls_nycbuildings" uid="1812841" lat="40.6737973" lon="-73.8912647"/>
 <node id="2561305383" visible="true" version="1" changeset="19233941" timestamp="2013-12-02T14:11:23Z" user="ingalls_nycbuildings" uid="1812841" lat="40.6738354" lon="-73.8910841"/>
 <node id="2561305384" visible="true" version="1" changeset="19233941" timestamp="2013-12-02T14:11:23Z" user="ingalls_nycbuildings" uid="1812841" lat="40.6738462" lon="-73.8910071"/>
 <node id="2566965742" visible="true" version="1" changeset="19295929" timestamp="2013-12-05T20:31:16Z" user="ediyes_nycbuildings" uid="1815736" lat="40.6736495" lon="-73.8904500"/>
 <node id="2566965772" visible="true" version="1" changeset="19295929" timestamp="2013-12-05T20:31:16Z" user="ediyes_nycbuildings" uid="1815736" lat="40.6736886" lon="-73.8901870"/>
 <node id="2566965822" visible="true" version="1" changeset="19295929" timestamp="2013-12-05T20:31:17Z" user="ediyes_nycbuildings" uid="1815736" lat="40.6737843" lon="-73.8904846"/>
 <node id="2566965853" visible="true" version="1" changeset="19295929" timestamp="2013-12-05T20:31:18Z" user="ediyes_nycbuildings" uid="1815736" lat="40.6738235" lon="-73.8902216"/>
 <node id="2567002236" visible="true" version="1" changeset="19296288" timestamp="2013-12-05T20:54:12Z" user="ediyes_nycbuildings" uid="1815736" lat="40.6726200" lon="-73.8924715">
  <tag k="addr:housenumber" v="2165"/>
  <tag k="addr:postcode" v="11207"/>
  <tag k="addr:street" v="Pitkin Avenue"/>
 </node>
 <node id="2567002252" visible="true" version="1" changeset="19296288" timestamp="2013-12-05T20:54:12Z" user="ediyes_nycbuildings" uid="1815736" lat="40.6726376" lon="-73.8923017">
  <tag k="addr:housenumber" v="274"/>
  <tag k="addr:postcode" v="11207"/>
  <tag k="addr:street" v="Bradford Street"/>
 </node>
 <node id="2567002356" visible="true" version="1" changeset="19296288" timestamp="2013-12-05T20:54:13Z" user="ediyes_nycbuildings" uid="1815736" lat="40.6723542" lon="-73.8935045"/>
 <node id="2567002359" visible="true" version="1" changeset="19296288" timestamp="2013-12-05T20:54:13Z" user="ediyes_nycbuildings" uid="1815736" lat="40.6723778" lon="-73.8933397"/>
 <node id="2567002362" visible="true" version="1" changeset="19296288" timestamp="2013-12-05T20:54:13Z" user="ediyes_nycbuildings" uid="1815736" lat="40.6723828" lon="-73.8933290"/>
 <node id="2567002365" visible="true" version="1" changeset="19296288" timestamp="2013-12-05T20:54:13Z" user="ediyes_nycbuildings" uid="1815736" lat="40.6723939" lon="-73.8932511"/>
 <node id="2567002368" visible="true" version="1" changeset="19296288" timestamp="2013-12-05T20:54:13Z" user="ediyes_nycbuildings" uid="1815736" lat="40.6723973" lon="-73.8932388"/>
 <node id="2567002371" visible="true" version="1" changeset="19296288" timestamp="2013-12-05T20:54:13Z" user="ediyes_nycbuildings" uid="1815736" lat="40.6724066" lon="-73.8931743"/>
 <node id="2567002374" visible="true" version="1" changeset="19296288" timestamp="2013-12-05T20:54:13Z" user="ediyes_nycbuildings" uid="1815736" lat="40.6724401" lon="-73.8929444"/>
 <node id="2567002381" visible="true" version="1" changeset="19296288" timestamp="2013-12-05T20:54:13Z" user="ediyes_nycbuildings" uid="1815736" lat="40.6724511" lon="-73.8929474"/>
 <node id="2567002385" visible="true" version="1" changeset="19296288" timestamp="2013-12-05T20:54:13Z" user="ediyes_nycbuildings" uid="1815736" lat="40.6724520" lon="-73.8929413"/>
 <node id="2567002388" visible="true" version="1" changeset="19296288" timestamp="2013-12-05T20:54:13Z" user="ediyes_nycbuildings" uid="1815736" lat="40.6724593" lon="-73.8935306"/>
 <node id="2567002396" visible="true" version="1" changeset="19296288" timestamp="2013-12-05T20:54:13Z" user="ediyes_nycbuildings" uid="1815736" lat="40.6724641" lon="-73.8927961"/>
 <node id="2567002400" visible="true" version="1" changeset="19296288" timestamp="2013-12-05T20:54:13Z" user="ediyes_nycbuildings" uid="1815736" lat="40.6724687" lon="-73.8934652"/>
 <node id="2567002415" visible="true" version="1" changeset="19296288" timestamp="2013-12-05T20:54:13Z" user="ediyes_nycbuildings" uid="1815736" lat="40.6724750" lon="-73.8927991"/>
 <node id="2567002423" visible="true" version="1" changeset="19296288" timestamp="2013-12-05T20:54:13Z" user="ediyes_nycbuildings" uid="1815736" lat="40.6724760" lon="-73.8927928"/>
 <node id="2567002432" visible="true" version="1" changeset="19296288" timestamp="2013-12-05T20:54:13Z" user="ediyes_nycbuildings" uid="1815736" lat="40.6724809" lon="-73.8929557"/>
 <node id="2567002436" visible="true" version="1" changeset="19296288" timestamp="2013-12-05T20:54:13Z" user="ediyes_nycbuildings" uid="1815736" lat="40.6724819" lon="-73.8929496"/>
 <node id="2567002442" visible="true" version="1" changeset="19296288" timestamp="2013-12-05T20:54:13Z" user="ediyes_nycbuildings" uid="1815736" lat="40.6724862" lon="-73.8933210"/>
 <node id="2567002447" visible="true" version="1" changeset="19296288" timestamp="2013-12-05T20:54:13Z" user="ediyes_nycbuildings" uid="1815736" lat="40.6724877" lon="-73.8926244"/>
 <node id="2567002458" visible="true" version="1" changeset="19296288" timestamp="2013-12-05T20:54:14Z" user="ediyes_nycbuildings" uid="1815736" lat="40.6724927" lon="-73.8932755"/>
 <node id="2567002462" visible="true" version="1" changeset="19296288" timestamp="2013-12-05T20:54:14Z" user="ediyes_nycbuildings" uid="1815736" lat="40.6724939" lon="-73.8925825"/>
 <node id="2567002470" visible="true" version="1" changeset="19296288" timestamp="2013-12-05T20:54:14Z" user="ediyes_nycbuildings" uid="1815736" lat="40.6724966" lon="-73.8925640"/>
 <node id="2567002494" visible="true" version="1" changeset="19296288" timestamp="2013-12-05T20:54:14Z" user="ediyes_nycbuildings" uid="1815736" lat="40.6724992" lon="-73.8925839"/>
 <node id="2567002498" visible="true" version="1" changeset="19296288" timestamp="2013-12-05T20:54:14Z" user="ediyes_nycbuildings" uid="1815736" lat="40.6725001" lon="-73.8935406"/>
 <node id="2567002502" visible="true" version="1" changeset="19296288" timestamp="2013-12-05T20:54:14Z" user="ediyes_nycbuildings" uid="1815736" lat="40.6725011" lon="-73.8925337"/>
 <node id="2567002509" visible="true" version="1" changeset="19296288" timestamp="2013-12-05T20:54:14Z" user="ediyes_nycbuildings" uid="1815736" lat="40.6725020" lon="-73.8925654"/>
 <node id="2567002513" visible="true" version="1" changeset="19296288" timestamp="2013-12-05T20:54:14Z" user="ediyes_nycbuildings" uid="1815736" lat="40.6725027" lon="-73.8935413"/>
 <node id="2567002520" visible="true" version="1" changeset="19296288" timestamp="2013-12-05T20:54:14Z" user="ediyes_nycbuildings" uid="1815736" lat="40.6725038" lon="-73.8925152"/>
 <node id="2567002524" visible="true" version="1" changeset="19296288" timestamp="2013-12-05T20:54:14Z" user="ediyes_nycbuildings" uid="1815736" lat="40.6725049" lon="-73.8928074"/>
 <node id="2567002528" visible="true" version="1" changeset="19296288" timestamp="2013-12-05T20:54:14Z" user="ediyes_nycbuildings" uid="1815736" lat="40.6725051" lon="-73.8929625"/>
 <node id="2567002532" visible="true" version="1" changeset="19296288" timestamp="2013-12-05T20:54:14Z" user="ediyes_nycbuildings" uid="1815736" lat="40.6725059" lon="-73.8928011"/>
 <node id="2567002536" visible="true" version="1" changeset="19296288" timestamp="2013-12-05T20:54:14Z" user="ediyes_nycbuildings" uid="1815736" lat="40.6725061" lon="-73.8929564"/>
 <node id="2567002539" visible="true" version="1" changeset="19296288" timestamp="2013-12-05T20:54:14Z" user="ediyes_nycbuildings" uid="1815736" lat="40.6725065" lon="-73.8925351"/>
 <node id="2567002543" visible="true" version="1" changeset="19296288" timestamp="2013-12-05T20:54:14Z" user="ediyes_nycbuildings" uid="1815736" lat="40.6725092" lon="-73.8925165"/>
 <node id="2567002547" visible="true" version="1" changeset="19296288" timestamp="2013-12-05T20:54:14Z" user="ediyes_nycbuildings" uid="1815736" lat="40.6725094" lon="-73.8934753"/>
 <node id="2567002553" visible="true" version="1" changeset="19296288" timestamp="2013-12-05T20:54:14Z" user="ediyes_nycbuildings" uid="1815736" lat="40.6725166" lon="-73.8932683"/>
 <node id="2567002556" visible="true" version="1" changeset="19296288" timestamp="2013-12-05T20:54:14Z" user="ediyes_nycbuildings" uid="1815736" lat="40.6725166" lon="-73.8933622"/>
 <node id="2567002557" visible="true" version="1" changeset="19296288" timestamp="2013-12-05T20:54:14Z" user="ediyes_nycbuildings" uid="1815736" lat="40.6725168" lon="-73.8929657"/>
 <node id="2567002561" visible="true" version="1" changeset="19296288" timestamp="2013-12-05T20:54:14Z" user="ediyes_nycbuildings" uid="1815736" lat="40.6725178" lon="-73.8929596"/>
 <node id="2567002563" visible="true" version="1" changeset="19296288" timestamp="2013-12-05T20:54:14Z" user="ediyes_nycbuildings" uid="1815736" lat="40.6725213" lon="-73.8933297"/>
 <node id="2567002569" visible="true" version="1" changeset="19296288" timestamp="2013-12-05T20:54:14Z" user="ediyes_nycbuildings" uid="1815736" lat="40.6725246" lon="-73.8923754"/>
 <node id="2567002572" visible="true" version="1" changeset="19296288" timestamp="2013-12-05T20:54:14Z" user="ediyes_nycbuildings" uid="1815736" lat="40.6725254" lon="-73.8932037"/>
 <node id="2567002581" visible="true" version="1" changeset="19296288" timestamp="2013-12-05T20:54:14Z" user="ediyes_nycbuildings" uid="1815736" lat="40.6725274" lon="-73.8923561"/>
 <node id="2567002585" visible="true" version="1" changeset="19296288" timestamp="2013-12-05T20:54:14Z" user="ediyes_nycbuildings" uid="1815736" lat="40.6725290" lon="-73.8928141"/>
 <node id="2567002589" visible="true" version="1" changeset="19296288" timestamp="2013-12-05T20:54:14Z" user="ediyes_nycbuildings" uid="1815736" lat="40.6725295" lon="-73.8926351"/>
 <node id="2567002592" visible="true" version="1" changeset="19296288" timestamp="2013-12-05T20:54:14Z" user="ediyes_nycbuildings" uid="1815736" lat="40.6725299" lon="-73.8923768"/>
 <node id="2567002596" visible="true" version="1" changeset="19296288" timestamp="2013-12-05T20:54:14Z" user="ediyes_nycbuildings" uid="1815736" lat="40.6725301" lon="-73.8928079"/>
 <node id="2567002600" visible="true" version="1" changeset="19296288" timestamp="2013-12-05T20:54:14Z" user="ediyes_nycbuildings" uid="1815736" lat="40.6725318" lon="-73.8923266"/>
 <node id="2567002603" visible="true" version="1" changeset="19296288" timestamp="2013-12-05T20:54:14Z" user="ediyes_nycbuildings" uid="1815736" lat="40.6725326" lon="-73.8926146"/>
 <node id="2567002607" visible="true" version="1" changeset="19296288" timestamp="2013-12-05T20:54:14Z" user="ediyes_nycbuildings" uid="1815736" lat="40.6725328" lon="-73.8923575"/>
 <node id="2567002615" visible="true" version="1" changeset="19296288" timestamp="2013-12-05T20:54:14Z" user="ediyes_nycbuildings" uid="1815736" lat="40.6725346" lon="-73.8923076"/>
 <node id="2567002626" visible="true" version="1" changeset="19296288" timestamp="2013-12-05T20:54:14Z" user="ediyes_nycbuildings" uid="1815736" lat="40.6725371" lon="-73.8923279"/>
 <node id="2567002634" visible="true" version="1" changeset="19296288" timestamp="2013-12-05T20:54:14Z" user="ediyes_nycbuildings" uid="1815736" lat="40.6725399" lon="-73.8923090"/>
 <node id="2567002641" visible="true" version="1" changeset="19296288" timestamp="2013-12-05T20:54:15Z" user="ediyes_nycbuildings" uid="1815736" lat="40.6725408" lon="-73.8928174"/>
 <node id="2567002644" visible="true" version="1" changeset="19296288" timestamp="2013-12-05T20:54:15Z" user="ediyes_nycbuildings" uid="1815736" lat="40.6725410" lon="-73.8922641"/>
 <node id="2567002652" visible="true" version="1" changeset="19296288" timestamp="2013-12-05T20:54:15Z" user="ediyes_nycbuildings" uid="1815736" lat="40.6725418" lon="-73.8928111"/>
 <node id="2567002675" visible="true" version="1" changeset="19296288" timestamp="2013-12-05T20:54:15Z" user="ediyes_nycbuildings" uid="1815736" lat="40.6725616" lon="-73.8926433"/>
 <node id="2567002683" visible="true" version="1" changeset="19296288" timestamp="2013-12-05T20:54:15Z" user="ediyes_nycbuildings" uid="1815736" lat="40.6725646" lon="-73.8926228"/>
 <node id="2567002696" visible="true" version="1" changeset="19296288" timestamp="2013-12-05T20:54:15Z" user="ediyes_nycbuildings" uid="1815736" lat="40.6725792" lon="-73.8922934"/>
 <node id="2567002700" visible="true" version="1" changeset="19296288" timestamp="2013-12-05T20:54:15Z" user="ediyes_nycbuildings" uid="1815736" lat="40.6725820" lon="-73.8922746"/>
 <node id="2567002728" visible="true" version="1" changeset="19296288" timestamp="2013-12-05T20:54:15Z" user="ediyes_nycbuildings" uid="1815736" lat="40.6726043" lon="-73.8926159"/>
 <node id="2567002729" visible="true" version="1" changeset="19296288" timestamp="2013-12-05T20:54:15Z" user="ediyes_nycbuildings" uid="1815736" lat="40.6726068" lon="-73.8925994"/>
 <node id="2567002735" visible="true" version="1" changeset="19296288" timestamp="2013-12-05T20:54:15Z" user="ediyes_nycbuildings" uid="1815736" lat="40.6726087" lon="-73.8926553"/>
 <node id="2567002741" visible="true" version="1" changeset="19296288" timestamp="2013-12-05T20:54:15Z" user="ediyes_nycbuildings" uid="1815736" lat="40.6726120" lon="-73.8925643"/>
 <node id="2567002743" visible="true" version="1" changeset="19296288" timestamp="2013-12-05T20:54:15Z" user="ediyes_nycbuildings" uid="1815736" lat="40.6726129" lon="-73.8923020"/>
 <node id="2567002745" visible="true" version="1" changeset="19296288" timestamp="2013-12-05T20:54:15Z" user="ediyes_nycbuildings" uid="1815736" lat="40.6726142" lon="-73.8926184"/>
 <node id="2567002749" visible="true" version="1" changeset="19296288" timestamp="2013-12-05T20:54:15Z" user="ediyes_nycbuildings" uid="1815736" lat="40.6726157" lon="-73.8922832"/>
 <node id="2567002750" visible="true" version="1" changeset="19296288" timestamp="2013-12-05T20:54:15Z" user="ediyes_nycbuildings" uid="1815736" lat="40.6726161" lon="-73.8930072"/>
 <node id="2567002752" visible="true" version="1" changeset="19296288" timestamp="2013-12-05T20:54:15Z" user="ediyes_nycbuildings" uid="1815736" lat="40.6726166" lon="-73.8926020"/>
 <node id="2567002754" visible="true" version="1" changeset="19296288" timestamp="2013-12-05T20:54:16Z" user="ediyes_nycbuildings" uid="1815736" lat="40.6726182" lon="-73.8929940"/>
 <node id="2567002758" visible="true" version="1" changeset="19296288" timestamp="2013-12-05T20:54:16Z" user="ediyes_nycbuildings" uid="1815736" lat="40.6726185" lon="-73.8935699"/>
 <node id="2567002760" visible="true" version="1" changeset="19296288" timestamp="2013-12-05T20:54:16Z" user="ediyes_nycbuildings" uid="1815736" lat="40.6726206" lon="-73.8925751"/>
 <node id="2567002764" visible="true" version="1" changeset="19296288" timestamp="2013-12-05T20:54:16Z" user="ediyes_nycbuildings" uid="1815736" lat="40.6726218" lon="-73.8925668"/>
 <node id="2567002766" visible="true" version="1" changeset="19296288" timestamp="2013-12-05T20:54:16Z" user="ediyes_nycbuildings" uid="1815736" lat="40.6726224" lon="-73.8930089"/>
 <node id="2567002768" visible="true" version="1" changeset="19296288" timestamp="2013-12-05T20:54:16Z" user="ediyes_nycbuildings" uid="1815736" lat="40.6726231" lon="-73.8924890"/>
 <node id="2567002770" visible="true" version="1" changeset="19296288" timestamp="2013-12-05T20:54:16Z" user="ediyes_nycbuildings" uid="1815736" lat="40.6726273" lon="-73.8930103"/>
 <node id="2567002774" visible="true" version="1" changeset="19296288" timestamp="2013-12-05T20:54:16Z" user="ediyes_nycbuildings" uid="1815736" lat="40.6726279" lon="-73.8924568"/>
 <node id="2567002776" visible="true" version="1" changeset="19296288" timestamp="2013-12-05T20:54:16Z" user="ediyes_nycbuildings" uid="1815736" lat="40.6726294" lon="-73.8929971"/>
 <node id="2567002780" visible="true" version="1" changeset="19296288" timestamp="2013-12-05T20:54:16Z" user="ediyes_nycbuildings" uid="1815736" lat="40.6726352" lon="-73.8932976"/>
 <node id="2567002781" visible="true" version="1" changeset="19296288" timestamp="2013-12-05T20:54:16Z" user="ediyes_nycbuildings" uid="1815736" lat="40.6726395" lon="-73.8923783"/>
 <node id="2567002783" visible="true" version="1" changeset="19296288" timestamp="2013-12-05T20:54:16Z" user="ediyes_nycbuildings" uid="1815736" lat="40.6726417" lon="-73.8930239"/>
 <node id="2567002785" visible="true" version="1" changeset="19296288" timestamp="2013-12-05T20:54:16Z" user="ediyes_nycbuildings" uid="1815736" lat="40.6726421" lon="-73.8934051"/>
 <node id="2567002787" visible="true" version="1" changeset="19296288" timestamp="2013-12-05T20:54:16Z" user="ediyes_nycbuildings" uid="1815736" lat="40.6726422" lon="-73.8928456"/>
 <node id="2567002789" visible="true" version="1" changeset="19296288" timestamp="2013-12-05T20:54:16Z" user="ediyes_nycbuildings" uid="1815736" lat="40.6726432" lon="-73.8928394"/>
 <node id="2567002793" visible="true" version="1" changeset="19296288" timestamp="2013-12-05T20:54:16Z" user="ediyes_nycbuildings" uid="1815736" lat="40.6726443" lon="-73.8923465"/>
 <node id="2567002795" visible="true" version="1" changeset="19296288" timestamp="2013-12-05T20:54:16Z" user="ediyes_nycbuildings" uid="1815736" lat="40.6726444" lon="-73.8932331"/>
 <node id="2567002797" visible="true" version="1" changeset="19296288" timestamp="2013-12-05T20:54:16Z" user="ediyes_nycbuildings" uid="1815736" lat="40.6726453" lon="-73.8930015"/>
 <node id="2567002801" visible="true" version="1" changeset="19296288" timestamp="2013-12-05T20:54:16Z" user="ediyes_nycbuildings" uid="1815736" lat="40.6726473" lon="-73.8923261"/>
 <node id="2567002803" visible="true" version="1" changeset="19296288" timestamp="2013-12-05T20:54:16Z" user="ediyes_nycbuildings" uid="1815736" lat="40.6726494" lon="-73.8923808"/>
 <node id="2567002805" visible="true" version="1" changeset="19296288" timestamp="2013-12-05T20:54:16Z" user="ediyes_nycbuildings" uid="1815736" lat="40.6726534" lon="-73.8928488"/>
 <node id="2567002806" visible="true" version="1" changeset="19296288" timestamp="2013-12-05T20:54:16Z" user="ediyes_nycbuildings" uid="1815736" lat="40.6726541" lon="-73.8923490"/>
 <node id="2567002808" visible="true" version="1" changeset="19296288" timestamp="2013-12-05T20:54:16Z" user="ediyes_nycbuildings" uid="1815736" lat="40.6726544" lon="-73.8928425"/>
 <node id="2567002810" visible="true" version="1" changeset="19296288" timestamp="2013-12-05T20:54:16Z" user="ediyes_nycbuildings" uid="1815736" lat="40.6726571" lon="-73.8923286"/>
 <node id="2567002820" visible="true" version="1" changeset="19296288" timestamp="2013-12-05T20:54:16Z" user="ediyes_nycbuildings" uid="1815736" lat="40.6726620" lon="-73.8924989"/>
 <node id="2567002821" visible="true" version="1" changeset="19296288" timestamp="2013-12-05T20:54:16Z" user="ediyes_nycbuildings" uid="1815736" lat="40.6726621" lon="-73.8922950"/>
 <node id="2567002824" visible="true" version="1" changeset="19296288" timestamp="2013-12-05T20:54:16Z" user="ediyes_nycbuildings" uid="1815736" lat="40.6726668" lon="-73.8924667"/>
 <node id="2567002829" visible="true" version="1" changeset="19296288" timestamp="2013-12-05T20:54:16Z" user="ediyes_nycbuildings" uid="1815736" lat="40.6726679" lon="-73.8933692"/>
 <node id="2567002834" visible="true" version="1" changeset="19296288" timestamp="2013-12-05T20:54:16Z" user="ediyes_nycbuildings" uid="1815736" lat="40.6726686" lon="-73.8930314"/>
 <node id="2567002837" visible="true" version="1" changeset="19296288" timestamp="2013-12-05T20:54:16Z" user="ediyes_nycbuildings" uid="1815736" lat="40.6726692" lon="-73.8928532"/>
 <node id="2567002864" visible="true" version="1" changeset="19296288" timestamp="2013-12-05T20:54:17Z" user="ediyes_nycbuildings" uid="1815736" lat="40.6726769" lon="-73.8928057"/>
 <node id="2567002872" visible="true" version="1" changeset="19296288" timestamp="2013-12-05T20:54:17Z" user="ediyes_nycbuildings" uid="1815736" lat="40.6726839" lon="-73.8932584"/>
 <node id="2567002893" visible="true" version="1" changeset="19296288" timestamp="2013-12-05T20:54:17Z" user="ediyes_nycbuildings" uid="1815736" lat="40.6727038" lon="-73.8928132"/>
 <node id="2567002901" visible="true" version="1" changeset="19296288" timestamp="2013-12-05T20:54:17Z" user="ediyes_nycbuildings" uid="1815736" lat="40.6727086" lon="-73.8934891"/>
 <node id="2567002916" visible="true" version="1" changeset="19296288" timestamp="2013-12-05T20:54:17Z" user="ediyes_nycbuildings" uid="1815736" lat="40.6727116" lon="-73.8930441"/>
 <node id="2567002930" visible="true" version="1" changeset="19296288" timestamp="2013-12-05T20:54:17Z" user="ediyes_nycbuildings" uid="1815736" lat="40.6727239" lon="-73.8933832"/>
 <node id="2567002942" visible="true" version="1" changeset="19296288" timestamp="2013-12-05T20:54:17Z" user="ediyes_nycbuildings" uid="1815736" lat="40.6727341" lon="-73.8928979"/>
 <node id="2567002947" visible="true" version="1" changeset="19296288" timestamp="2013-12-05T20:54:17Z" user="ediyes_nycbuildings" uid="1815736" lat="40.6727386" lon="-73.8932814"/>
 <node id="2567002951" visible="true" version="1" changeset="19296288" timestamp="2013-12-05T20:54:17Z" user="ediyes_nycbuildings" uid="1815736" lat="40.6727399" lon="-73.8932724"/>
 <node id="2567002969" visible="true" version="1" changeset="19296288" timestamp="2013-12-05T20:54:17Z" user="ediyes_nycbuildings" uid="1815736" lat="40.6727511" lon="-73.8934997"/>
 <node id="2567002981" visible="true" version="1" changeset="19296288" timestamp="2013-12-05T20:54:18Z" user="ediyes_nycbuildings" uid="1815736" lat="40.6727642" lon="-73.8929531"/>
 <node id="2567002983" visible="true" version="1" changeset="19296288" timestamp="2013-12-05T20:54:18Z" user="ediyes_nycbuildings" uid="1815736" lat="40.6727681" lon="-73.8930591"/>
 <node id="2567002986" visible="true" version="1" changeset="19296288" timestamp="2013-12-05T20:54:18Z" user="ediyes_nycbuildings" uid="1815736" lat="40.6727712" lon="-73.8929078"/>
 <node id="2567002995" visible="true" version="1" changeset="19296288" timestamp="2013-12-05T20:54:18Z" user="ediyes_nycbuildings" uid="1815736" lat="40.6727769" lon="-73.8930023"/>
 <node id="2567003002" visible="true" version="1" changeset="19296288" timestamp="2013-12-05T20:54:18Z" user="ediyes_nycbuildings" uid="1815736" lat="40.6727811" lon="-73.8932920"/>
 <node id="2567003008" visible="true" version="1" changeset="19296288" timestamp="2013-12-05T20:54:18Z" user="ediyes_nycbuildings" uid="1815736" lat="40.6727837" lon="-73.8929582"/>
 <node id="2567003055" visible="true" version="1" changeset="19296288" timestamp="2013-12-05T20:54:18Z" user="ediyes_nycbuildings" uid="1815736" lat="40.6728073" lon="-73.8928045"/>
 <node id="2567003080" visible="true" version="1" changeset="19296288" timestamp="2013-12-05T20:54:18Z" user="ediyes_nycbuildings" uid="1815736" lat="40.6728281" lon="-73.8930159"/>
 <node id="2567003102" visible="true" version="1" changeset="19296288" timestamp="2013-12-05T20:54:19Z" user="ediyes_nycbuildings" uid="1815736" lat="40.6728495" lon="-73.8930599"/>
 <node id="2567003109" visible="true" version="1" changeset="19296288" timestamp="2013-12-05T20:54:19Z" user="ediyes_nycbuildings" uid="1815736" lat="40.6728573" lon="-73.8930621"/>
 <node id="2567003113" visible="true" version="1" changeset="19296288" timestamp="2013-12-05T20:54:19Z" user="ediyes_nycbuildings" uid="1815736" lat="40.6728585" lon="-73.8928181"/>
 <node id="2567003120" visible="true" version="1" changeset="19296288" timestamp="2013-12-05T20:54:19Z" user="ediyes_nycbuildings" uid="1815736" lat="40.6728607" lon="-73.8930770"/>
 <node id="2567003123" visible="true" version="1" changeset="19296288" timestamp="2013-12-05T20:54:19Z" user="ediyes_nycbuildings" uid="1815736" lat="40.6728609" lon="-73.8924983"/>
 <node id="2567003133" visible="true" version="1" changeset="19296288" timestamp="2013-12-05T20:54:19Z" user="ediyes_nycbuildings" uid="1815736" lat="40.6728696" lon="-73.8934658"/>
 <node id="2567003141" visible="true" version="1" changeset="19296288" timestamp="2013-12-05T20:54:19Z" user="ediyes_nycbuildings" uid="1815736" lat="40.6728784" lon="-73.8928852"/>
 <node id="2567003143" visible="true" version="1" changeset="19296288" timestamp="2013-12-05T20:54:19Z" user="ediyes_nycbuildings" uid="1815736" lat="40.6728786" lon="-73.8930821"/>
 <node id="2567003145" visible="true" version="1" changeset="19296288" timestamp="2013-12-05T20:54:19Z" user="ediyes_nycbuildings" uid="1815736" lat="40.6728813" lon="-73.8923692"/>
 <node id="2567003147" visible="true" version="1" changeset="19296288" timestamp="2013-12-05T20:54:19Z" user="ediyes_nycbuildings" uid="1815736" lat="40.6728838" lon="-73.8923530"/>
 <node id="2567003155" visible="true" version="1" changeset="19296288" timestamp="2013-12-05T20:54:19Z" user="ediyes_nycbuildings" uid="1815736" lat="40.6728889" lon="-73.8930712"/>
 <node id="2567003173" visible="true" version="1" changeset="19296288" timestamp="2013-12-05T20:54:19Z" user="ediyes_nycbuildings" uid="1815736" lat="40.6728972" lon="-73.8932949"/>
 <node id="2567003181" visible="true" version="1" changeset="19296288" timestamp="2013-12-05T20:54:19Z" user="ediyes_nycbuildings" uid="1815736" lat="40.6729048" lon="-73.8930757"/>
 <node id="2567003210" visible="true" version="1" changeset="19296288" timestamp="2013-12-05T20:54:20Z" user="ediyes_nycbuildings" uid="1815736" lat="40.6729192" lon="-73.8925141"/>
 <node id="2567003212" visible="true" version="1" changeset="19296288" timestamp="2013-12-05T20:54:20Z" user="ediyes_nycbuildings" uid="1815736" lat="40.6729197" lon="-73.8930963"/>
 <node id="2567003224" visible="true" version="1" changeset="19296288" timestamp="2013-12-05T20:54:20Z" user="ediyes_nycbuildings" uid="1815736" lat="40.6729242" lon="-73.8926767"/>
 <node id="2567003226" visible="true" version="1" changeset="19296288" timestamp="2013-12-05T20:54:20Z" user="ediyes_nycbuildings" uid="1815736" lat="40.6729255" lon="-73.8934814"/>
 <node id="2567003230" visible="true" version="1" changeset="19296288" timestamp="2013-12-05T20:54:20Z" user="ediyes_nycbuildings" uid="1815736" lat="40.6729268" lon="-73.8925434"/>
 <node id="2567003238" visible="true" version="1" changeset="19296288" timestamp="2013-12-05T20:54:20Z" user="ediyes_nycbuildings" uid="1815736" lat="40.6729337" lon="-73.8929010"/>
 <node id="2567003240" visible="true" version="1" changeset="19296288" timestamp="2013-12-05T20:54:20Z" user="ediyes_nycbuildings" uid="1815736" lat="40.6729357" lon="-73.8929729"/>
 <node id="2567003245" visible="true" version="1" changeset="19296288" timestamp="2013-12-05T20:54:20Z" user="ediyes_nycbuildings" uid="1815736" lat="40.6729381" lon="-73.8925808"/>
 <node id="2567003248" visible="true" version="1" changeset="19296288" timestamp="2013-12-05T20:54:20Z" user="ediyes_nycbuildings" uid="1815736" lat="40.6729421" lon="-73.8923689"/>
 <node id="2567003249" visible="true" version="1" changeset="19296288" timestamp="2013-12-05T20:54:20Z" user="ediyes_nycbuildings" uid="1815736" lat="40.6729427" lon="-73.8929196"/>
 <node id="2567003253" visible="true" version="1" changeset="19296288" timestamp="2013-12-05T20:54:20Z" user="ediyes_nycbuildings" uid="1815736" lat="40.6729465" lon="-73.8924070"/>
 <node id="2567003259" visible="true" version="1" changeset="19296288" timestamp="2013-12-05T20:54:20Z" user="ediyes_nycbuildings" uid="1815736" lat="40.6729532" lon="-73.8933105"/>
 <node id="2567003261" visible="true" version="1" changeset="19296288" timestamp="2013-12-05T20:54:20Z" user="ediyes_nycbuildings" uid="1815736" lat="40.6729563" lon="-73.8925854"/>
 <node id="2567003269" visible="true" version="1" changeset="19296288" timestamp="2013-12-05T20:54:20Z" user="ediyes_nycbuildings" uid="1815736" lat="40.6729611" lon="-73.8925519"/>
 <node id="2567003271" visible="true" version="1" changeset="19296288" timestamp="2013-12-05T20:54:20Z" user="ediyes_nycbuildings" uid="1815736" lat="40.6729649" lon="-73.8926869"/>
 <node id="2567003279" visible="true" version="1" changeset="19296288" timestamp="2013-12-05T20:54:20Z" user="ediyes_nycbuildings" uid="1815736" lat="40.6729722" lon="-73.8931081"/>
 <node id="2567003305" visible="true" version="1" changeset="19296288" timestamp="2013-12-05T20:54:21Z" user="ediyes_nycbuildings" uid="1815736" lat="40.6729952" lon="-73.8929313"/>
 <node id="2567003309" visible="true" version="1" changeset="19296288" timestamp="2013-12-05T20:54:21Z" user="ediyes_nycbuildings" uid="1815736" lat="40.6729972" lon="-73.8930062"/>
 <node id="2567003314" visible="true" version="1" changeset="19296288" timestamp="2013-12-05T20:54:21Z" user="ediyes_nycbuildings" uid="1815736" lat="40.6730018" lon="-73.8930075"/>
 <node id="2567003316" visible="true" version="1" changeset="19296288" timestamp="2013-12-05T20:54:21Z" user="ediyes_nycbuildings" uid="1815736" lat="40.6730033" lon="-73.8924212"/>
 <node id="2567003318" visible="true" version="1" changeset="19296288" timestamp="2013-12-05T20:54:21Z" user="ediyes_nycbuildings" uid="1815736" lat="40.6730033" lon="-73.8925105"/>
 <node id="2567003320" visible="true" version="1" changeset="19296288" timestamp="2013-12-05T20:54:21Z" user="ediyes_nycbuildings" uid="1815736" lat="40.6730058" lon="-73.8930175"/>
 <node id="2567003326" visible="true" version="2" changeset="133001604" timestamp="2023-02-25T11:36:30Z" user="SSEKITOLEKO" uid="7562542" lat="40.6730195" lon="-73.8928796"/>
 <node id="2567003328" visible="true" version="1" changeset="19296288" timestamp="2013-12-05T20:54:21Z" user="ediyes_nycbuildings" uid="1815736" lat="40.6730145" lon="-73.8929020"/>
 <node id="2567003333" visible="true" version="2" changeset="133001604" timestamp="2023-02-25T11:36:30Z" user="SSEKITOLEKO" uid="7562542" lat="40.6730253" lon="-73.8928351"/>
 <node id="2567003334" visible="true" version="1" changeset="19296288" timestamp="2013-12-05T20:54:21Z" user="ediyes_nycbuildings" uid="1815736" lat="40.6730179" lon="-73.8930209"/>
 <node id="2567003337" visible="true" version="1" changeset="19296288" timestamp="2013-12-05T20:54:21Z" user="ediyes_nycbuildings" uid="1815736" lat="40.6730193" lon="-73.8924107"/>
 <node id="2567003340" visible="true" version="2" changeset="133001604" timestamp="2023-02-25T11:36:30Z" user="SSEKITOLEKO" uid="7562542" lat="40.6730289" lon="-73.8928077"/>
 <node id="2567003343" visible="true" version="1" changeset="19296288" timestamp="2013-12-05T20:54:21Z" user="ediyes_nycbuildings" uid="1815736" lat="40.6730227" lon="-73.8930578"/>
 <node id="2567003346" visible="true" version="1" changeset="19296288" timestamp="2013-12-05T20:54:21Z" user="ediyes_nycbuildings" uid="1815736" lat="40.6730308" lon="-73.8930089"/>
 <node id="2567003355" visible="true" version="1" changeset="19296288" timestamp="2013-12-05T20:54:21Z" user="ediyes_nycbuildings" uid="1815736" lat="40.6730394" lon="-73.8926812"/>
 <node id="2567003358" visible="true" version="2" changeset="133001604" timestamp="2023-02-25T11:36:30Z" user="SSEKITOLEKO" uid="7562542" lat="40.6730485" lon="-73.8928861"/>
 <node id="2567003369" visible="true" version="2" changeset="133001604" timestamp="2023-02-25T11:36:30Z" user="SSEKITOLEKO" uid="7562542" lat="40.6730579" lon="-73.8928143"/>
 <node id="2567003372" visible="true" version="1" changeset="19296288" timestamp="2013-12-05T20:54:21Z" user="ediyes_nycbuildings" uid="1815736" lat="40.6730505" lon="-73.8927357"/>
 <node id="2567003378" visible="true" version="1" changeset="19296288" timestamp="2013-12-05T20:54:21Z" user="ediyes_nycbuildings" uid="1815736" lat="40.6730567" lon="-73.8925253"/>
 <node id="2567003381" visible="true" version="1" changeset="19296288" timestamp="2013-12-05T20:54:21Z" user="ediyes_nycbuildings" uid="1815736" lat="40.6730579" lon="-73.8926859"/>
 <node id="2567003391" visible="true" version="1" changeset="19296288" timestamp="2013-12-05T20:54:21Z" user="ediyes_nycbuildings" uid="1815736" lat="40.6730617" lon="-73.8929391"/>
 <node id="2567003396" visible="true" version="1" changeset="19296288" timestamp="2013-12-05T20:54:21Z" user="ediyes_nycbuildings" uid="1815736" lat="40.6730655" lon="-73.8929166"/>
 <node id="2567003408" visible="true" version="1" changeset="19296288" timestamp="2013-12-05T20:54:22Z" user="ediyes_nycbuildings" uid="1815736" lat="40.6730727" lon="-73.8924255"/>
 <node id="2567003413" visible="true" version="1" changeset="19296288" timestamp="2013-12-05T20:54:22Z" user="ediyes_nycbuildings" uid="1815736" lat="40.6730794" lon="-73.8924137"/>
 <node id="2567003419" visible="true" version="1" changeset="19296288" timestamp="2013-12-05T20:54:22Z" user="ediyes_nycbuildings" uid="1815736" lat="40.6730851" lon="-73.8930758"/>
 <node id="2567003425" visible="true" version="1" changeset="19296288" timestamp="2013-12-05T20:54:22Z" user="ediyes_nycbuildings" uid="1815736" lat="40.6730884" lon="-73.8927653"/>
 <node id="2567003428" visible="true" version="1" changeset="19296288" timestamp="2013-12-05T20:54:22Z" user="ediyes_nycbuildings" uid="1815736" lat="40.6730912" lon="-73.8927462"/>
 <node id="2567003431" visible="true" version="1" changeset="19296288" timestamp="2013-12-05T20:54:22Z" user="ediyes_nycbuildings" uid="1815736" lat="40.6730916" lon="-73.8925802"/>
 <node id="2567003436" visible="true" version="1" changeset="19296288" timestamp="2013-12-05T20:54:22Z" user="ediyes_nycbuildings" uid="1815736" lat="40.6730965" lon="-73.8925478"/>
 <node id="2567003438" visible="true" version="1" changeset="19296288" timestamp="2013-12-05T20:54:22Z" user="ediyes_nycbuildings" uid="1815736" lat="40.6731011" lon="-73.8926798"/>
 <node id="2567003440" visible="true" version="1" changeset="19296288" timestamp="2013-12-05T20:54:22Z" user="ediyes_nycbuildings" uid="1815736" lat="40.6731058" lon="-73.8929518"/>
 <node id="2567003461" visible="true" version="1" changeset="19296288" timestamp="2013-12-05T20:54:22Z" user="ediyes_nycbuildings" uid="1815736" lat="40.6731126" lon="-73.8925520"/>
 <node id="2567003464" visible="true" version="1" changeset="19296288" timestamp="2013-12-05T20:54:22Z" user="ediyes_nycbuildings" uid="1815736" lat="40.6731149" lon="-73.8928972"/>
 <node id="2567003467" visible="true" version="1" changeset="19296288" timestamp="2013-12-05T20:54:22Z" user="ediyes_nycbuildings" uid="1815736" lat="40.6731151" lon="-73.8925862"/>
 <node id="2567003487" visible="true" version="1" changeset="19296288" timestamp="2013-12-05T20:54:22Z" user="ediyes_nycbuildings" uid="1815736" lat="40.6731313" lon="-73.8924271"/>
 <node id="2567003496" visible="true" version="1" changeset="19296288" timestamp="2013-12-05T20:54:22Z" user="ediyes_nycbuildings" uid="1815736" lat="40.6731343" lon="-73.8926866"/>
 <node id="2567003499" visible="true" version="1" changeset="19296288" timestamp="2013-12-05T20:54:22Z" user="ediyes_nycbuildings" uid="1815736" lat="40.6731349" lon="-73.8924544"/>
 <node id="2567003510" visible="true" version="1" changeset="19296288" timestamp="2013-12-05T20:54:22Z" user="ediyes_nycbuildings" uid="1815736" lat="40.6731389" lon="-73.8924555"/>
 <node id="2567003520" visible="true" version="1" changeset="19296288" timestamp="2013-12-05T20:54:22Z" user="ediyes_nycbuildings" uid="1815736" lat="40.6731406" lon="-73.8924438"/>
 <node id="2567003526" visible="true" version="1" changeset="19296288" timestamp="2013-12-05T20:54:22Z" user="ediyes_nycbuildings" uid="1815736" lat="40.6731429" lon="-73.8930924"/>
 <node id="2567003529" visible="true" version="1" changeset="19296288" timestamp="2013-12-05T20:54:22Z" user="ediyes_nycbuildings" uid="1815736" lat="40.6731438" lon="-73.8926233"/>
 <node id="2567003531" visible="true" version="1" changeset="19296288" timestamp="2013-12-05T20:54:22Z" user="ediyes_nycbuildings" uid="1815736" lat="40.6731445" lon="-73.8930833"/>
 <node id="2567003537" visible="true" version="1" changeset="19296288" timestamp="2013-12-05T20:54:23Z" user="ediyes_nycbuildings" uid="1815736" lat="40.6731488" lon="-73.8925901"/>
 <node id="2567003543" visible="true" version="1" changeset="19296288" timestamp="2013-12-05T20:54:23Z" user="ediyes_nycbuildings" uid="1815736" lat="40.6731512" lon="-73.8925738"/>
 <node id="2567003546" visible="true" version="1" changeset="19296288" timestamp="2013-12-05T20:54:23Z" user="ediyes_nycbuildings" uid="1815736" lat="40.6731515" lon="-73.8926184"/>
 <node id="2567003552" visible="true" version="1" changeset="19296288" timestamp="2013-12-05T20:54:23Z" user="ediyes_nycbuildings" uid="1815736" lat="40.6731538" lon="-73.8926036"/>
 <node id="2567003560" visible="true" version="1" changeset="19296288" timestamp="2013-12-05T20:54:23Z" user="ediyes_nycbuildings" uid="1815736" lat="40.6731587" lon="-73.8929665"/>
 <node id="2567003572" visible="true" version="1" changeset="19296288" timestamp="2013-12-05T20:54:23Z" user="ediyes_nycbuildings" uid="1815736" lat="40.6731637" lon="-73.8929679"/>
 <node id="2567003574" visible="true" version="1" changeset="19296288" timestamp="2013-12-05T20:54:23Z" user="ediyes_nycbuildings" uid="1815736" lat="40.6731677" lon="-73.8929124"/>
 <node id="2567003583" visible="true" version="1" changeset="19296288" timestamp="2013-12-05T20:54:23Z" user="ediyes_nycbuildings" uid="1815736" lat="40.6731741" lon="-73.8929054"/>
 <node id="2567003589" visible="true" version="1" changeset="19296288" timestamp="2013-12-05T20:54:23Z" user="ediyes_nycbuildings" uid="1815736" lat="40.6731818" lon="-73.8925817"/>
 <node id="2567003598" visible="true" version="1" changeset="19296288" timestamp="2013-12-05T20:54:23Z" user="ediyes_nycbuildings" uid="1815736" lat="40.6731956" lon="-73.8924701"/>
 <node id="2567003600" visible="true" version="1" changeset="19296288" timestamp="2013-12-05T20:54:23Z" user="ediyes_nycbuildings" uid="1815736" lat="40.6731960" lon="-73.8927930"/>
 <node id="2567003603" visible="true" version="1" changeset="19296288" timestamp="2013-12-05T20:54:23Z" user="ediyes_nycbuildings" uid="1815736" lat="40.6731973" lon="-73.8924584"/>
 <node id="2567003606" visible="true" version="1" changeset="19296288" timestamp="2013-12-05T20:54:23Z" user="ediyes_nycbuildings" uid="1815736" lat="40.6731984" lon="-73.8924709"/>
 <node id="2567003609" visible="true" version="1" changeset="19296288" timestamp="2013-12-05T20:54:23Z" user="ediyes_nycbuildings" uid="1815736" lat="40.6732011" lon="-73.8930996"/>
 <node id="2567003629" visible="true" version="1" changeset="19296288" timestamp="2013-12-05T20:54:23Z" user="ediyes_nycbuildings" uid="1815736" lat="40.6732083" lon="-73.8927057"/>
 <node id="2567003631" visible="true" version="1" changeset="19296288" timestamp="2013-12-05T20:54:23Z" user="ediyes_nycbuildings" uid="1815736" lat="40.6732090" lon="-73.8927013"/>
 <node id="2567003638" visible="true" version="1" changeset="19296288" timestamp="2013-12-05T20:54:23Z" user="ediyes_nycbuildings" uid="1815736" lat="40.6732308" lon="-73.8929217"/>
 <node id="2567003654" visible="true" version="1" changeset="19296288" timestamp="2013-12-05T20:54:23Z" user="ediyes_nycbuildings" uid="1815736" lat="40.6732652" lon="-73.8925975"/>
 <node id="2567003662" visible="true" version="1" changeset="19296288" timestamp="2013-12-05T20:54:24Z" user="ediyes_nycbuildings" uid="1815736" lat="40.6732729" lon="-73.8925440"/>
 <node id="2567003664" visible="true" version="1" changeset="19296288" timestamp="2013-12-05T20:54:24Z" user="ediyes_nycbuildings" uid="1815736" lat="40.6732738" lon="-73.8926495"/>
 <node id="2567003666" visible="true" version="1" changeset="19296288" timestamp="2013-12-05T20:54:24Z" user="ediyes_nycbuildings" uid="1815736" lat="40.6732760" lon="-73.8931374"/>
 <node id="2567003672" visible="true" version="1" changeset="19296288" timestamp="2013-12-05T20:54:24Z" user="ediyes_nycbuildings" uid="1815736" lat="40.6732807" lon="-73.8926013"/>
 <node id="2567003673" visible="true" version="1" changeset="19296288" timestamp="2013-12-05T20:54:24Z" user="ediyes_nycbuildings" uid="1815736" lat="40.6732819" lon="-73.8925462"/>
 <node id="2567003677" visible="true" version="1" changeset="19296288" timestamp="2013-12-05T20:54:24Z" user="ediyes_nycbuildings" uid="1815736" lat="40.6732883" lon="-73.8930516"/>
 <node id="2567003681" visible="true" version="1" changeset="19296288" timestamp="2013-12-05T20:54:24Z" user="ediyes_nycbuildings" uid="1815736" lat="40.6732894" lon="-73.8924939"/>
 <node id="2567003687" visible="true" version="1" changeset="19296288" timestamp="2013-12-05T20:54:24Z" user="ediyes_nycbuildings" uid="1815736" lat="40.6732904" lon="-73.8928174"/>
 <node id="2567003691" visible="true" version="1" changeset="19296288" timestamp="2013-12-05T20:54:24Z" user="ediyes_nycbuildings" uid="1815736" lat="40.6732973" lon="-73.8934710"/>
 <node id="2567003699" visible="true" version="1" changeset="19296288" timestamp="2013-12-05T20:54:24Z" user="ediyes_nycbuildings" uid="1815736" lat="40.6733041" lon="-73.8927259"/>
 <node id="2567003701" visible="true" version="1" changeset="19296288" timestamp="2013-12-05T20:54:24Z" user="ediyes_nycbuildings" uid="1815736" lat="40.6733103" lon="-73.8933799"/>
 <node id="2567003707" visible="true" version="1" changeset="19296288" timestamp="2013-12-05T20:54:24Z" user="ediyes_nycbuildings" uid="1815736" lat="40.6733194" lon="-73.8926608"/>
 <node id="2567003717" visible="true" version="1" changeset="19296288" timestamp="2013-12-05T20:54:24Z" user="ediyes_nycbuildings" uid="1815736" lat="40.6733240" lon="-73.8926454"/>
 <node id="2567003719" visible="true" version="1" changeset="19296288" timestamp="2013-12-05T20:54:24Z" user="ediyes_nycbuildings" uid="1815736" lat="40.6733255" lon="-73.8925028"/>
 <node id="2567003721" visible="true" version="1" changeset="19296288" timestamp="2013-12-05T20:54:24Z" user="ediyes_nycbuildings" uid="1815736" lat="40.6733277" lon="-73.8924874"/>
 <node id="2567003723" visible="true" version="1" changeset="19296288" timestamp="2013-12-05T20:54:24Z" user="ediyes_nycbuildings" uid="1815736" lat="40.6733370" lon="-73.8925393"/>
 <node id="2567003725" visible="true" version="1" changeset="19296288" timestamp="2013-12-05T20:54:24Z" user="ediyes_nycbuildings" uid="1815736" lat="40.6733407" lon="-73.8925400"/>
 <node id="2567003727" visible="true" version="1" changeset="19296288" timestamp="2013-12-05T20:54:24Z" user="ediyes_nycbuildings" uid="1815736" lat="40.6733436" lon="-73.8924913"/>
 <node id="2567003741" visible="true" version="1" changeset="19296288" timestamp="2013-12-05T20:54:24Z" user="ediyes_nycbuildings" uid="1815736" lat="40.6733494" lon="-73.8924694"/>
 <node id="2567003743" visible="true" version="1" changeset="19296288" timestamp="2013-12-05T20:54:24Z" user="ediyes_nycbuildings" uid="1815736" lat="40.6733512" lon="-73.8925583"/>
 <node id="2567003745" visible="true" version="1" changeset="19296288" timestamp="2013-12-05T20:54:24Z" user="ediyes_nycbuildings" uid="1815736" lat="40.6733531" lon="-73.8925427"/>
 <node id="2567003752" visible="true" version="1" changeset="19296288" timestamp="2013-12-05T20:54:25Z" user="ediyes_nycbuildings" uid="1815736" lat="40.6733614" lon="-73.8928331"/>
 <node id="2567003754" visible="true" version="1" changeset="19296288" timestamp="2013-12-05T20:54:25Z" user="ediyes_nycbuildings" uid="1815736" lat="40.6733649" lon="-73.8924727"/>
 <node id="2567003756" visible="true" version="1" changeset="19296288" timestamp="2013-12-05T20:54:25Z" user="ediyes_nycbuildings" uid="1815736" lat="40.6733736" lon="-73.8927523"/>
 <node id="2567003760" visible="true" version="1" changeset="19296288" timestamp="2013-12-05T20:54:25Z" user="ediyes_nycbuildings" uid="1815736" lat="40.6733787" lon="-73.8930134"/>
 <node id="2567003762" visible="true" version="1" changeset="19296288" timestamp="2013-12-05T20:54:25Z" user="ediyes_nycbuildings" uid="1815736" lat="40.6733857" lon="-73.8929711"/>
 <node id="2567003764" visible="true" version="1" changeset="19296288" timestamp="2013-12-05T20:54:25Z" user="ediyes_nycbuildings" uid="1815736" lat="40.6733871" lon="-73.8931649"/>
 <node id="2567003768" visible="true" version="1" changeset="19296288" timestamp="2013-12-05T20:54:25Z" user="ediyes_nycbuildings" uid="1815736" lat="40.6733994" lon="-73.8930791"/>
 <node id="2567003770" visible="true" version="1" changeset="19296288" timestamp="2013-12-05T20:54:25Z" user="ediyes_nycbuildings" uid="1815736" lat="40.6734056" lon="-73.8926626"/>
 <node id="2567003772" visible="true" version="1" changeset="19296288" timestamp="2013-12-05T20:54:25Z" user="ediyes_nycbuildings" uid="1815736" lat="40.6734075" lon="-73.8928918"/>
 <node id="2567003776" visible="true" version="1" changeset="19296288" timestamp="2013-12-05T20:54:25Z" user="ediyes_nycbuildings" uid="1815736" lat="40.6734127" lon="-73.8928565"/>
 <node id="2567003778" visible="true" version="1" changeset="19296288" timestamp="2013-12-05T20:54:25Z" user="ediyes_nycbuildings" uid="1815736" lat="40.6734143" lon="-73.8925716"/>
 <node id="2567003780" visible="true" version="1" changeset="19296288" timestamp="2013-12-05T20:54:25Z" user="ediyes_nycbuildings" uid="1815736" lat="40.6734146" lon="-73.8925692"/>
 <node id="2567003784" visible="true" version="1" changeset="19296288" timestamp="2013-12-05T20:54:25Z" user="ediyes_nycbuildings" uid="1815736" lat="40.6734178" lon="-73.8930346"/>
 <node id="2567003789" visible="true" version="1" changeset="19296288" timestamp="2013-12-05T20:54:25Z" user="ediyes_nycbuildings" uid="1815736" lat="40.6734193" lon="-73.8930250"/>
 <node id="2567003791" visible="true" version="1" changeset="19296288" timestamp="2013-12-05T20:54:25Z" user="ediyes_nycbuildings" uid="1815736" lat="40.6734221" lon="-73.8925705"/>
 <node id="2567003795" visible="true" version="1" changeset="19296288" timestamp="2013-12-05T20:54:25Z" user="ediyes_nycbuildings" uid="1815736" lat="40.6734248" lon="-73.8924853"/>
 <node id="2567003797" visible="true" version="1" changeset="19296288" timestamp="2013-12-05T20:54:25Z" user="ediyes_nycbuildings" uid="1815736" lat="40.6734264" lon="-73.8929827"/>
 <node id="2567003799" visible="true" version="1" changeset="19296288" timestamp="2013-12-05T20:54:25Z" user="ediyes_nycbuildings" uid="1815736" lat="40.6734303" lon="-73.8929589"/>
 <node id="2567003805" visible="true" version="1" changeset="19296288" timestamp="2013-12-05T20:54:25Z" user="ediyes_nycbuildings" uid="1815736" lat="40.6734400" lon="-73.8929482"/>
 <node id="2567003807" visible="true" version="1" changeset="19296288" timestamp="2013-12-05T20:54:25Z" user="ediyes_nycbuildings" uid="1815736" lat="40.6734458" lon="-73.8935076"/>
 <node id="2567003810" visible="true" version="1" changeset="19296288" timestamp="2013-12-05T20:54:25Z" user="ediyes_nycbuildings" uid="1815736" lat="40.6734468" lon="-73.8929018"/>
 <node id="2567003820" visible="true" version="1" changeset="19296288" timestamp="2013-12-05T20:54:25Z" user="ediyes_nycbuildings" uid="1815736" lat="40.6734743" lon="-73.8935146"/>
 <node id="2567003824" visible="true" version="1" changeset="19296288" timestamp="2013-12-05T20:54:25Z" user="ediyes_nycbuildings" uid="1815736" lat="40.6734835" lon="-73.8931887"/>
 <node id="2567003826" visible="true" version="1" changeset="19296288" timestamp="2013-12-05T20:54:25Z" user="ediyes_nycbuildings" uid="1815736" lat="40.6734873" lon="-73.8934236"/>
 <node id="2567003828" visible="true" version="1" changeset="19296288" timestamp="2013-12-05T20:54:25Z" user="ediyes_nycbuildings" uid="1815736" lat="40.6734883" lon="-73.8927821"/>
 <node id="2567003830" visible="true" version="1" changeset="19296288" timestamp="2013-12-05T20:54:25Z" user="ediyes_nycbuildings" uid="1815736" lat="40.6734958" lon="-73.8931028"/>
 <node id="2567003832" visible="true" version="1" changeset="19296288" timestamp="2013-12-05T20:54:25Z" user="ediyes_nycbuildings" uid="1815736" lat="40.6734996" lon="-73.8927075"/>
 <node id="2567003835" visible="true" version="1" changeset="19296288" timestamp="2013-12-05T20:54:25Z" user="ediyes_nycbuildings" uid="1815736" lat="40.6735031" lon="-73.8928699"/>
 <node id="2567003842" visible="true" version="1" changeset="19296288" timestamp="2013-12-05T20:54:25Z" user="ediyes_nycbuildings" uid="1815736" lat="40.6735153" lon="-73.8927891"/>
 <node id="2567003848" visible="true" version="1" changeset="19296288" timestamp="2013-12-05T20:54:25Z" user="ediyes_nycbuildings" uid="1815736" lat="40.6735204" lon="-73.8930640"/>
 <node id="2567003861" visible="true" version="1" changeset="19296288" timestamp="2013-12-05T20:54:26Z" user="ediyes_nycbuildings" uid="1815736" lat="40.6735330" lon="-73.8929882"/>
 <node id="2567003875" visible="true" version="1" changeset="19296288" timestamp="2013-12-05T20:54:26Z" user="ediyes_nycbuildings" uid="1815736" lat="40.6735339" lon="-73.8929720"/>
 <node id="2567003878" visible="true" version="1" changeset="19296288" timestamp="2013-12-05T20:54:26Z" user="ediyes_nycbuildings" uid="1815736" lat="40.6735459" lon="-73.8928903"/>
 <node id="2567003887" visible="true" version="1" changeset="19296288" timestamp="2013-12-05T20:54:26Z" user="ediyes_nycbuildings" uid="1815736" lat="40.6735657" lon="-73.8928022"/>
 <node id="2567003898" visible="true" version="1" changeset="19296288" timestamp="2013-12-05T20:54:26Z" user="ediyes_nycbuildings" uid="1815736" lat="40.6735770" lon="-73.8927276"/>
 <node id="2567003956" visible="true" version="1" changeset="19296288" timestamp="2013-12-05T20:54:26Z" user="ediyes_nycbuildings" uid="1815736" lat="40.6737093" lon="-73.8932595"/>
 <node id="2567003962" visible="true" version="1" changeset="19296288" timestamp="2013-12-05T20:54:26Z" user="ediyes_nycbuildings" uid="1815736" lat="40.6737126" lon="-73.8930185"/>
 <node id="2567003965" visible="true" version="1" changeset="19296288" timestamp="2013-12-05T20:54:26Z" user="ediyes_nycbuildings" uid="1815736" lat="40.6737129" lon="-73.8930169"/>
 <node id="2567003977" visible="true" version="1" changeset="19296288" timestamp="2013-12-05T20:54:26Z" user="ediyes_nycbuildings" uid="1815736" lat="40.6737221" lon="-73.8929574"/>
 <node id="2567003980" visible="true" version="1" changeset="19296288" timestamp="2013-12-05T20:54:26Z" user="ediyes_nycbuildings" uid="1815736" lat="40.6737229" lon="-73.8931694"/>
 <node id="2567003988" visible="true" version="1" changeset="19296288" timestamp="2013-12-05T20:54:26Z" user="ediyes_nycbuildings" uid="1815736" lat="40.6737361" lon="-73.8930822"/>
 <node id="2567003991" visible="true" version="1" changeset="19296288" timestamp="2013-12-05T20:54:26Z" user="ediyes_nycbuildings" uid="1815736" lat="40.6737459" lon="-73.8932690"/>
 <node id="2567003994" visible="true" version="1" changeset="19296288" timestamp="2013-12-05T20:54:26Z" user="ediyes_nycbuildings" uid="1815736" lat="40.6737481" lon="-73.8932548"/>
 <node id="2567004000" visible="true" version="1" changeset="19296288" timestamp="2013-12-05T20:54:27Z" user="ediyes_nycbuildings" uid="1815736" lat="40.6737523" lon="-73.8928424"/>
 <node id="2567004016" visible="true" version="1" changeset="19296288" timestamp="2013-12-05T20:54:27Z" user="ediyes_nycbuildings" uid="1815736" lat="40.6737625" lon="-73.8927759"/>
 <node id="2567004026" visible="true" version="1" changeset="19296288" timestamp="2013-12-05T20:54:27Z" user="ediyes_nycbuildings" uid="1815736" lat="40.6737705" lon="-73.8931064"/>
 <node id="2567004034" visible="true" version="1" changeset="19296288" timestamp="2013-12-05T20:54:27Z" user="ediyes_nycbuildings" uid="1815736" lat="40.6737727" lon="-73.8930918"/>
 <node id="2567004053" visible="true" version="1" changeset="19296288" timestamp="2013-12-05T20:54:27Z" user="ediyes_nycbuildings" uid="1815736" lat="40.6737945" lon="-73.8927191"/>
 <node id="2567004056" visible="true" version="1" changeset="19296288" timestamp="2013-12-05T20:54:27Z" user="ediyes_nycbuildings" uid="1815736" lat="40.6738072" lon="-73.8926303"/>
 <node id="2567004070" visible="true" version="1" changeset="19296288" timestamp="2013-12-05T20:54:27Z" user="ediyes_nycbuildings" uid="1815736" lat="40.6738194" lon="-73.8932735"/>
 <node id="2567004090" visible="true" version="1" changeset="19296288" timestamp="2013-12-05T20:54:27Z" user="ediyes_nycbuildings" uid="1815736" lat="40.6738309" lon="-73.8931976"/>
 <node id="2567004096" visible="true" version="1" changeset="19296288" timestamp="2013-12-05T20:54:27Z" user="ediyes_nycbuildings" uid="1815736" lat="40.6738387" lon="-73.8930521"/>
 <node id="2567004102" visible="true" version="1" changeset="19296288" timestamp="2013-12-05T20:54:27Z" user="ediyes_nycbuildings" uid="1815736" lat="40.6738419" lon="-73.8931250"/>
 <node id="2567004116" visible="true" version="1" changeset="19296288" timestamp="2013-12-05T20:54:28Z" user="ediyes_nycbuildings" uid="1815736" lat="40.6738481" lon="-73.8929911"/>
 <node id="2567004130" visible="true" version="1" changeset="19296288" timestamp="2013-12-05T20:54:28Z" user="ediyes_nycbuildings" uid="1815736" lat="40.6738680" lon="-73.8928730"/>
 <node id="2567004155" visible="true" version="1" changeset="19296288" timestamp="2013-12-05T20:54:28Z" user="ediyes_nycbuildings" uid="1815736" lat="40.6738781" lon="-73.8928064"/>
 <node id="2567004267" visible="true" version="1" changeset="19296288" timestamp="2013-12-05T20:54:29Z" user="ediyes_nycbuildings" uid="1815736" lat="40.6740029" lon="-73.8927708"/>
 <node id="2567004283" visible="true" version="1" changeset="19296288" timestamp="2013-12-05T20:54:29Z" user="ediyes_nycbuildings" uid="1815736" lat="40.6740156" lon="-73.8926819"/>
 <node id="3672730658" visible="true" version="1" changeset="32968877" timestamp="2015-07-30T03:30:39Z" user="OSM_Visitor" uid="2985894" lat="40.6737128" lon="-73.8919860"/>
 <node id="3672730659" visible="true" version="1" changeset="32968877" timestamp="2015-07-30T03:30:39Z" user="OSM_Visitor" uid="2985894" lat="40.6736896" lon="-73.8921310"/>
 <node id="3672730660" visible="true" version="1" changeset="32968877" timestamp="2015-07-30T03:30:39Z" user="OSM_Visitor" uid="2985894" lat="40.6734963" lon="-73.8920772"/>
 <node id="3672730661" visible="true" version="1" changeset="32968877" timestamp="2015-07-30T03:30:39Z" user="OSM_Visitor" uid="2985894" lat="40.6735195" lon="-73.8919321"/>
 <node id="3965050524" visible="true" version="1" changeset="36786701" timestamp="2016-01-24T23:45:14Z" user="TimmyLittle" uid="3459246" lat="40.6723946" lon="-73.8929921"/>
 <node id="3965050525" visible="true" version="1" changeset="36786701" timestamp="2016-01-24T23:45:14Z" user="TimmyLittle" uid="3459246" lat="40.6727904" lon="-73.8903981"/>
 <node id="3965050526" visible="true" version="1" changeset="36786701" timestamp="2016-01-24T23:45:14Z" user="TimmyLittle" uid="3459246" lat="40.6732898" lon="-73.8905148"/>
 <node id="3965050527" visible="true" version="1" changeset="36786701" timestamp="2016-01-24T23:45:14Z" user="TimmyLittle" uid="3459246" lat="40.6730244" lon="-73.8923496"/>
 <node id="3965050528" visible="true" version="1" changeset="36786701" timestamp="2016-01-24T23:45:14Z" user="TimmyLittle" uid="3459246" lat="40.6728774" lon="-73.8923160"/>
 <node id="3965050529" visible="true" version="1" changeset="36786701" timestamp="2016-01-24T23:45:14Z" user="TimmyLittle" uid="3459246" lat="40.6728219" lon="-73.8926896"/>
 <node id="3965050530" visible="true" version="1" changeset="36786701" timestamp="2016-01-24T23:45:14Z" user="TimmyLittle" uid="3459246" lat="40.6727574" lon="-73.8926778"/>
 <node id="3965050531" visible="true" version="1" changeset="36786701" timestamp="2016-01-24T23:45:14Z" user="TimmyLittle" uid="3459246" lat="40.6726990" lon="-73.8930673"/>
 <node id="4660007029" visible="true" version="1" changeset="45782718" timestamp="2017-02-03T16:08:51Z" user="TheBestIdea" uid="298513" lat="40.6675546" lon="-73.8908731"/>
 <node id="5471986437" visible="true" version="2" changeset="62853766" timestamp="2018-09-23T15:24:59Z" user="daniel_solow" uid="1954307" lat="40.6610912" lon="-73.8892757">
  <tag k="direction" v="forward"/>
  <tag k="highway" v="stop"/>
  <tag k="stop" v="minor"/>
 </node>
 <node id="5471986443" visible="true" version="3" changeset="169991655" timestamp="2025-08-05T08:24:26Z" user="PedestrianMapping_StealthGrid" uid="23065616" lat="40.6610545" lon="-73.8892501">
  <tag k="crossing" v="uncontrolled"/>
  <tag k="crossing:markings" v="zebra"/>
  <tag k="crossing:signals" v="no"/>
  <tag k="highway" v="crossing"/>
 </node>
 <node id="5471986445" visible="true" version="3" changeset="169991655" timestamp="2025-08-05T08:24:26Z" user="PedestrianMapping_StealthGrid" uid="23065616" lat="40.6609281" lon="-73.8891555">
  <tag k="crossing" v="uncontrolled"/>
  <tag k="crossing:markings" v="zebra"/>
  <tag k="crossing:signals" v="no"/>
  <tag k="highway" v="crossing"/>
 </node>
 <node id="5482657046" visible="true" version="1" changeset="57240049" timestamp="2018-03-16T12:24:14Z" user="TeresaPeteti" uid="5648480" lat="40.6733687" lon="-73.8947607"/>
 <node id="5482689900" visible="true" version="2" changeset="123511061" timestamp="2022-07-12T09:32:56Z" user="satyasre" uid="14271617" lat="40.6721006" lon="-73.8944697"/>
 <node id="5482689903" visible="true" version="2" changeset="123511061" timestamp="2022-07-12T09:32:56Z" user="satyasre" uid="14271617" lat="40.6720699" lon="-73.8946733"/>
 <node id="5482736792" visible="true" version="1" changeset="57241132" timestamp="2018-03-16T13:10:27Z" user="TeresaPeteti" uid="5648480" lat="40.6728053" lon="-73.8897106"/>
 <node id="5482745487" visible="true" version="1" changeset="57241298" timestamp="2018-03-16T13:15:51Z" user="TeresaPeteti" uid="5648480" lat="40.6661927" lon="-73.8914754"/>
 <node id="5924219310" visible="true" version="1" changeset="62853766" timestamp="2018-09-23T15:24:53Z" user="daniel_solow" uid="1954307" lat="40.6612515" lon="-73.8883213">
  <tag k="direction" v="forward"/>
  <tag k="highway" v="stop"/>
  <tag k="stop" v="minor"/>
 </node>
 <node id="5925568598" visible="true" version="1" changeset="62865574" timestamp="2018-09-24T02:59:10Z" user="daniel_solow" uid="1954307" lat="40.6762770" lon="-73.8912315">
  <tag k="direction" v="forward"/>
  <tag k="highway" v="stop"/>
  <tag k="stop" v="minor"/>
 </node>
 <node id="7238398590" visible="true" version="1" changeset="81396921" timestamp="2020-02-24T09:14:59Z" user="roberts_telenav" uid="10324071" lat="40.6655115" lon="-73.8913031"/>
 <node id="7527501310" visible="true" version="5" changeset="98799133" timestamp="2021-02-06T02:41:47Z" user="NameThatFollows" uid="12595815" lat="40.6752854" lon="-73.8729001">
  <tag k="name" v="Euclid Avenue"/>
  <tag k="network" v="NYC Subway"/>
  <tag k="operator" v="New York City Transit Authority"/>
  <tag k="public_transport" v="stop_position"/>
  <tag k="railway" v="stop"/>
  <tag k="subway" v="yes"/>
  <tag k="wheelchair" v="yes"/>
 </node>
 <node id="7607533606" visible="true" version="2" changeset="86997016" timestamp="2020-06-22T20:00:28Z" user="clay_c" uid="119881" lat="40.6722335" lon="-73.8946060"/>
 <node id="7607533607" visible="true" version="2" changeset="86997016" timestamp="2020-06-22T20:00:28Z" user="clay_c" uid="119881" lat="40.6723230" lon="-73.8949867"/>
 <node id="7607533608" visible="true" version="2" changeset="86997016" timestamp="2020-06-22T20:00:28Z" user="clay_c" uid="119881" lat="40.6731442" lon="-73.8961095"/>
 <node id="7644372908" visible="true" version="2" changeset="157801758" timestamp="2024-10-12T15:37:49Z" user="jengelh" uid="1468043" lat="40.6752124" lon="-73.8734109">
  <tag k="railway" v="switch"/>
  <tag k="railway:switch" v="wye"/>
 </node>
 <node id="7644372909" visible="true" version="2" changeset="157801758" timestamp="2024-10-12T15:37:49Z" user="jengelh" uid="1468043" lat="40.6751448" lon="-73.8733967">
  <tag k="railway" v="switch"/>
  <tag k="railway:switch" v="wye"/>
 </node>
 <node id="7644372910" visible="true" version="2" changeset="157801758" timestamp="2024-10-12T15:37:49Z" user="jengelh" uid="1468043" lat="40.6752462" lon="-73.8734181">
  <tag k="railway" v="switch"/>
  <tag k="railway:switch" v="wye"/>
 </node>
 <node id="7644375275" visible="true" version="1" changeset="86997016" timestamp="2020-06-22T20:00:25Z" user="clay_c" uid="119881" lat="40.6721991" lon="-73.8942100"/>
 <node id="7644385284" visible="true" version="1" changeset="86997016" timestamp="2020-06-22T20:00:21Z" user="clay_c" uid="119881" lat="40.6749328" lon="-73.8755961"/>
 <node id="7644393960" visible="true" version="1" changeset="86997016" timestamp="2020-06-22T20:00:22Z" user="clay_c" uid="119881" lat="40.6748319" lon="-73.8755706"/>
 <node id="7644393961" visible="true" version="1" changeset="86997016" timestamp="2020-06-22T20:00:22Z" user="clay_c" uid="119881" lat="40.6732923" lon="-73.8861279"/>
 <node id="7644393962" visible="true" version="1" changeset="86997016" timestamp="2020-06-22T20:00:22Z" user="clay_c" uid="119881" lat="40.6721304" lon="-73.8942119"/>
 <node id="7644393963" visible="true" version="1" changeset="86997016" timestamp="2020-06-22T20:00:22Z" user="clay_c" uid="119881" lat="40.6721662" lon="-73.8946247"/>
 <node id="7644393964" visible="true" version="1" changeset="86997016" timestamp="2020-06-22T20:00:22Z" user="clay_c" uid="119881" lat="40.6722596" lon="-73.8950215"/>
 <node id="7644393965" visible="true" version="1" changeset="86997016" timestamp="2020-06-22T20:00:22Z" user="clay_c" uid="119881" lat="40.6724071" lon="-73.8953886"/>
 <node id="7644393966" visible="true" version="1" changeset="86997016" timestamp="2020-06-22T20:00:22Z" user="clay_c" uid="119881" lat="40.6726037" lon="-73.8957132"/>
 <node id="7644393967" visible="true" version="1" changeset="86997016" timestamp="2020-06-22T20:00:22Z" user="clay_c" uid="119881" lat="40.6728426" lon="-73.8959842"/>
 <node id="7644393968" visible="true" version="1" changeset="86997016" timestamp="2020-06-22T20:00:22Z" user="clay_c" uid="119881" lat="40.6731155" lon="-73.8961919"/>
 <node id="7644393969" visible="true" version="1" changeset="86997016" timestamp="2020-06-22T20:00:22Z" user="clay_c" uid="119881" lat="40.6759042" lon="-73.8969676"/>
 <node id="7644395185" visible="true" version="1" changeset="86997016" timestamp="2020-06-22T20:00:21Z" user="clay_c" uid="119881" lat="40.6733931" lon="-73.8861537"/>
 <node id="7644395186" visible="true" version="1" changeset="86997016" timestamp="2020-06-22T20:00:21Z" user="clay_c" uid="119881" lat="40.6722335" lon="-73.8942091"/>
 <node id="7644395187" visible="true" version="1" changeset="86997016" timestamp="2020-06-22T20:00:21Z" user="clay_c" uid="119881" lat="40.6722672" lon="-73.8945967"/>
 <node id="7644395188" visible="true" version="1" changeset="86997016" timestamp="2020-06-22T20:00:21Z" user="clay_c" uid="119881" lat="40.6723548" lon="-73.8949693"/>
 <node id="7644395189" visible="true" version="1" changeset="86997016" timestamp="2020-06-22T20:00:21Z" user="clay_c" uid="119881" lat="40.6724933" lon="-73.8953140"/>
 <node id="7644395190" visible="true" version="1" changeset="86997016" timestamp="2020-06-22T20:00:21Z" user="clay_c" uid="119881" lat="40.6726780" lon="-73.8956189"/>
 <node id="7644395191" visible="true" version="1" changeset="86997016" timestamp="2020-06-22T20:00:21Z" user="clay_c" uid="119881" lat="40.6729023" lon="-73.8958732"/>
 <node id="7644395192" visible="true" version="1" changeset="86997016" timestamp="2020-06-22T20:00:21Z" user="clay_c" uid="119881" lat="40.6731585" lon="-73.8960684"/>
 <node id="7644395193" visible="true" version="1" changeset="86997016" timestamp="2020-06-22T20:00:21Z" user="clay_c" uid="119881" lat="40.6759240" lon="-73.8968347"/>
 <node id="7644395235" visible="true" version="4" changeset="98799133" timestamp="2021-02-06T02:41:47Z" user="NameThatFollows" uid="12595815" lat="40.6753306" lon="-73.8729119">
  <tag k="name" v="Euclid Avenue"/>
  <tag k="network" v="NYC Subway"/>
  <tag k="operator" v="New York City Transit Authority"/>
  <tag k="public_transport" v="stop_position"/>
  <tag k="railway" v="stop"/>
  <tag k="subway" v="yes"/>
  <tag k="wheelchair" v="yes"/>
 </node>
 <node id="7644395236" visible="true" version="1" changeset="86997016" timestamp="2020-06-22T20:00:21Z" user="clay_c" uid="119881" lat="40.6722550" lon="-73.8938185"/>
 <node id="7644395237" visible="true" version="1" changeset="86997016" timestamp="2020-06-22T20:00:21Z" user="clay_c" uid="119881" lat="40.6734384" lon="-73.8961977"/>
 <node id="7644395238" visible="true" version="1" changeset="86997016" timestamp="2020-06-22T20:00:21Z" user="clay_c" uid="119881" lat="40.6767592" lon="-73.8970548"/>
 <node id="7644395311" visible="true" version="4" changeset="98799133" timestamp="2021-02-06T02:41:47Z" user="NameThatFollows" uid="12595815" lat="40.6754936" lon="-73.8707373">
  <tag k="name" v="Euclid Avenue"/>
  <tag k="network" v="NYC Subway"/>
  <tag k="operator" v="New York City Transit Authority"/>
  <tag k="public_transport" v="stop_position"/>
  <tag k="railway" v="stop"/>
  <tag k="subway" v="yes"/>
  <tag k="wheelchair" v="yes"/>
 </node>
 <node id="7644395312" visible="true" version="1" changeset="86997016" timestamp="2020-06-22T20:00:22Z" user="clay_c" uid="119881" lat="40.6721530" lon="-73.8938005"/>
 <node id="7644395313" visible="true" version="1" changeset="86997016" timestamp="2020-06-22T20:00:22Z" user="clay_c" uid="119881" lat="40.6734115" lon="-73.8963287"/>
 <node id="7644395314" visible="true" version="1" changeset="86997016" timestamp="2020-06-22T20:00:22Z" user="clay_c" uid="119881" lat="40.6767329" lon="-73.8971860"/>
 <node id="7657385886" visible="true" version="3" changeset="98799133" timestamp="2021-02-06T02:41:47Z" user="NameThatFollows" uid="12595815" lat="40.6740086" lon="-73.8819283">
  <tag k="name" v="Shepherd Avenue"/>
  <tag k="network" v="NYC Subway"/>
  <tag k="operator" v="New York City Transit Authority"/>
  <tag k="public_transport" v="stop_position"/>
  <tag k="railway" v="stop"/>
  <tag k="subway" v="yes"/>
  <tag k="wheelchair" v="no"/>
 </node>
 <node id="7657385887" visible="true" version="3" changeset="98799133" timestamp="2021-02-06T02:41:47Z" user="NameThatFollows" uid="12595815" lat="40.6742393" lon="-73.8796444">
  <tag k="name" v="Shepherd Avenue"/>
  <tag k="network" v="NYC Subway"/>
  <tag k="operator" v="New York City Transit Authority"/>
  <tag k="public_transport" v="stop_position"/>
  <tag k="railway" v="stop"/>
  <tag k="subway" v="yes"/>
  <tag k="wheelchair" v="no"/>
 </node>
 <node id="7657385888" visible="true" version="3" changeset="98799133" timestamp="2021-02-06T02:41:47Z" user="NameThatFollows" uid="12595815" lat="40.6729657" lon="-73.8883742">
  <tag k="name" v="Van Siclen Avenue"/>
  <tag k="network" v="NYC Subway"/>
  <tag k="operator" v="New York City Transit Authority"/>
  <tag k="public_transport" v="stop_position"/>
  <tag k="railway" v="stop"/>
  <tag k="subway" v="yes"/>
  <tag k="wheelchair" v="no"/>
 </node>
 <node id="7657385889" visible="true" version="3" changeset="98799133" timestamp="2021-02-06T02:41:47Z" user="NameThatFollows" uid="12595815" lat="40.6727464" lon="-73.8904677">
  <tag k="name" v="Van Siclen Avenue"/>
  <tag k="network" v="NYC Subway"/>
  <tag k="operator" v="New York City Transit Authority"/>
  <tag k="public_transport" v="stop_position"/>
  <tag k="railway" v="stop"/>
  <tag k="subway" v="yes"/>
  <tag k="wheelchair" v="no"/>
 </node>
 <node id="7657385890" visible="true" version="3" changeset="98799133" timestamp="2021-02-06T02:41:47Z" user="NameThatFollows" uid="12595815" lat="40.6737884" lon="-73.8964214">
  <tag k="name" v="Liberty Avenue"/>
  <tag k="network" v="NYC Subway"/>
  <tag k="operator" v="New York City Transit Authority"/>
  <tag k="public_transport" v="stop_position"/>
  <tag k="railway" v="stop"/>
  <tag k="subway" v="yes"/>
  <tag k="wheelchair" v="no"/>
 </node>
 <node id="7657385891" visible="true" version="3" changeset="98799133" timestamp="2021-02-06T02:41:47Z" user="NameThatFollows" uid="12595815" lat="40.6752817" lon="-73.8966745">
  <tag k="name" v="Liberty Avenue"/>
  <tag k="network" v="NYC Subway"/>
  <tag k="operator" v="New York City Transit Authority"/>
  <tag k="public_transport" v="stop_position"/>
  <tag k="railway" v="stop"/>
  <tag k="subway" v="yes"/>
  <tag k="wheelchair" v="no"/>
 </node>
 <node id="7779794618" visible="true" version="1" changeset="88856774" timestamp="2020-08-03T04:13:34Z" user="kurugunk" uid="10145796" lat="40.6626770" lon="-73.8904388"/>
 <node id="7881213995" visible="true" version="1" changeset="90482413" timestamp="2020-09-06T14:29:06Z" user="user_385682" uid="385682" lat="40.6760450" lon="-73.8911715"/>
 <node id="8233183142" visible="true" version="1" changeset="95914807" timestamp="2020-12-16T05:23:27Z" user="paliks" uid="11808113" lat="40.6728068" lon="-73.8922153"/>
 <node id="8233183143" visible="true" version="1" changeset="95914807" timestamp="2020-12-16T05:23:27Z" user="paliks" uid="11808113" lat="40.6727636" lon="-73.8925330"/>
 <node id="8385978847" visible="true" version="1" changeset="98546139" timestamp="2021-02-02T04:30:24Z" user="manasaka" uid="11734025" lat="40.6734164" lon="-73.8904944"/>
 <node id="8385978848" visible="true" version="1" changeset="98546139" timestamp="2021-02-02T04:30:24Z" user="manasaka" uid="11734025" lat="40.6734364" lon="-73.8903910">
  <tag k="barrier" v="gate"/>
 </node>
 <node id="8385978849" visible="true" version="1" changeset="98546139" timestamp="2021-02-02T04:30:24Z" user="manasaka" uid="11734025" lat="40.6734667" lon="-73.8902115"/>
 <node id="8385978850" visible="true" version="1" changeset="98546139" timestamp="2021-02-02T04:30:24Z" user="manasaka" uid="11734025" lat="40.6734962" lon="-73.8901435"/>
 <node id="8398624317" visible="true" version="1" changeset="98799133" timestamp="2021-02-06T02:41:47Z" user="NameThatFollows" uid="12595815" lat="40.6753309" lon="-73.8718848"/>
 <node id="8398624318" visible="true" version="1" changeset="98799133" timestamp="2021-02-06T02:41:47Z" user="NameThatFollows" uid="12595815" lat="40.6752102" lon="-73.8728820"/>
 <node id="8398624323" visible="true" version="1" changeset="98799133" timestamp="2021-02-06T02:41:47Z" user="NameThatFollows" uid="12595815" lat="40.6743380" lon="-73.8796658"/>
 <node id="8398624328" visible="true" version="1" changeset="98799133" timestamp="2021-02-06T02:41:47Z" user="NameThatFollows" uid="12595815" lat="40.6739107" lon="-73.8818942"/>
 <node id="8398624329" visible="true" version="1" changeset="98799133" timestamp="2021-02-06T02:41:47Z" user="NameThatFollows" uid="12595815" lat="40.6727913" lon="-73.8904969"/>
 <node id="8398624330" visible="true" version="1" changeset="98799133" timestamp="2021-02-06T02:41:47Z" user="NameThatFollows" uid="12595815" lat="40.6727630" lon="-73.8904899"/>
 <node id="8398624331" visible="true" version="1" changeset="98799133" timestamp="2021-02-06T02:41:47Z" user="NameThatFollows" uid="12595815" lat="40.6730768" lon="-73.8883866"/>
 <node id="8398624332" visible="true" version="1" changeset="98799133" timestamp="2021-02-06T02:41:47Z" user="NameThatFollows" uid="12595815" lat="40.6731090" lon="-73.8883940"/>
 <node id="8398624337" visible="true" version="1" changeset="98799133" timestamp="2021-02-06T02:41:47Z" user="NameThatFollows" uid="12595815" lat="40.6730584" lon="-73.8883887"/>
 <node id="8398624338" visible="true" version="1" changeset="98799133" timestamp="2021-02-06T02:41:47Z" user="NameThatFollows" uid="12595815" lat="40.6726538" lon="-73.8904564"/>
 <node id="8398624347" visible="true" version="1" changeset="98799133" timestamp="2021-02-06T02:41:47Z" user="NameThatFollows" uid="12595815" lat="40.6738089" lon="-73.8962935"/>
 <node id="8398624348" visible="true" version="1" changeset="98799133" timestamp="2021-02-06T02:41:47Z" user="NameThatFollows" uid="12595815" lat="40.6752682" lon="-73.8968034"/>
 <node id="10692235482" visible="true" version="3" changeset="153879331" timestamp="2024-07-13T05:53:05Z" user="isamah" uid="17496699" lat="40.6758841" lon="-73.8939441">
  <tag k="crossing" v="marked"/>
  <tag k="crossing:island" v="no"/>
  <tag k="crossing:markings" v="zebra"/>
  <tag k="crossing:signals" v="no"/>
  <tag k="highway" v="crossing"/>
 </node>
 <node id="10692235484" visible="true" version="3" changeset="153879331" timestamp="2024-07-13T05:53:05Z" user="isamah" uid="17496699" lat="40.6760036" lon="-73.8930348">
  <tag k="crossing" v="traffic_signals"/>
  <tag k="crossing:island" v="no"/>
  <tag k="crossing:markings" v="zebra"/>
  <tag k="crossing:signals" v="yes"/>
  <tag k="highway" v="crossing"/>
 </node>
 <node id="10692235486" visible="true" version="3" changeset="149140029" timestamp="2024-03-25T16:49:58Z" user="haycam" uid="17496697" lat="40.6763005" lon="-73.8912377">
  <tag k="barrier" v="kerb"/>
  <tag k="crossing" v="uncontrolled"/>
  <tag k="crossing:island" v="no"/>
  <tag k="crossing:markings" v="zebra"/>
  <tag k="crossing:signals" v="no"/>
  <tag k="highway" v="crossing"/>
  <tag k="kerb" v="lowered"/>
 </node>
 <node id="10692771269" visible="true" version="1" changeset="133001604" timestamp="2023-02-25T11:36:30Z" user="SSEKITOLEKO" uid="7562542" lat="40.6733590" lon="-73.8926836"/>
 <node id="10692771270" visible="true" version="1" changeset="133001604" timestamp="2023-02-25T11:36:30Z" user="SSEKITOLEKO" uid="7562542" lat="40.6733578" lon="-73.8926943"/>
 <node id="10692771271" visible="true" version="1" changeset="133001604" timestamp="2023-02-25T11:36:30Z" user="SSEKITOLEKO" uid="7562542" lat="40.6733601" lon="-73.8927048"/>
 <node id="10692771272" visible="true" version="1" changeset="133001604" timestamp="2023-02-25T11:36:30Z" user="SSEKITOLEKO" uid="7562542" lat="40.6733654" lon="-73.8927131"/>
 <node id="10692771273" visible="true" version="1" changeset="133001604" timestamp="2023-02-25T11:36:30Z" user="SSEKITOLEKO" uid="7562542" lat="40.6733727" lon="-73.8927179"/>
 <node id="10692771274" visible="true" version="1" changeset="133001604" timestamp="2023-02-25T11:36:30Z" user="SSEKITOLEKO" uid="7562542" lat="40.6733810" lon="-73.8927184"/>
 <node id="10692771275" visible="true" version="1" changeset="133001604" timestamp="2023-02-25T11:36:30Z" user="SSEKITOLEKO" uid="7562542" lat="40.6733886" lon="-73.8927143"/>
 <node id="10692771276" visible="true" version="1" changeset="133001604" timestamp="2023-02-25T11:36:30Z" user="SSEKITOLEKO" uid="7562542" lat="40.6733944" lon="-73.8927065"/>
 <node id="10692771277" visible="true" version="1" changeset="133001604" timestamp="2023-02-25T11:36:30Z" user="SSEKITOLEKO" uid="7562542" lat="40.6733972" lon="-73.8926964"/>
 <node id="10692771278" visible="true" version="1" changeset="133001604" timestamp="2023-02-25T11:36:30Z" user="SSEKITOLEKO" uid="7562542" lat="40.6733967" lon="-73.8926855"/>
 <node id="10692771279" visible="true" version="1" changeset="133001604" timestamp="2023-02-25T11:36:30Z" user="SSEKITOLEKO" uid="7562542" lat="40.6733928" lon="-73.8926759"/>
 <node id="10692771280" visible="true" version="1" changeset="133001604" timestamp="2023-02-25T11:36:30Z" user="SSEKITOLEKO" uid="7562542" lat="40.6733864" lon="-73.8926692"/>
 <node id="10692771281" visible="true" version="1" changeset="133001604" timestamp="2023-02-25T11:36:30Z" user="SSEKITOLEKO" uid="7562542" lat="40.6733784" lon="-73.8926665"/>
 <node id="10692771282" visible="true" version="1" changeset="133001604" timestamp="2023-02-25T11:36:30Z" user="SSEKITOLEKO" uid="7562542" lat="40.6733703" lon="-73.8926684"/>
 <node id="10692771283" visible="true" version="1" changeset="133001604" timestamp="2023-02-25T11:36:30Z" user="SSEKITOLEKO" uid="7562542" lat="40.6733634" lon="-73.8926744"/>
 <node id="10692771284" visible="true" version="1" changeset="133001604" timestamp="2023-02-25T11:36:30Z" user="SSEKITOLEKO" uid="7562542" lat="40.6730313" lon="-73.8927735"/>
 <node id="10692771285" visible="true" version="1" changeset="133001604" timestamp="2023-02-25T11:36:30Z" user="SSEKITOLEKO" uid="7562542" lat="40.6730303" lon="-73.8927822"/>
 <node id="10692771286" visible="true" version="1" changeset="133001604" timestamp="2023-02-25T11:36:30Z" user="SSEKITOLEKO" uid="7562542" lat="40.6730321" lon="-73.8927906"/>
 <node id="10692771287" visible="true" version="1" changeset="133001604" timestamp="2023-02-25T11:36:30Z" user="SSEKITOLEKO" uid="7562542" lat="40.6730364" lon="-73.8927973"/>
 <node id="10692771288" visible="true" version="1" changeset="133001604" timestamp="2023-02-25T11:36:30Z" user="SSEKITOLEKO" uid="7562542" lat="40.6730424" lon="-73.8928012"/>
 <node id="10692771289" visible="true" version="1" changeset="133001604" timestamp="2023-02-25T11:36:30Z" user="SSEKITOLEKO" uid="7562542" lat="40.6730490" lon="-73.8928015"/>
 <node id="10692771290" visible="true" version="1" changeset="133001604" timestamp="2023-02-25T11:36:30Z" user="SSEKITOLEKO" uid="7562542" lat="40.6730552" lon="-73.8927983"/>
 <node id="10692771291" visible="true" version="1" changeset="133001604" timestamp="2023-02-25T11:36:30Z" user="SSEKITOLEKO" uid="7562542" lat="40.6730598" lon="-73.8927920"/>
 <node id="10692771292" visible="true" version="1" changeset="133001604" timestamp="2023-02-25T11:36:30Z" user="SSEKITOLEKO" uid="7562542" lat="40.6730621" lon="-73.8927838"/>
 <node id="10692771293" visible="true" version="1" changeset="133001604" timestamp="2023-02-25T11:36:30Z" user="SSEKITOLEKO" uid="7562542" lat="40.6730616" lon="-73.8927751"/>
 <node id="10692771294" visible="true" version="1" changeset="133001604" timestamp="2023-02-25T11:36:30Z" user="SSEKITOLEKO" uid="7562542" lat="40.6730585" lon="-73.8927673"/>
 <node id="10692771295" visible="true" version="1" changeset="133001604" timestamp="2023-02-25T11:36:30Z" user="SSEKITOLEKO" uid="7562542" lat="40.6730533" lon="-73.8927619"/>
 <node id="10692771296" visible="true" version="1" changeset="133001604" timestamp="2023-02-25T11:36:30Z" user="SSEKITOLEKO" uid="7562542" lat="40.6730469" lon="-73.8927598"/>
 <node id="10692771297" visible="true" version="1" changeset="133001604" timestamp="2023-02-25T11:36:30Z" user="SSEKITOLEKO" uid="7562542" lat="40.6730403" lon="-73.8927613"/>
 <node id="10692771298" visible="true" version="1" changeset="133001604" timestamp="2023-02-25T11:36:30Z" user="SSEKITOLEKO" uid="7562542" lat="40.6730348" lon="-73.8927661"/>
 <node id="10692771299" visible="true" version="1" changeset="133001604" timestamp="2023-02-25T11:36:30Z" user="SSEKITOLEKO" uid="7562542" lat="40.6727838" lon="-73.8927445"/>
 <node id="10692771300" visible="true" version="1" changeset="133001604" timestamp="2023-02-25T11:36:30Z" user="SSEKITOLEKO" uid="7562542" lat="40.6727827" lon="-73.8927550"/>
 <node id="10692771301" visible="true" version="1" changeset="133001604" timestamp="2023-02-25T11:36:30Z" user="SSEKITOLEKO" uid="7562542" lat="40.6727849" lon="-73.8927651"/>
 <node id="10692771302" visible="true" version="1" changeset="133001604" timestamp="2023-02-25T11:36:30Z" user="SSEKITOLEKO" uid="7562542" lat="40.6727900" lon="-73.8927732"/>
 <node id="10692771303" visible="true" version="1" changeset="133001604" timestamp="2023-02-25T11:36:30Z" user="SSEKITOLEKO" uid="7562542" lat="40.6727972" lon="-73.8927779"/>
 <node id="10692771304" visible="true" version="1" changeset="133001604" timestamp="2023-02-25T11:36:30Z" user="SSEKITOLEKO" uid="7562542" lat="40.6728052" lon="-73.8927783"/>
 <node id="10692771305" visible="true" version="1" changeset="133001604" timestamp="2023-02-25T11:36:30Z" user="SSEKITOLEKO" uid="7562542" lat="40.6728126" lon="-73.8927744"/>
 <node id="10692771306" visible="true" version="1" changeset="133001604" timestamp="2023-02-25T11:36:30Z" user="SSEKITOLEKO" uid="7562542" lat="40.6728182" lon="-73.8927668"/>
 <node id="10692771307" visible="true" version="1" changeset="133001604" timestamp="2023-02-25T11:36:30Z" user="SSEKITOLEKO" uid="7562542" lat="40.6728209" lon="-73.8927569"/>
 <node id="10692771308" visible="true" version="1" changeset="133001604" timestamp="2023-02-25T11:36:30Z" user="SSEKITOLEKO" uid="7562542" lat="40.6728204" lon="-73.8927464"/>
 <node id="10692771309" visible="true" version="1" changeset="133001604" timestamp="2023-02-25T11:36:30Z" user="SSEKITOLEKO" uid="7562542" lat="40.6728167" lon="-73.8927371"/>
 <node id="10692771310" visible="true" version="1" changeset="133001604" timestamp="2023-02-25T11:36:30Z" user="SSEKITOLEKO" uid="7562542" lat="40.6728104" lon="-73.8927305"/>
 <node id="10692771311" visible="true" version="1" changeset="133001604" timestamp="2023-02-25T11:36:30Z" user="SSEKITOLEKO" uid="7562542" lat="40.6728026" lon="-73.8927280"/>
 <node id="10692771312" visible="true" version="1" changeset="133001604" timestamp="2023-02-25T11:36:30Z" user="SSEKITOLEKO" uid="7562542" lat="40.6727948" lon="-73.8927298"/>
 <node id="10692771313" visible="true" version="1" changeset="133001604" timestamp="2023-02-25T11:36:30Z" user="SSEKITOLEKO" uid="7562542" lat="40.6727881" lon="-73.8927356"/>
 <node id="10761839731" visible="true" version="4" changeset="153879506" timestamp="2024-07-13T06:02:21Z" user="isamah" uid="17496699" lat="40.6751648" lon="-73.8909437">
  <tag k="crossing" v="traffic_signals"/>
  <tag k="crossing:island" v="no"/>
  <tag k="crossing:markings" v="zebra"/>
  <tag k="crossing:signals" v="yes"/>
  <tag k="highway" v="crossing"/>
 </node>
 <node id="10761839733" visible="true" version="4" changeset="153879506" timestamp="2024-07-13T06:02:21Z" user="isamah" uid="17496699" lat="40.6752948" lon="-73.8909773">
  <tag k="crossing" v="traffic_signals"/>
  <tag k="crossing:island" v="no"/>
  <tag k="crossing:markings" v="zebra"/>
  <tag k="crossing:signals" v="yes"/>
  <tag k="highway" v="crossing"/>
 </node>
 <node id="10992808519" visible="true" version="2" changeset="147821721" timestamp="2024-02-23T15:51:51Z" user="s4eed" uid="19335355" lat="40.6760673" lon="-73.8764243">
  <tag k="crossing" v="uncontrolled"/>
  <tag k="crossing:markings" v="zebra"/>
  <tag k="crossing:signals" v="no"/>
  <tag k="highway" v="crossing"/>
 </node>
 <node id="10992808520" visible="true" version="3" changeset="147821721" timestamp="2024-02-23T15:51:51Z" user="s4eed" uid="19335355" lat="40.6760438" lon="-73.8765877">
  <tag k="crossing" v="uncontrolled"/>
  <tag k="crossing:markings" v="zebra"/>
  <tag k="crossing:signals" v="no"/>
  <tag k="highway" v="crossing"/>
 </node>
 <node id="11353281419" visible="true" version="3" changeset="169998084" timestamp="2025-08-05T10:32:04Z" user="PedestrianMapping_TraceVeil" uid="23065794" lat="40.6630109" lon="-73.8906569">
  <tag k="crossing" v="uncontrolled"/>
  <tag k="crossing:markings" v="zebra"/>
  <tag k="crossing:signals" v="no"/>
  <tag k="highway" v="crossing"/>
 </node>
 <node id="11353281421" visible="true" version="1" changeset="144075536" timestamp="2023-11-16T02:44:24Z" user="MxxCon" uid="384667" lat="40.6637150" lon="-73.8908485">
  <tag k="crossing" v="uncontrolled"/>
  <tag k="crossing:markings" v="yes"/>
  <tag k="highway" v="crossing"/>
 </node>
 <node id="11353281422" visible="true" version="1" changeset="144075536" timestamp="2023-11-16T02:44:24Z" user="MxxCon" uid="384667" lat="40.6637609" lon="-73.8908600">
  <tag k="direction" v="forward"/>
  <tag k="highway" v="stop"/>
 </node>
 <node id="11353281424" visible="true" version="1" changeset="144075536" timestamp="2023-11-16T02:44:24Z" user="MxxCon" uid="384667" lat="40.6635748" lon="-73.8908116">
  <tag k="crossing" v="uncontrolled"/>
  <tag k="crossing:markings" v="yes"/>
  <tag k="highway" v="crossing"/>
 </node>
 <node id="11353281427" visible="true" version="1" changeset="144075536" timestamp="2023-11-16T02:44:24Z" user="MxxCon" uid="384667" lat="40.6636738" lon="-73.8898807">
  <tag k="direction" v="forward"/>
  <tag k="highway" v="stop"/>
 </node>
 <node id="11353281429" visible="true" version="2" changeset="149541064" timestamp="2024-04-03T19:43:24Z" user="haycam" uid="17496697" lat="40.6638549" lon="-73.8899267">
  <tag k="crossing" v="uncontrolled"/>
  <tag k="crossing:markings" v="zebra"/>
  <tag k="crossing:signals" v="no"/>
  <tag k="highway" v="crossing"/>
 </node>
 <node id="11353281431" visible="true" version="2" changeset="149541064" timestamp="2024-04-03T19:43:24Z" user="haycam" uid="17496697" lat="40.6637174" lon="-73.8898917">
  <tag k="crossing" v="uncontrolled"/>
  <tag k="crossing:markings" v="zebra"/>
  <tag k="crossing:signals" v="no"/>
  <tag k="highway" v="crossing"/>
 </node>
 <node id="11353281463" visible="true" version="2" changeset="169991571" timestamp="2025-08-05T08:22:37Z" user="PedestrianMapping_StealthGrid" uid="23065616" lat="40.6633831" lon="-73.8898057">
  <tag k="crossing" v="uncontrolled"/>
  <tag k="crossing:markings" v="zebra"/>
  <tag k="crossing:signals" v="no"/>
  <tag k="highway" v="crossing"/>
 </node>
 <node id="11353281467" visible="true" version="2" changeset="169991571" timestamp="2025-08-05T08:22:37Z" user="PedestrianMapping_StealthGrid" uid="23065616" lat="40.6632254" lon="-73.8897706">
  <tag k="crossing" v="uncontrolled"/>
  <tag k="crossing:markings" v="zebra"/>
  <tag k="crossing:signals" v="no"/>
  <tag k="highway" v="crossing"/>
 </node>
 <node id="11353290971" visible="true" version="1" changeset="144075536" timestamp="2023-11-16T02:44:24Z" user="MxxCon" uid="384667" lat="40.6630550" lon="-73.8906675">
  <tag k="direction" v="forward"/>
  <tag k="highway" v="stop"/>
 </node>
 <node id="11353290972" visible="true" version="1" changeset="144075536" timestamp="2023-11-16T02:44:24Z" user="MxxCon" uid="384667" lat="40.6631771" lon="-73.8897350">
  <tag k="direction" v="forward"/>
  <tag k="highway" v="stop"/>
 </node>
 <node id="11353290977" visible="true" version="2" changeset="169993194" timestamp="2025-08-05T08:55:06Z" user="PedestrianMapping_StealthGrid" uid="23065616" lat="40.6628680" lon="-73.8905789">
  <tag k="crossing" v="uncontrolled"/>
  <tag k="crossing:markings" v="zebra"/>
  <tag k="crossing:signals" v="no"/>
  <tag k="highway" v="crossing"/>
 </node>
 <node id="11656346389" visible="true" version="2" changeset="152339226" timestamp="2024-06-06T15:58:26Z" user="brikin" uid="20352592" lat="40.6763323" lon="-73.8745875">
  <tag k="crossing" v="uncontrolled"/>
  <tag k="crossing:island" v="no"/>
  <tag k="crossing:markings" v="zebra"/>
  <tag k="crossing:signals" v="no"/>
  <tag k="highway" v="crossing"/>
 </node>
 <node id="11656346392" visible="true" version="2" changeset="152339226" timestamp="2024-06-06T15:58:26Z" user="brikin" uid="20352592" lat="40.6763098" lon="-73.8747445">
  <tag k="crossing" v="uncontrolled"/>
  <tag k="crossing:island" v="no"/>
  <tag k="crossing:markings" v="zebra"/>
  <tag k="crossing:signals" v="no"/>
  <tag k="highway" v="crossing"/>
 </node>
 <node id="11657089057" visible="true" version="1" changeset="147821721" timestamp="2024-02-23T15:51:51Z" user="s4eed" uid="19335355" lat="40.6762000" lon="-73.8755112">
  <tag k="crossing" v="uncontrolled"/>
  <tag k="crossing:markings" v="zebra"/>
  <tag k="crossing:signals" v="no"/>
  <tag k="highway" v="crossing"/>
 </node>
 <node id="11657089059" visible="true" version="1" changeset="147821721" timestamp="2024-02-23T15:51:51Z" user="s4eed" uid="19335355" lat="40.6761778" lon="-73.8756651">
  <tag k="crossing" v="uncontrolled"/>
  <tag k="crossing:markings" v="zebra"/>
  <tag k="crossing:signals" v="no"/>
  <tag k="highway" v="crossing"/>
 </node>
 <node id="11657089063" visible="true" version="1" changeset="147821721" timestamp="2024-02-23T15:51:51Z" user="s4eed" uid="19335355" lat="40.6759107" lon="-73.8775166">
  <tag k="crossing" v="traffic_signals"/>
  <tag k="crossing:markings" v="zebra"/>
  <tag k="crossing:signals" v="yes"/>
  <tag k="highway" v="crossing"/>
 </node>
 <node id="11657089065" visible="true" version="1" changeset="147821721" timestamp="2024-02-23T15:51:51Z" user="s4eed" uid="19335355" lat="40.6759352" lon="-73.8773458">
  <tag k="crossing" v="traffic_signals"/>
  <tag k="crossing:markings" v="zebra"/>
  <tag k="crossing:signals" v="yes"/>
  <tag k="highway" v="crossing"/>
 </node>
 <node id="11657114872" visible="true" version="1" changeset="147821721" timestamp="2024-02-23T15:51:51Z" user="s4eed" uid="19335355" lat="40.6747858" lon="-73.8762776">
  <tag k="crossing" v="traffic_signals"/>
  <tag k="crossing:markings" v="zebra"/>
  <tag k="crossing:signals" v="yes"/>
  <tag k="highway" v="crossing"/>
 </node>
 <node id="11657114875" visible="true" version="1" changeset="147821721" timestamp="2024-02-23T15:51:51Z" user="s4eed" uid="19335355" lat="40.6746608" lon="-73.8772111">
  <tag k="crossing" v="uncontrolled"/>
  <tag k="crossing:markings" v="zebra"/>
  <tag k="crossing:signals" v="no"/>
  <tag k="highway" v="crossing"/>
 </node>
 <node id="11657114879" visible="true" version="1" changeset="147821721" timestamp="2024-02-23T15:51:51Z" user="s4eed" uid="19335355" lat="40.6746850" lon="-73.8770360">
  <tag k="crossing" v="traffic_signals"/>
  <tag k="crossing:markings" v="zebra"/>
  <tag k="crossing:signals" v="yes"/>
  <tag k="highway" v="crossing"/>
 </node>
 <node id="11725496264" visible="true" version="1" changeset="148565281" timestamp="2024-03-12T19:53:01Z" user="daniel_solow" uid="1954307" lat="40.6766589" lon="-73.8723190">
  <tag k="crossing" v="unmarked"/>
  <tag k="crossing:markings" v="no"/>
  <tag k="highway" v="crossing"/>
 </node>
 <node id="11725497070" visible="true" version="1" changeset="148565281" timestamp="2024-03-12T19:53:01Z" user="daniel_solow" uid="1954307" lat="40.6765536" lon="-73.8730510">
  <tag k="crossing" v="unmarked"/>
  <tag k="crossing:markings" v="no"/>
  <tag k="highway" v="crossing"/>
 </node>
 <node id="11725497071" visible="true" version="1" changeset="148565281" timestamp="2024-03-12T19:53:01Z" user="daniel_solow" uid="1954307" lat="40.6765727" lon="-73.8729187">
  <tag k="crossing" v="unmarked"/>
  <tag k="crossing:markings" v="no"/>
  <tag k="highway" v="crossing"/>
 </node>
 <node id="11725497076" visible="true" version="2" changeset="152339719" timestamp="2024-06-06T16:11:00Z" user="brikin" uid="20352592" lat="40.6764644" lon="-73.8736678">
  <tag k="crossing" v="unmarked"/>
  <tag k="crossing:island" v="no"/>
  <tag k="crossing:markings" v="no"/>
  <tag k="crossing:signals" v="no"/>
  <tag k="highway" v="crossing"/>
 </node>
 <node id="11725497077" visible="true" version="2" changeset="152339719" timestamp="2024-06-06T16:11:00Z" user="brikin" uid="20352592" lat="40.6764427" lon="-73.8738190">
  <tag k="crossing" v="unmarked"/>
  <tag k="crossing:island" v="no"/>
  <tag k="crossing:markings" v="no"/>
  <tag k="crossing:signals" v="no"/>
  <tag k="highway" v="crossing"/>
 </node>
 <node id="11727609847" visible="true" version="3" changeset="153879506" timestamp="2024-07-13T06:02:21Z" user="isamah" uid="17496699" lat="40.6750307" lon="-73.8927852">
  <tag k="crossing" v="traffic_signals"/>
  <tag k="crossing:island" v="no"/>
  <tag k="crossing:markings" v="zebra"/>
  <tag k="crossing:signals" v="yes"/>
  <tag k="highway" v="crossing"/>
 </node>
 <node id="11727609859" visible="true" version="1" changeset="148594895" timestamp="2024-03-13T13:48:09Z" user="daniel_solow" uid="1954307" lat="40.6738759" lon="-73.8908766"/>
 <node id="11727609860" visible="true" version="1" changeset="148594895" timestamp="2024-03-13T13:48:09Z" user="daniel_solow" uid="1954307" lat="40.6738975" lon="-73.8907308"/>
 <node id="11727609861" visible="true" version="1" changeset="148594895" timestamp="2024-03-13T13:48:09Z" user="daniel_solow" uid="1954307" lat="40.6735638" lon="-73.8906451"/>
 <node id="11727609862" visible="true" version="1" changeset="148594895" timestamp="2024-03-13T13:48:09Z" user="daniel_solow" uid="1954307" lat="40.6735347" lon="-73.8908420"/>
 <node id="11727609863" visible="true" version="1" changeset="148594895" timestamp="2024-03-13T13:48:09Z" user="daniel_solow" uid="1954307" lat="40.6736941" lon="-73.8908830"/>
 <node id="11727609864" visible="true" version="1" changeset="148594895" timestamp="2024-03-13T13:48:09Z" user="daniel_solow" uid="1954307" lat="40.6737017" lon="-73.8908319"/>
 <node id="11727609866" visible="true" version="3" changeset="153879506" timestamp="2024-07-13T06:02:21Z" user="isamah" uid="17496699" lat="40.6750313" lon="-73.8918448">
  <tag k="crossing" v="traffic_signals"/>
  <tag k="crossing:island" v="no"/>
  <tag k="crossing:markings" v="zebra"/>
  <tag k="crossing:signals" v="yes"/>
  <tag k="highway" v="crossing"/>
 </node>
 <node id="11727609869" visible="true" version="3" changeset="153879506" timestamp="2024-07-13T06:02:21Z" user="isamah" uid="17496699" lat="40.6748955" lon="-73.8927504">
  <tag k="crossing" v="traffic_signals"/>
  <tag k="crossing:island" v="no"/>
  <tag k="crossing:markings" v="zebra"/>
  <tag k="crossing:signals" v="yes"/>
  <tag k="highway" v="crossing"/>
 </node>
 <node id="11727609872" visible="true" version="3" changeset="153879506" timestamp="2024-07-13T06:02:21Z" user="isamah" uid="17496699" lat="40.6747621" lon="-73.8936546">
  <tag k="crossing" v="traffic_signals"/>
  <tag k="crossing:island" v="no"/>
  <tag k="crossing:markings" v="zebra"/>
  <tag k="crossing:signals" v="yes"/>
  <tag k="highway" v="crossing"/>
 </node>
 <node id="11727609875" visible="true" version="3" changeset="153879506" timestamp="2024-07-13T06:02:21Z" user="isamah" uid="17496699" lat="40.6748939" lon="-73.8936886">
  <tag k="crossing" v="traffic_signals"/>
  <tag k="crossing:island" v="no"/>
  <tag k="crossing:markings" v="zebra"/>
  <tag k="crossing:signals" v="yes"/>
  <tag k="highway" v="crossing"/>
 </node>
 <node id="11727637563" visible="true" version="1" changeset="148596346" timestamp="2024-03-13T14:19:53Z" user="daniel_solow" uid="1954307" lat="40.6739045" lon="-73.8916431"/>
 <node id="11761492134" visible="true" version="2" changeset="153163685" timestamp="2024-06-25T15:50:51Z" user="brikin" uid="20352592" lat="40.6731691" lon="-73.8960527">
  <tag k="crossing" v="traffic_signals"/>
  <tag k="crossing:island" v="no"/>
  <tag k="crossing:markings" v="zebra"/>
  <tag k="crossing:signals" v="yes"/>
  <tag k="highway" v="crossing"/>
 </node>
 <node id="11761555636" visible="true" version="2" changeset="153163758" timestamp="2024-06-25T15:52:54Z" user="brikin" uid="20352592" lat="40.6732917" lon="-73.8952586">
  <tag k="crossing" v="traffic_signals"/>
  <tag k="crossing:island" v="no"/>
  <tag k="crossing:markings" v="zebra"/>
  <tag k="crossing:signals" v="yes"/>
  <tag k="highway" v="crossing"/>
 </node>
 <node id="11761555637" visible="true" version="2" changeset="153163758" timestamp="2024-06-25T15:52:54Z" user="brikin" uid="20352592" lat="40.6733151" lon="-73.8951072">
  <tag k="crossing" v="traffic_signals"/>
  <tag k="crossing:island" v="no"/>
  <tag k="crossing:markings" v="zebra"/>
  <tag k="crossing:signals" v="yes"/>
  <tag k="highway" v="crossing"/>
 </node>
 <node id="11761555643" visible="true" version="2" changeset="153163791" timestamp="2024-06-25T15:54:13Z" user="brikin" uid="20352592" lat="40.6734310" lon="-73.8943579">
  <tag k="crossing" v="traffic_signals"/>
  <tag k="crossing:island" v="no"/>
  <tag k="crossing:markings" v="zebra"/>
  <tag k="crossing:signals" v="yes"/>
  <tag k="highway" v="crossing"/>
 </node>
 <node id="11761555652" visible="true" version="2" changeset="153163791" timestamp="2024-06-25T15:54:13Z" user="brikin" uid="20352592" lat="40.6734554" lon="-73.8941970">
  <tag k="crossing" v="traffic_signals"/>
  <tag k="crossing:island" v="no"/>
  <tag k="crossing:markings" v="zebra"/>
  <tag k="crossing:signals" v="yes"/>
  <tag k="highway" v="crossing"/>
 </node>
 <node id="11761586727" visible="true" version="2" changeset="153879618" timestamp="2024-07-13T06:09:43Z" user="isamah" uid="17496699" lat="40.6742624" lon="-73.8887611">
  <tag k="crossing" v="marked"/>
  <tag k="crossing:island" v="no"/>
  <tag k="crossing:markings" v="zebra"/>
  <tag k="crossing:signals" v="no"/>
  <tag k="highway" v="crossing"/>
 </node>
 <node id="11761586735" visible="true" version="2" changeset="153879618" timestamp="2024-07-13T06:09:43Z" user="isamah" uid="17496699" lat="40.6742380" lon="-73.8889260">
  <tag k="crossing" v="marked"/>
  <tag k="crossing:island" v="no"/>
  <tag k="crossing:markings" v="zebra"/>
  <tag k="crossing:signals" v="no"/>
  <tag k="highway" v="crossing"/>
 </node>
 <node id="11761586743" visible="true" version="2" changeset="153915809" timestamp="2024-07-14T04:24:06Z" user="isamah" uid="17496699" lat="40.6729947" lon="-73.8884364">
  <tag k="crossing" v="traffic_signals"/>
  <tag k="crossing:island" v="no"/>
  <tag k="crossing:markings" v="zebra"/>
  <tag k="crossing:signals" v="yes"/>
  <tag k="highway" v="crossing"/>
 </node>
 <node id="11761586749" visible="true" version="2" changeset="153879761" timestamp="2024-07-13T06:17:52Z" user="isamah" uid="17496699" lat="40.6729702" lon="-73.8886008">
  <tag k="crossing" v="traffic_signals"/>
  <tag k="crossing:island" v="no"/>
  <tag k="crossing:markings" v="zebra"/>
  <tag k="crossing:signals" v="yes"/>
  <tag k="highway" v="crossing"/>
 </node>
 <node id="11761604715" visible="true" version="1" changeset="149140202" timestamp="2024-03-25T16:54:33Z" user="haycam" uid="17496697" lat="40.6749064" lon="-73.8926684"/>
 <node id="11761604716" visible="true" version="1" changeset="149140202" timestamp="2024-03-25T16:54:33Z" user="haycam" uid="17496697" lat="40.6749244" lon="-73.8926728">
  <tag k="barrier" v="kerb"/>
  <tag k="kerb" v="lowered"/>
 </node>
 <node id="11761604718" visible="true" version="1" changeset="149140202" timestamp="2024-03-25T16:54:33Z" user="haycam" uid="17496697" lat="40.6749027" lon="-73.8928418">
  <tag k="barrier" v="kerb"/>
  <tag k="kerb" v="lowered"/>
 </node>
 <node id="11761604719" visible="true" version="1" changeset="149140202" timestamp="2024-03-25T16:54:33Z" user="haycam" uid="17496697" lat="40.6748842" lon="-73.8928365"/>
 <node id="11761604720" visible="true" version="2" changeset="168618675" timestamp="2025-07-07T18:35:45Z" user="daniel_solow" uid="1954307" lat="40.6747884" lon="-73.8935895">
  <tag k="barrier" v="kerb"/>
  <tag k="kerb" v="lowered"/>
  <tag k="tactile_paving" v="yes"/>
 </node>
 <node id="11761604725" visible="true" version="1" changeset="149140202" timestamp="2024-03-25T16:54:33Z" user="haycam" uid="17496697" lat="40.6747727" lon="-73.8935860"/>
 <node id="11761632516" visible="true" version="1" changeset="149140751" timestamp="2024-03-25T17:06:59Z" user="haycam" uid="17496697" lat="40.6736492" lon="-73.8934280">
  <tag k="barrier" v="kerb"/>
  <tag k="kerb" v="lowered"/>
 </node>
 <node id="11761632517" visible="true" version="1" changeset="149140751" timestamp="2024-03-25T17:06:59Z" user="haycam" uid="17496697" lat="40.6736634" lon="-73.8933282">
  <tag k="barrier" v="kerb"/>
  <tag k="kerb" v="lowered"/>
 </node>
 <node id="11761632518" visible="true" version="2" changeset="153879618" timestamp="2024-07-13T06:09:43Z" user="isamah" uid="17496699" lat="40.6736573" lon="-73.8933713">
  <tag k="crossing" v="marked"/>
  <tag k="crossing:island" v="no"/>
  <tag k="crossing:markings" v="zebra"/>
  <tag k="crossing:signals" v="no"/>
  <tag k="highway" v="crossing"/>
 </node>
 <node id="11761632521" visible="true" version="1" changeset="149140751" timestamp="2024-03-25T17:06:59Z" user="haycam" uid="17496697" lat="40.6736476" lon="-73.8932980">
  <tag k="barrier" v="kerb"/>
  <tag k="kerb" v="lowered"/>
 </node>
 <node id="11761632523" visible="true" version="1" changeset="149140751" timestamp="2024-03-25T17:06:59Z" user="haycam" uid="17496697" lat="40.6736665" lon="-73.8933071"/>
 <node id="11761632524" visible="true" version="1" changeset="149140751" timestamp="2024-03-25T17:06:59Z" user="haycam" uid="17496697" lat="40.6735124" lon="-73.8934233"/>
 <node id="11761632525" visible="true" version="1" changeset="149140751" timestamp="2024-03-25T17:06:59Z" user="haycam" uid="17496697" lat="40.6735173" lon="-73.8933905">
  <tag k="barrier" v="kerb"/>
  <tag k="kerb" v="lowered"/>
 </node>
 <node id="11761632526" visible="true" version="1" changeset="149140751" timestamp="2024-03-25T17:06:59Z" user="haycam" uid="17496697" lat="40.6735315" lon="-73.8932907">
  <tag k="barrier" v="kerb"/>
  <tag k="kerb" v="lowered"/>
 </node>
 <node id="11761632527" visible="true" version="1" changeset="149140751" timestamp="2024-03-25T17:06:59Z" user="haycam" uid="17496697" lat="40.6735346" lon="-73.8932634"/>
 <node id="11761632528" visible="true" version="2" changeset="153879618" timestamp="2024-07-13T06:09:43Z" user="isamah" uid="17496699" lat="40.6735248" lon="-73.8933374">
  <tag k="crossing" v="marked"/>
  <tag k="crossing:island" v="no"/>
  <tag k="crossing:markings" v="ladder"/>
  <tag k="crossing:signals" v="no"/>
  <tag k="highway" v="crossing"/>
 </node>
 <node id="11761632529" visible="true" version="2" changeset="153879618" timestamp="2024-07-13T06:09:43Z" user="isamah" uid="17496699" lat="40.6735693" lon="-73.8934364">
  <tag k="crossing" v="marked"/>
  <tag k="crossing:island" v="no"/>
  <tag k="crossing:markings" v="zebra"/>
  <tag k="crossing:signals" v="no"/>
  <tag k="highway" v="crossing"/>
 </node>
 <node id="11761632530" visible="true" version="1" changeset="149140751" timestamp="2024-03-25T17:06:59Z" user="haycam" uid="17496697" lat="40.6735589" lon="-73.8932700">
  <tag k="barrier" v="kerb"/>
  <tag k="kerb" v="lowered"/>
 </node>
 <node id="11761632531" visible="true" version="2" changeset="153879618" timestamp="2024-07-13T06:09:43Z" user="isamah" uid="17496699" lat="40.6735925" lon="-73.8932806">
  <tag k="crossing" v="marked"/>
  <tag k="crossing:island" v="no"/>
  <tag k="crossing:markings" v="zebra"/>
  <tag k="crossing:signals" v="no"/>
  <tag k="highway" v="crossing"/>
 </node>
 <node id="11761632532" visible="true" version="1" changeset="149140751" timestamp="2024-03-25T17:06:59Z" user="haycam" uid="17496697" lat="40.6737789" lon="-73.8923910">
  <tag k="barrier" v="kerb"/>
  <tag k="kerb" v="lowered"/>
 </node>
 <node id="11761632533" visible="true" version="3" changeset="168618675" timestamp="2025-07-07T18:35:45Z" user="daniel_solow" uid="1954307" lat="40.6737254" lon="-73.8923781">
  <tag k="crossing" v="uncontrolled"/>
  <tag k="crossing:island" v="no"/>
  <tag k="crossing:markings" v="zebra"/>
  <tag k="crossing:signals" v="no"/>
  <tag k="highway" v="crossing"/>
 </node>
 <node id="11761632534" visible="true" version="1" changeset="149140751" timestamp="2024-03-25T17:06:59Z" user="haycam" uid="17496697" lat="40.6736911" lon="-73.8923630">
  <tag k="barrier" v="kerb"/>
  <tag k="kerb" v="lowered"/>
 </node>
 <node id="11761632535" visible="true" version="1" changeset="149140751" timestamp="2024-03-25T17:06:59Z" user="haycam" uid="17496697" lat="40.6736680" lon="-73.8923557"/>
 <node id="11761632536" visible="true" version="1" changeset="149140751" timestamp="2024-03-25T17:06:59Z" user="haycam" uid="17496697" lat="40.6736634" lon="-73.8923818">
  <tag k="barrier" v="kerb"/>
  <tag k="kerb" v="lowered"/>
 </node>
 <node id="11761632537" visible="true" version="1" changeset="149140751" timestamp="2024-03-25T17:06:59Z" user="haycam" uid="17496697" lat="40.6736468" lon="-73.8924946">
  <tag k="barrier" v="kerb"/>
  <tag k="kerb" v="lowered"/>
 </node>
 <node id="11761632538" visible="true" version="3" changeset="168618675" timestamp="2025-07-07T18:35:45Z" user="daniel_solow" uid="1954307" lat="40.6736552" lon="-73.8924317">
  <tag k="crossing" v="uncontrolled"/>
  <tag k="crossing:island" v="no"/>
  <tag k="crossing:markings" v="zebra"/>
  <tag k="crossing:signals" v="no"/>
  <tag k="highway" v="crossing"/>
 </node>
 <node id="11761632539" visible="true" version="1" changeset="149140751" timestamp="2024-03-25T17:06:59Z" user="haycam" uid="17496697" lat="40.6736437" lon="-73.8925219"/>
 <node id="11761632540" visible="true" version="1" changeset="149140751" timestamp="2024-03-25T17:06:59Z" user="haycam" uid="17496697" lat="40.6736661" lon="-73.8925267">
  <tag k="barrier" v="kerb"/>
  <tag k="kerb" v="lowered"/>
 </node>
 <node id="11761632541" visible="true" version="1" changeset="149140751" timestamp="2024-03-25T17:06:59Z" user="haycam" uid="17496697" lat="40.6737541" lon="-73.8925493">
  <tag k="barrier" v="kerb"/>
  <tag k="kerb" v="lowered"/>
 </node>
 <node id="11761632542" visible="true" version="3" changeset="168618675" timestamp="2025-07-07T18:35:45Z" user="daniel_solow" uid="1954307" lat="40.6737017" lon="-73.8925383">
  <tag k="crossing" v="uncontrolled"/>
  <tag k="crossing:island" v="no"/>
  <tag k="crossing:markings" v="zebra"/>
  <tag k="crossing:signals" v="no"/>
  <tag k="highway" v="crossing"/>
 </node>
 <node id="11761632543" visible="true" version="1" changeset="149140751" timestamp="2024-03-25T17:06:59Z" user="haycam" uid="17496697" lat="40.6737754" lon="-73.8925505"/>
 <node id="11761632544" visible="true" version="1" changeset="149140751" timestamp="2024-03-25T17:06:59Z" user="haycam" uid="17496697" lat="40.6737793" lon="-73.8925246">
  <tag k="barrier" v="kerb"/>
  <tag k="kerb" v="lowered"/>
 </node>
 <node id="11761632545" visible="true" version="3" changeset="168618675" timestamp="2025-07-07T18:35:45Z" user="daniel_solow" uid="1954307" lat="40.6737877" lon="-73.8924657">
  <tag k="crossing" v="uncontrolled"/>
  <tag k="crossing:island" v="no"/>
  <tag k="crossing:markings" v="zebra"/>
  <tag k="crossing:signals" v="no"/>
  <tag k="highway" v="crossing"/>
 </node>
 <node id="11761632546" visible="true" version="1" changeset="149140751" timestamp="2024-03-25T17:06:59Z" user="haycam" uid="17496697" lat="40.6737935" lon="-73.8924248">
  <tag k="barrier" v="kerb"/>
  <tag k="kerb" v="lowered"/>
 </node>
 <node id="11761632547" visible="true" version="1" changeset="149140751" timestamp="2024-03-25T17:06:59Z" user="haycam" uid="17496697" lat="40.6737978" lon="-73.8923986"/>
 <node id="11761632548" visible="true" version="1" changeset="149140751" timestamp="2024-03-25T17:06:59Z" user="haycam" uid="17496697" lat="40.6739108" lon="-73.8916154">
  <tag k="barrier" v="kerb"/>
  <tag k="kerb" v="lowered"/>
 </node>
 <node id="11761632549" visible="true" version="1" changeset="149140751" timestamp="2024-03-25T17:06:59Z" user="haycam" uid="17496697" lat="40.6738856" lon="-73.8916401">
  <tag k="barrier" v="kerb"/>
  <tag k="kerb" v="lowered"/>
 </node>
 <node id="11761632550" visible="true" version="3" changeset="168618675" timestamp="2025-07-07T18:35:45Z" user="daniel_solow" uid="1954307" lat="40.6739186" lon="-73.8915612">
  <tag k="crossing" v="uncontrolled"/>
  <tag k="crossing:island" v="no"/>
  <tag k="crossing:markings" v="zebra"/>
  <tag k="crossing:signals" v="no"/>
  <tag k="highway" v="crossing"/>
 </node>
 <node id="11761632553" visible="true" version="3" changeset="168618675" timestamp="2025-07-07T18:35:45Z" user="daniel_solow" uid="1954307" lat="40.6738628" lon="-73.8914671">
  <tag k="crossing" v="uncontrolled"/>
  <tag k="crossing:island" v="no"/>
  <tag k="crossing:markings" v="zebra"/>
  <tag k="crossing:signals" v="no"/>
  <tag k="highway" v="crossing"/>
 </node>
 <node id="11761632554" visible="true" version="1" changeset="149140751" timestamp="2024-03-25T17:06:59Z" user="haycam" uid="17496697" lat="40.6738226" lon="-73.8914538">
  <tag k="barrier" v="kerb"/>
  <tag k="kerb" v="lowered"/>
 </node>
 <node id="11761632555" visible="true" version="1" changeset="149140751" timestamp="2024-03-25T17:06:59Z" user="haycam" uid="17496697" lat="40.6737995" lon="-73.8914465"/>
 <node id="11761632556" visible="true" version="1" changeset="149140751" timestamp="2024-03-25T17:06:59Z" user="haycam" uid="17496697" lat="40.6737949" lon="-73.8914726">
  <tag k="barrier" v="kerb"/>
  <tag k="kerb" v="lowered"/>
 </node>
 <node id="11761632557" visible="true" version="1" changeset="149140751" timestamp="2024-03-25T17:06:59Z" user="haycam" uid="17496697" lat="40.6737783" lon="-73.8915854">
  <tag k="barrier" v="kerb"/>
  <tag k="kerb" v="lowered"/>
 </node>
 <node id="11761632558" visible="true" version="3" changeset="168618675" timestamp="2025-07-07T18:35:45Z" user="daniel_solow" uid="1954307" lat="40.6737861" lon="-73.8915273">
  <tag k="crossing" v="uncontrolled"/>
  <tag k="crossing:island" v="no"/>
  <tag k="crossing:markings" v="zebra"/>
  <tag k="crossing:signals" v="no"/>
  <tag k="highway" v="crossing"/>
 </node>
 <node id="11761632559" visible="true" version="1" changeset="149140751" timestamp="2024-03-25T17:06:59Z" user="haycam" uid="17496697" lat="40.6737752" lon="-73.8916127"/>
 <node id="11761632560" visible="true" version="1" changeset="149140751" timestamp="2024-03-25T17:06:59Z" user="haycam" uid="17496697" lat="40.6737976" lon="-73.8916175">
  <tag k="barrier" v="kerb"/>
  <tag k="kerb" v="lowered"/>
 </node>
 <node id="11761632561" visible="true" version="3" changeset="168618675" timestamp="2025-07-07T18:35:45Z" user="daniel_solow" uid="1954307" lat="40.6738380" lon="-73.8916301">
  <tag k="crossing" v="uncontrolled"/>
  <tag k="crossing:island" v="no"/>
  <tag k="crossing:markings" v="zebra"/>
  <tag k="crossing:signals" v="no"/>
  <tag k="highway" v="crossing"/>
 </node>
 <node id="11761632564" visible="true" version="3" changeset="168618675" timestamp="2025-07-07T18:35:45Z" user="daniel_solow" uid="1954307" lat="40.6740591" lon="-73.8906586">
  <tag k="crossing" v="uncontrolled"/>
  <tag k="crossing:island" v="no"/>
  <tag k="crossing:markings" v="zebra"/>
  <tag k="crossing:signals" v="no"/>
  <tag k="highway" v="crossing"/>
 </node>
 <node id="11761632567" visible="true" version="3" changeset="168618675" timestamp="2025-07-07T18:35:45Z" user="daniel_solow" uid="1954307" lat="40.6739937" lon="-73.8905673">
  <tag k="crossing" v="uncontrolled"/>
  <tag k="crossing:island" v="no"/>
  <tag k="crossing:markings" v="zebra"/>
  <tag k="crossing:signals" v="no"/>
  <tag k="highway" v="crossing"/>
 </node>
 <node id="11761642094" visible="true" version="2" changeset="153879618" timestamp="2024-07-13T06:09:43Z" user="isamah" uid="17496699" lat="40.6741281" lon="-73.8896678">
  <tag k="crossing" v="marked"/>
  <tag k="crossing:island" v="no"/>
  <tag k="crossing:markings" v="zebra"/>
  <tag k="crossing:signals" v="no"/>
  <tag k="highway" v="crossing"/>
 </node>
 <node id="11761642102" visible="true" version="2" changeset="153879618" timestamp="2024-07-13T06:09:43Z" user="isamah" uid="17496699" lat="40.6741052" lon="-73.8898216">
  <tag k="crossing" v="marked"/>
  <tag k="crossing:island" v="no"/>
  <tag k="crossing:markings" v="zebra"/>
  <tag k="crossing:signals" v="no"/>
  <tag k="highway" v="crossing"/>
 </node>
 <node id="11761646671" visible="true" version="1" changeset="149140751" timestamp="2024-03-25T17:06:59Z" user="haycam" uid="17496697" lat="40.6739166" lon="-73.8906941">
  <tag k="barrier" v="kerb"/>
  <tag k="kerb" v="lowered"/>
 </node>
 <node id="11761646672" visible="true" version="3" changeset="168618675" timestamp="2025-07-07T18:35:45Z" user="daniel_solow" uid="1954307" lat="40.6739299" lon="-73.8906254">
  <tag k="crossing" v="uncontrolled"/>
  <tag k="crossing:island" v="no"/>
  <tag k="crossing:markings" v="zebra"/>
  <tag k="crossing:signals" v="no"/>
  <tag k="highway" v="crossing"/>
 </node>
 <node id="11761646673" visible="true" version="1" changeset="149140751" timestamp="2024-03-25T17:06:59Z" user="haycam" uid="17496697" lat="40.6739131" lon="-73.8907200"/>
 <node id="11761646675" visible="true" version="3" changeset="168618675" timestamp="2025-07-07T18:35:45Z" user="daniel_solow" uid="1954307" lat="40.6739693" lon="-73.8907335">
  <tag k="crossing" v="uncontrolled"/>
  <tag k="crossing:island" v="no"/>
  <tag k="crossing:markings" v="zebra"/>
  <tag k="crossing:signals" v="no"/>
  <tag k="highway" v="crossing"/>
 </node>
 <node id="11761666190" visible="true" version="1" changeset="149142197" timestamp="2024-03-25T17:37:39Z" user="haycam" uid="17496697" lat="40.6734297" lon="-73.8904255">
  <tag k="crossing" v="marked"/>
  <tag k="crossing:markings" v="yes"/>
  <tag k="highway" v="crossing"/>
 </node>
 <node id="11761666191" visible="true" version="1" changeset="149142197" timestamp="2024-03-25T17:37:39Z" user="haycam" uid="17496697" lat="40.6726662" lon="-73.8913273"/>
 <node id="11761666192" visible="true" version="1" changeset="149142197" timestamp="2024-03-25T17:37:39Z" user="haycam" uid="17496697" lat="40.6726704" lon="-73.8913031">
  <tag k="barrier" v="kerb"/>
  <tag k="kerb" v="lowered"/>
 </node>
 <node id="11761666193" visible="true" version="1" changeset="149142197" timestamp="2024-03-25T17:37:39Z" user="haycam" uid="17496697" lat="40.6726452" lon="-73.8913215">
  <tag k="barrier" v="kerb"/>
  <tag k="kerb" v="lowered"/>
 </node>
 <node id="11761666194" visible="true" version="2" changeset="153879761" timestamp="2024-07-13T06:17:52Z" user="isamah" uid="17496699" lat="40.6726807" lon="-73.8912427">
  <tag k="crossing" v="traffic_signals"/>
  <tag k="crossing:island" v="no"/>
  <tag k="crossing:markings" v="zebra"/>
  <tag k="crossing:signals" v="yes"/>
  <tag k="highway" v="crossing"/>
 </node>
 <node id="11761666195" visible="true" version="1" changeset="149142197" timestamp="2024-03-25T17:37:39Z" user="haycam" uid="17496697" lat="40.6726853" lon="-73.8912053">
  <tag k="barrier" v="kerb"/>
  <tag k="kerb" v="lowered"/>
 </node>
 <node id="11761666196" visible="true" version="1" changeset="149142197" timestamp="2024-03-25T17:37:39Z" user="haycam" uid="17496697" lat="40.6726880" lon="-73.8911816"/>
 <node id="11761666197" visible="true" version="1" changeset="149142197" timestamp="2024-03-25T17:37:39Z" user="haycam" uid="17496697" lat="40.6726695" lon="-73.8911745">
  <tag k="barrier" v="kerb"/>
  <tag k="kerb" v="lowered"/>
 </node>
 <node id="11761666198" visible="true" version="2" changeset="153879761" timestamp="2024-07-13T06:17:52Z" user="isamah" uid="17496699" lat="40.6725943" lon="-73.8911286">
  <tag k="crossing" v="traffic_signals"/>
  <tag k="crossing:island" v="no"/>
  <tag k="crossing:markings" v="zebra"/>
  <tag k="crossing:signals" v="yes"/>
  <tag k="highway" v="crossing"/>
 </node>
 <node id="11761666199" visible="true" version="1" changeset="149142197" timestamp="2024-03-25T17:37:39Z" user="haycam" uid="17496697" lat="40.6725218" lon="-73.8910981">
  <tag k="barrier" v="kerb"/>
  <tag k="kerb" v="lowered"/>
 </node>
 <node id="11761666200" visible="true" version="2" changeset="149248045" timestamp="2024-03-28T01:34:03Z" user="brikin" uid="20352592" lat="40.6725025" lon="-73.8911051"/>
 <node id="11761666201" visible="true" version="1" changeset="149142197" timestamp="2024-03-25T17:37:39Z" user="haycam" uid="17496697" lat="40.6725035" lon="-73.8911297">
  <tag k="barrier" v="kerb"/>
  <tag k="kerb" v="lowered"/>
 </node>
 <node id="11761666202" visible="true" version="1" changeset="149142197" timestamp="2024-03-25T17:37:39Z" user="haycam" uid="17496697" lat="40.6724872" lon="-73.8912409">
  <tag k="barrier" v="kerb"/>
  <tag k="kerb" v="lowered"/>
 </node>
 <node id="11761666203" visible="true" version="2" changeset="153879761" timestamp="2024-07-13T06:17:52Z" user="isamah" uid="17496699" lat="40.6724932" lon="-73.8911930">
  <tag k="crossing" v="traffic_signals"/>
  <tag k="crossing:island" v="no"/>
  <tag k="crossing:markings" v="zebra"/>
  <tag k="crossing:signals" v="yes"/>
  <tag k="highway" v="crossing"/>
 </node>
 <node id="11761666204" visible="true" version="1" changeset="149142197" timestamp="2024-03-25T17:37:39Z" user="haycam" uid="17496697" lat="40.6724800" lon="-73.8912761"/>
 <node id="11761666205" visible="true" version="1" changeset="149142197" timestamp="2024-03-25T17:37:39Z" user="haycam" uid="17496697" lat="40.6725087" lon="-73.8912838">
  <tag k="barrier" v="kerb"/>
  <tag k="kerb" v="lowered"/>
 </node>
 <node id="11761666206" visible="true" version="2" changeset="153879761" timestamp="2024-07-13T06:17:52Z" user="isamah" uid="17496699" lat="40.6725692" lon="-73.8912983">
  <tag k="crossing" v="traffic_signals"/>
  <tag k="crossing:island" v="no"/>
  <tag k="crossing:markings" v="zebra"/>
  <tag k="crossing:signals" v="yes"/>
  <tag k="highway" v="crossing"/>
 </node>
 <node id="11761666207" visible="true" version="1" changeset="149142197" timestamp="2024-03-25T17:37:39Z" user="haycam" uid="17496697" lat="40.6725375" lon="-73.8922356"/>
 <node id="11761666208" visible="true" version="1" changeset="149142197" timestamp="2024-03-25T17:37:39Z" user="haycam" uid="17496697" lat="40.6725432" lon="-73.8922082">
  <tag k="barrier" v="kerb"/>
  <tag k="kerb" v="lowered"/>
 </node>
 <node id="11761666209" visible="true" version="1" changeset="149142197" timestamp="2024-03-25T17:37:39Z" user="haycam" uid="17496697" lat="40.6725128" lon="-73.8922353">
  <tag k="barrier" v="kerb"/>
  <tag k="kerb" v="lowered"/>
 </node>
 <node id="11761666210" visible="true" version="2" changeset="153879761" timestamp="2024-07-13T06:17:52Z" user="isamah" uid="17496699" lat="40.6725524" lon="-73.8921513">
  <tag k="crossing" v="traffic_signals"/>
  <tag k="crossing:island" v="no"/>
  <tag k="crossing:markings" v="zebra"/>
  <tag k="crossing:signals" v="yes"/>
  <tag k="highway" v="crossing"/>
 </node>
 <node id="11761666211" visible="true" version="1" changeset="149142197" timestamp="2024-03-25T17:37:39Z" user="haycam" uid="17496697" lat="40.6725615" lon="-73.8920916">
  <tag k="barrier" v="kerb"/>
  <tag k="kerb" v="lowered"/>
 </node>
 <node id="11761666212" visible="true" version="1" changeset="149142197" timestamp="2024-03-25T17:37:39Z" user="haycam" uid="17496697" lat="40.6725651" lon="-73.8920644"/>
 <node id="11761666213" visible="true" version="1" changeset="149142197" timestamp="2024-03-25T17:37:39Z" user="haycam" uid="17496697" lat="40.6725420" lon="-73.8920592">
  <tag k="barrier" v="kerb"/>
  <tag k="kerb" v="lowered"/>
 </node>
 <node id="11761666214" visible="true" version="2" changeset="153879761" timestamp="2024-07-13T06:17:52Z" user="isamah" uid="17496699" lat="40.6724608" lon="-73.8920382">
  <tag k="crossing" v="traffic_signals"/>
  <tag k="crossing:island" v="no"/>
  <tag k="crossing:markings" v="zebra"/>
  <tag k="crossing:signals" v="yes"/>
  <tag k="highway" v="crossing"/>
 </node>
 <node id="11761666215" visible="true" version="1" changeset="149142197" timestamp="2024-03-25T17:37:39Z" user="haycam" uid="17496697" lat="40.6723974" lon="-73.8920219">
  <tag k="barrier" v="kerb"/>
  <tag k="kerb" v="lowered"/>
 </node>
 <node id="11761666216" visible="true" version="2" changeset="149247883" timestamp="2024-03-28T01:21:11Z" user="brikin" uid="20352592" lat="40.6723634" lon="-73.8920175"/>
 <node id="11761666217" visible="true" version="1" changeset="149142197" timestamp="2024-03-25T17:37:39Z" user="haycam" uid="17496697" lat="40.6723588" lon="-73.8920466">
  <tag k="barrier" v="kerb"/>
  <tag k="kerb" v="lowered"/>
 </node>
 <node id="11761666218" visible="true" version="1" changeset="149142197" timestamp="2024-03-25T17:37:39Z" user="haycam" uid="17496697" lat="40.6723426" lon="-73.8921614">
  <tag k="barrier" v="kerb"/>
  <tag k="kerb" v="lowered"/>
 </node>
 <node id="11761666219" visible="true" version="2" changeset="153879761" timestamp="2024-07-13T06:17:52Z" user="isamah" uid="17496699" lat="40.6723530" lon="-73.8920997">
  <tag k="crossing" v="traffic_signals"/>
  <tag k="crossing:island" v="no"/>
  <tag k="crossing:markings" v="zebra"/>
  <tag k="crossing:signals" v="yes"/>
  <tag k="highway" v="crossing"/>
 </node>
 <node id="11761666220" visible="true" version="2" changeset="149247797" timestamp="2024-03-28T01:15:50Z" user="brikin" uid="20352592" lat="40.6723391" lon="-73.8921858"/>
 <node id="11761666221" visible="true" version="1" changeset="149142197" timestamp="2024-03-25T17:37:39Z" user="haycam" uid="17496697" lat="40.6723727" lon="-73.8922004">
  <tag k="barrier" v="kerb"/>
  <tag k="kerb" v="lowered"/>
 </node>
 <node id="11761666222" visible="true" version="2" changeset="153879761" timestamp="2024-07-13T06:17:52Z" user="isamah" uid="17496699" lat="40.6724355" lon="-73.8922152">
  <tag k="crossing" v="traffic_signals"/>
  <tag k="crossing:island" v="no"/>
  <tag k="crossing:markings" v="zebra"/>
  <tag k="crossing:signals" v="yes"/>
  <tag k="highway" v="crossing"/>
 </node>
 <node id="11761666223" visible="true" version="1" changeset="149142197" timestamp="2024-03-25T17:37:39Z" user="haycam" uid="17496697" lat="40.6731589" lon="-73.8923849"/>
 <node id="11761666224" visible="true" version="1" changeset="149142197" timestamp="2024-03-25T17:37:39Z" user="haycam" uid="17496697" lat="40.6727956" lon="-73.8922976">
  <tag k="crossing" v="marked"/>
  <tag k="crossing:markings" v="yes"/>
  <tag k="highway" v="crossing"/>
 </node>
 <node id="11761666225" visible="true" version="1" changeset="149142197" timestamp="2024-03-25T17:37:39Z" user="haycam" uid="17496697" lat="40.6724014" lon="-73.8931414"/>
 <node id="11761666226" visible="true" version="1" changeset="149142197" timestamp="2024-03-25T17:37:39Z" user="haycam" uid="17496697" lat="40.6724041" lon="-73.8931051">
  <tag k="barrier" v="kerb"/>
  <tag k="kerb" v="lowered"/>
 </node>
 <node id="11761666227" visible="true" version="1" changeset="149142197" timestamp="2024-03-25T17:37:39Z" user="haycam" uid="17496697" lat="40.6723745" lon="-73.8931372">
  <tag k="barrier" v="kerb"/>
  <tag k="kerb" v="lowered"/>
 </node>
 <node id="11761666228" visible="true" version="2" changeset="153225204" timestamp="2024-06-27T01:01:53Z" user="caitnahc" uid="20352591" lat="40.6724117" lon="-73.8930532">
  <tag k="crossing" v="traffic_signals"/>
  <tag k="crossing:island" v="no"/>
  <tag k="crossing:markings" v="zebra"/>
  <tag k="crossing:signals" v="yes"/>
  <tag k="highway" v="crossing"/>
 </node>
 <node id="11761666229" visible="true" version="1" changeset="149142197" timestamp="2024-03-25T17:37:39Z" user="haycam" uid="17496697" lat="40.6724161" lon="-73.8930147">
  <tag k="barrier" v="kerb"/>
  <tag k="kerb" v="lowered"/>
 </node>
 <node id="11761666230" visible="true" version="1" changeset="149142197" timestamp="2024-03-25T17:37:39Z" user="haycam" uid="17496697" lat="40.6724215" lon="-73.8929816"/>
 <node id="11761666231" visible="true" version="1" changeset="149142197" timestamp="2024-03-25T17:37:39Z" user="haycam" uid="17496697" lat="40.6724015" lon="-73.8929764">
  <tag k="barrier" v="kerb"/>
  <tag k="kerb" v="lowered"/>
 </node>
 <node id="11761666232" visible="true" version="2" changeset="153225204" timestamp="2024-06-27T01:01:53Z" user="caitnahc" uid="20352591" lat="40.6723258" lon="-73.8929550">
  <tag k="crossing" v="traffic_signals"/>
  <tag k="crossing:island" v="no"/>
  <tag k="crossing:markings" v="zebra"/>
  <tag k="crossing:signals" v="yes"/>
  <tag k="highway" v="crossing"/>
 </node>
 <node id="11761666233" visible="true" version="1" changeset="149142197" timestamp="2024-03-25T17:37:39Z" user="haycam" uid="17496697" lat="40.6722553" lon="-73.8929351">
  <tag k="barrier" v="kerb"/>
  <tag k="kerb" v="lowered"/>
 </node>
 <node id="11761666234" visible="true" version="2" changeset="149247797" timestamp="2024-03-28T01:15:50Z" user="brikin" uid="20352592" lat="40.6722299" lon="-73.8929407"/>
 <node id="11761666235" visible="true" version="1" changeset="149142197" timestamp="2024-03-25T17:37:39Z" user="haycam" uid="17496697" lat="40.6722265" lon="-73.8929613">
  <tag k="barrier" v="kerb"/>
  <tag k="kerb" v="lowered"/>
 </node>
 <node id="11761666236" visible="true" version="1" changeset="149142197" timestamp="2024-03-25T17:37:39Z" user="haycam" uid="17496697" lat="40.6722125" lon="-73.8930593">
  <tag k="barrier" v="kerb"/>
  <tag k="kerb" v="lowered"/>
 </node>
 <node id="11761666237" visible="true" version="2" changeset="153225204" timestamp="2024-06-27T01:01:53Z" user="caitnahc" uid="20352591" lat="40.6722203" lon="-73.8930046">
  <tag k="crossing" v="traffic_signals"/>
  <tag k="crossing:island" v="no"/>
  <tag k="crossing:markings" v="zebra"/>
  <tag k="crossing:signals" v="yes"/>
  <tag k="highway" v="crossing"/>
 </node>
 <node id="11761666238" visible="true" version="1" changeset="149142197" timestamp="2024-03-25T17:37:39Z" user="haycam" uid="17496697" lat="40.6722075" lon="-73.8931024"/>
 <node id="11761666239" visible="true" version="1" changeset="149142197" timestamp="2024-03-25T17:37:39Z" user="haycam" uid="17496697" lat="40.6722359" lon="-73.8931087">
  <tag k="barrier" v="kerb"/>
  <tag k="kerb" v="lowered"/>
 </node>
 <node id="11761666240" visible="true" version="2" changeset="153225204" timestamp="2024-06-27T01:01:53Z" user="caitnahc" uid="20352591" lat="40.6723012" lon="-73.8931205">
  <tag k="crossing" v="traffic_signals"/>
  <tag k="crossing:island" v="no"/>
  <tag k="crossing:markings" v="zebra"/>
  <tag k="crossing:signals" v="yes"/>
  <tag k="highway" v="crossing"/>
 </node>
 <node id="11761666241" visible="true" version="1" changeset="149142197" timestamp="2024-03-25T17:37:39Z" user="haycam" uid="17496697" lat="40.6724355" lon="-73.8928916"/>
 <node id="11761666242" visible="true" version="1" changeset="149142197" timestamp="2024-03-25T17:37:39Z" user="haycam" uid="17496697" lat="40.6723887" lon="-73.8926831"/>
 <node id="11761666243" visible="true" version="1" changeset="149142197" timestamp="2024-03-25T17:37:39Z" user="haycam" uid="17496697" lat="40.6723364" lon="-73.8925761"/>
 <node id="11761666247" visible="true" version="1" changeset="149142197" timestamp="2024-03-25T17:37:39Z" user="haycam" uid="17496697" lat="40.6722832" lon="-73.8939306">
  <tag k="barrier" v="kerb"/>
  <tag k="kerb" v="lowered"/>
 </node>
 <node id="11761666248" visible="true" version="2" changeset="153225204" timestamp="2024-06-27T01:01:53Z" user="caitnahc" uid="20352591" lat="40.6721863" lon="-73.8938735">
  <tag k="crossing" v="traffic_signals"/>
  <tag k="crossing:island" v="no"/>
  <tag k="crossing:markings" v="zebra"/>
  <tag k="crossing:signals" v="yes"/>
  <tag k="highway" v="crossing"/>
 </node>
 <node id="11761666250" visible="true" version="1" changeset="149142197" timestamp="2024-03-25T17:37:39Z" user="haycam" uid="17496697" lat="40.6721002" lon="-73.8938441"/>
 <node id="11761666251" visible="true" version="1" changeset="149142197" timestamp="2024-03-25T17:37:39Z" user="haycam" uid="17496697" lat="40.6720938" lon="-73.8938824">
  <tag k="barrier" v="kerb"/>
  <tag k="kerb" v="lowered"/>
 </node>
 <node id="11761666256" visible="true" version="2" changeset="153225204" timestamp="2024-06-27T01:01:53Z" user="caitnahc" uid="20352591" lat="40.6721604" lon="-73.8940455">
  <tag k="crossing" v="traffic_signals"/>
  <tag k="crossing:island" v="no"/>
  <tag k="crossing:markings" v="zebra"/>
  <tag k="crossing:signals" v="yes"/>
  <tag k="highway" v="crossing"/>
 </node>
 <node id="11761666257" visible="true" version="1" changeset="149142197" timestamp="2024-03-25T17:37:39Z" user="haycam" uid="17496697" lat="40.6722873" lon="-73.8939017"/>
 <node id="11761668212" visible="true" version="2" changeset="153879761" timestamp="2024-07-13T06:17:52Z" user="isamah" uid="17496699" lat="40.6728591" lon="-73.8893436">
  <tag k="crossing" v="traffic_signals"/>
  <tag k="crossing:island" v="no"/>
  <tag k="crossing:markings" v="zebra"/>
  <tag k="crossing:signals" v="yes"/>
  <tag k="highway" v="crossing"/>
 </node>
 <node id="11761668220" visible="true" version="3" changeset="153879761" timestamp="2024-07-13T06:17:52Z" user="isamah" uid="17496699" lat="40.6728360" lon="-73.8895000">
  <tag k="crossing" v="traffic_signals"/>
  <tag k="crossing:island" v="no"/>
  <tag k="crossing:markings" v="zebra"/>
  <tag k="crossing:signals" v="yes"/>
  <tag k="highway" v="crossing"/>
 </node>
 <node id="11761668223" visible="true" version="2" changeset="149142197" timestamp="2024-03-25T17:37:39Z" user="haycam" uid="17496697" lat="40.6728060" lon="-73.8904430"/>
 <node id="11761668224" visible="true" version="1" changeset="149141575" timestamp="2024-03-25T17:24:26Z" user="haycam" uid="17496697" lat="40.6728103" lon="-73.8904117">
  <tag k="barrier" v="kerb"/>
  <tag k="kerb" v="lowered"/>
 </node>
 <node id="11761668226" visible="true" version="2" changeset="153879761" timestamp="2024-07-13T06:17:52Z" user="isamah" uid="17496699" lat="40.6728209" lon="-73.8903425">
  <tag k="crossing" v="traffic_signals"/>
  <tag k="crossing:island" v="no"/>
  <tag k="crossing:markings" v="zebra"/>
  <tag k="crossing:signals" v="yes"/>
  <tag k="highway" v="crossing"/>
 </node>
 <node id="11761668230" visible="true" version="2" changeset="153879761" timestamp="2024-07-13T06:17:52Z" user="isamah" uid="17496699" lat="40.6727270" lon="-73.8902476">
  <tag k="crossing" v="traffic_signals"/>
  <tag k="crossing:island" v="no"/>
  <tag k="crossing:markings" v="zebra"/>
  <tag k="crossing:signals" v="yes"/>
  <tag k="highway" v="crossing"/>
 </node>
 <node id="11761668234" visible="true" version="1" changeset="149141575" timestamp="2024-03-25T17:24:26Z" user="haycam" uid="17496697" lat="40.6726272" lon="-73.8903593">
  <tag k="barrier" v="kerb"/>
  <tag k="kerb" v="lowered"/>
 </node>
 <node id="11761668235" visible="true" version="2" changeset="153879761" timestamp="2024-07-13T06:17:52Z" user="isamah" uid="17496699" lat="40.6726373" lon="-73.8902953">
  <tag k="crossing" v="traffic_signals"/>
  <tag k="crossing:island" v="no"/>
  <tag k="crossing:markings" v="zebra"/>
  <tag k="crossing:signals" v="yes"/>
  <tag k="highway" v="crossing"/>
 </node>
 <node id="11761668236" visible="true" version="1" changeset="149141575" timestamp="2024-03-25T17:24:26Z" user="haycam" uid="17496697" lat="40.6726225" lon="-73.8903909"/>
 <node id="11761668238" visible="true" version="2" changeset="153879761" timestamp="2024-07-13T06:17:52Z" user="isamah" uid="17496699" lat="40.6727023" lon="-73.8904133">
  <tag k="crossing" v="traffic_signals"/>
  <tag k="crossing:island" v="no"/>
  <tag k="crossing:markings" v="zebra"/>
  <tag k="crossing:signals" v="yes"/>
  <tag k="highway" v="crossing"/>
 </node>
 <node id="11761853584" visible="true" version="2" changeset="153915809" timestamp="2024-07-14T04:24:06Z" user="isamah" uid="17496699" lat="40.6745059" lon="-73.8871208">
  <tag k="crossing" v="marked"/>
  <tag k="crossing:island" v="no"/>
  <tag k="crossing:markings" v="zebra"/>
  <tag k="crossing:signals" v="no"/>
  <tag k="highway" v="crossing"/>
 </node>
 <node id="11761853590" visible="true" version="2" changeset="153915809" timestamp="2024-07-14T04:24:06Z" user="isamah" uid="17496699" lat="40.6745264" lon="-73.8869832">
  <tag k="crossing" v="marked"/>
  <tag k="crossing:island" v="no"/>
  <tag k="crossing:markings" v="zebra"/>
  <tag k="crossing:signals" v="no"/>
  <tag k="highway" v="crossing"/>
 </node>
 <node id="11761853592" visible="true" version="2" changeset="153915809" timestamp="2024-07-14T04:24:06Z" user="isamah" uid="17496699" lat="40.6746376" lon="-73.8862352">
  <tag k="crossing" v="unmarked"/>
  <tag k="crossing:island" v="no"/>
  <tag k="crossing:markings" v="no"/>
  <tag k="crossing:signals" v="no"/>
  <tag k="highway" v="crossing"/>
 </node>
 <node id="11761853599" visible="true" version="2" changeset="153915809" timestamp="2024-07-14T04:24:06Z" user="isamah" uid="17496699" lat="40.6746586" lon="-73.8860936">
  <tag k="crossing" v="unmarked"/>
  <tag k="crossing:island" v="no"/>
  <tag k="crossing:markings" v="no"/>
  <tag k="crossing:signals" v="no"/>
  <tag k="highway" v="crossing"/>
 </node>
 <node id="11761853606" visible="true" version="1" changeset="149145246" timestamp="2024-03-25T18:58:59Z" user="haycam" uid="17496697" lat="40.6747577" lon="-73.8854216">
  <tag k="crossing" v="unmarked"/>
  <tag k="crossing:markings" v="no"/>
  <tag k="highway" v="crossing"/>
 </node>
 <node id="11761853615" visible="true" version="1" changeset="149145246" timestamp="2024-03-25T18:58:59Z" user="haycam" uid="17496697" lat="40.6747785" lon="-73.8852815">
  <tag k="crossing" v="unmarked"/>
  <tag k="crossing:markings" v="no"/>
  <tag k="highway" v="crossing"/>
 </node>
 <node id="11761853622" visible="true" version="2" changeset="153915809" timestamp="2024-07-14T04:24:06Z" user="isamah" uid="17496699" lat="40.6748785" lon="-73.8846079">
  <tag k="crossing" v="unmarked"/>
  <tag k="crossing:island" v="no"/>
  <tag k="crossing:markings" v="no"/>
  <tag k="crossing:signals" v="no"/>
  <tag k="highway" v="crossing"/>
 </node>
 <node id="11761853631" visible="true" version="2" changeset="153915809" timestamp="2024-07-14T04:24:06Z" user="isamah" uid="17496699" lat="40.6748988" lon="-73.8844703">
  <tag k="crossing" v="unmarked"/>
  <tag k="crossing:island" v="no"/>
  <tag k="crossing:markings" v="no"/>
  <tag k="crossing:signals" v="no"/>
  <tag k="highway" v="crossing"/>
 </node>
 <node id="11761853638" visible="true" version="2" changeset="153915809" timestamp="2024-07-14T04:24:06Z" user="isamah" uid="17496699" lat="40.6749966" lon="-73.8838074">
  <tag k="barrier" v="kerb"/>
  <tag k="crossing" v="unmarked"/>
  <tag k="crossing:island" v="no"/>
  <tag k="crossing:markings" v="no"/>
  <tag k="crossing:signals" v="no"/>
  <tag k="highway" v="crossing"/>
  <tag k="kerb" v="lowered"/>
 </node>
 <node id="11761853646" visible="true" version="2" changeset="153915809" timestamp="2024-07-14T04:24:06Z" user="isamah" uid="17496699" lat="40.6750205" lon="-73.8836446">
  <tag k="crossing" v="unmarked"/>
  <tag k="crossing:island" v="no"/>
  <tag k="crossing:markings" v="no"/>
  <tag k="crossing:signals" v="no"/>
  <tag k="highway" v="crossing"/>
 </node>
 <node id="11761853653" visible="true" version="2" changeset="149236517" timestamp="2024-03-27T17:31:12Z" user="haycam" uid="17496697" lat="40.6751191" lon="-73.8829797">
  <tag k="crossing" v="marked"/>
  <tag k="crossing:markings" v="zebra"/>
  <tag k="highway" v="crossing"/>
 </node>
 <node id="11761853660" visible="true" version="1" changeset="149145246" timestamp="2024-03-25T18:58:59Z" user="haycam" uid="17496697" lat="40.6751401" lon="-73.8828393">
  <tag k="crossing" v="marked"/>
  <tag k="crossing:markings" v="zebra"/>
  <tag k="highway" v="crossing"/>
 </node>
 <node id="11761853671" visible="true" version="2" changeset="153909457" timestamp="2024-07-13T20:51:26Z" user="isamah" uid="17496699" lat="40.6743939" lon="-73.8878718">
  <tag k="crossing" v="unmarked"/>
  <tag k="crossing:island" v="no"/>
  <tag k="crossing:markings" v="no"/>
  <tag k="crossing:signals" v="no"/>
  <tag k="highway" v="crossing"/>
 </node>
 <node id="11761853672" visible="true" version="2" changeset="153909457" timestamp="2024-07-13T20:51:26Z" user="isamah" uid="17496699" lat="40.6743728" lon="-73.8880140">
  <tag k="crossing" v="unmarked"/>
  <tag k="crossing:island" v="no"/>
  <tag k="crossing:markings" v="no"/>
  <tag k="crossing:signals" v="no"/>
  <tag k="highway" v="crossing"/>
 </node>
 <node id="11766554912" visible="true" version="2" changeset="153915948" timestamp="2024-07-14T04:36:47Z" user="isamah" uid="17496699" lat="40.6737523" lon="-73.8833221">
  <tag k="crossing" v="unmarked"/>
  <tag k="crossing:island" v="no"/>
  <tag k="crossing:markings" v="no"/>
  <tag k="crossing:signals" v="no"/>
  <tag k="highway" v="crossing"/>
 </node>
 <node id="11766554919" visible="true" version="2" changeset="153915948" timestamp="2024-07-14T04:36:47Z" user="isamah" uid="17496699" lat="40.6737302" lon="-73.8834703">
  <tag k="crossing" v="unmarked"/>
  <tag k="crossing:island" v="no"/>
  <tag k="crossing:markings" v="no"/>
  <tag k="crossing:signals" v="no"/>
  <tag k="highway" v="crossing"/>
 </node>
 <node id="11766554928" visible="true" version="2" changeset="153915948" timestamp="2024-07-14T04:36:47Z" user="isamah" uid="17496699" lat="40.6736338" lon="-73.8841330">
  <tag k="crossing" v="traffic_signals"/>
  <tag k="crossing:island" v="no"/>
  <tag k="crossing:markings" v="zebra"/>
  <tag k="crossing:signals" v="yes"/>
  <tag k="highway" v="crossing"/>
 </node>
 <node id="11766554935" visible="true" version="2" changeset="153915948" timestamp="2024-07-14T04:36:47Z" user="isamah" uid="17496699" lat="40.6736084" lon="-73.8842952">
  <tag k="crossing" v="traffic_signals"/>
  <tag k="crossing:island" v="no"/>
  <tag k="crossing:markings" v="zebra"/>
  <tag k="crossing:signals" v="yes"/>
  <tag k="highway" v="crossing"/>
 </node>
 <node id="11766554944" visible="true" version="2" changeset="153915948" timestamp="2024-07-14T04:36:47Z" user="isamah" uid="17496699" lat="40.6735102" lon="-73.8849581">
  <tag k="crossing" v="traffic_signals"/>
  <tag k="crossing:island" v="no"/>
  <tag k="crossing:markings" v="zebra"/>
  <tag k="crossing:signals" v="yes"/>
  <tag k="highway" v="crossing"/>
 </node>
 <node id="11766554951" visible="true" version="2" changeset="153915948" timestamp="2024-07-14T04:36:47Z" user="isamah" uid="17496699" lat="40.6734894" lon="-73.8850987">
  <tag k="crossing" v="traffic_signals"/>
  <tag k="crossing:island" v="no"/>
  <tag k="crossing:markings" v="zebra"/>
  <tag k="crossing:signals" v="yes"/>
  <tag k="highway" v="crossing"/>
 </node>
 <node id="11766554961" visible="true" version="2" changeset="153915948" timestamp="2024-07-14T04:36:47Z" user="isamah" uid="17496699" lat="40.6733896" lon="-73.8857756">
  <tag k="crossing" v="traffic_signals"/>
  <tag k="crossing:island" v="no"/>
  <tag k="crossing:markings" v="zebra"/>
  <tag k="crossing:signals" v="yes"/>
  <tag k="highway" v="crossing"/>
 </node>
 <node id="11766554967" visible="true" version="2" changeset="153915948" timestamp="2024-07-14T04:36:47Z" user="isamah" uid="17496699" lat="40.6733678" lon="-73.8859291">
  <tag k="crossing" v="traffic_signals"/>
  <tag k="crossing:island" v="no"/>
  <tag k="crossing:markings" v="zebra"/>
  <tag k="crossing:signals" v="yes"/>
  <tag k="highway" v="crossing"/>
 </node>
 <node id="11766564842" visible="true" version="2" changeset="153915809" timestamp="2024-07-14T04:24:06Z" user="isamah" uid="17496699" lat="40.6731278" lon="-73.8875402">
  <tag k="crossing" v="unmarked"/>
  <tag k="crossing:island" v="no"/>
  <tag k="crossing:markings" v="no"/>
  <tag k="crossing:signals" v="no"/>
  <tag k="highway" v="crossing"/>
 </node>
 <node id="11766564847" visible="true" version="2" changeset="153915809" timestamp="2024-07-14T04:24:06Z" user="isamah" uid="17496699" lat="40.6731072" lon="-73.8876786">
  <tag k="crossing" v="unmarked"/>
  <tag k="crossing:island" v="no"/>
  <tag k="crossing:markings" v="no"/>
  <tag k="crossing:signals" v="no"/>
  <tag k="highway" v="crossing"/>
 </node>
 <node id="11766616397" visible="true" version="1" changeset="149235847" timestamp="2024-03-27T17:15:08Z" user="haycam" uid="17496697" lat="40.6738725" lon="-73.8825141">
  <tag k="crossing" v="unmarked"/>
  <tag k="crossing:markings" v="no"/>
  <tag k="highway" v="crossing"/>
 </node>
 <node id="11766616404" visible="true" version="1" changeset="149235847" timestamp="2024-03-27T17:15:08Z" user="haycam" uid="17496697" lat="40.6738510" lon="-73.8826592">
  <tag k="crossing" v="unmarked"/>
  <tag k="crossing:markings" v="no"/>
  <tag k="highway" v="crossing"/>
 </node>
 <node id="11766634520" visible="true" version="1" changeset="149236517" timestamp="2024-03-27T17:31:12Z" user="haycam" uid="17496697" lat="40.6752708" lon="-73.8819484">
  <tag k="crossing" v="unmarked"/>
  <tag k="crossing:markings" v="no"/>
  <tag k="highway" v="crossing"/>
 </node>
 <node id="11766634527" visible="true" version="1" changeset="149236517" timestamp="2024-03-27T17:31:12Z" user="haycam" uid="17496697" lat="40.6752489" lon="-73.8820977">
  <tag k="crossing" v="unmarked"/>
  <tag k="crossing:markings" v="no"/>
  <tag k="highway" v="crossing"/>
 </node>
 <node id="11766634535" visible="true" version="2" changeset="170322820" timestamp="2025-08-12T06:03:59Z" user="PedestrianMapping_ObscurePaths" uid="23065633" lat="40.6754020" lon="-73.8810495">
  <tag k="crossing" v="uncontrolled"/>
  <tag k="crossing:markings" v="lines"/>
  <tag k="crossing:signals" v="no"/>
  <tag k="highway" v="crossing"/>
 </node>
 <node id="11766634541" visible="true" version="2" changeset="170322820" timestamp="2025-08-12T06:03:59Z" user="PedestrianMapping_ObscurePaths" uid="23065633" lat="40.6753797" lon="-73.8812030">
  <tag k="crossing" v="uncontrolled"/>
  <tag k="crossing:markings" v="lines"/>
  <tag k="crossing:signals" v="no"/>
  <tag k="highway" v="crossing"/>
 </node>
 <node id="11766634548" visible="true" version="2" changeset="170327848" timestamp="2025-08-12T08:12:38Z" user="PedestrianMapping_ObscurePaths" uid="23065633" lat="40.6755363" lon="-73.8801200">
  <tag k="crossing" v="uncontrolled"/>
  <tag k="crossing:markings" v="zebra"/>
  <tag k="crossing:signals" v="no"/>
  <tag k="highway" v="crossing"/>
 </node>
 <node id="11766634555" visible="true" version="2" changeset="170327848" timestamp="2025-08-12T08:12:38Z" user="PedestrianMapping_ObscurePaths" uid="23065633" lat="40.6755129" lon="-73.8802850">
  <tag k="crossing" v="uncontrolled"/>
  <tag k="crossing:markings" v="ladder"/>
  <tag k="crossing:signals" v="no"/>
  <tag k="highway" v="crossing"/>
 </node>
 <node id="11766634568" visible="true" version="2" changeset="170327848" timestamp="2025-08-12T08:12:38Z" user="PedestrianMapping_ObscurePaths" uid="23065633" lat="40.6756437" lon="-73.8793678">
  <tag k="crossing" v="uncontrolled"/>
  <tag k="crossing:markings" v="zebra"/>
  <tag k="crossing:signals" v="no"/>
  <tag k="highway" v="crossing"/>
 </node>
 <node id="11766650135" visible="true" version="1" changeset="149237126" timestamp="2024-03-27T17:47:29Z" user="haycam" uid="17496697" lat="40.6742665" lon="-73.8798012">
  <tag k="crossing" v="marked"/>
  <tag k="crossing:markings" v="zebra"/>
  <tag k="highway" v="crossing"/>
 </node>
 <node id="11766650136" visible="true" version="1" changeset="149237126" timestamp="2024-03-27T17:47:29Z" user="haycam" uid="17496697" lat="40.6742418" lon="-73.8799649">
  <tag k="crossing" v="marked"/>
  <tag k="crossing:markings" v="zebra"/>
  <tag k="highway" v="crossing"/>
 </node>
 <node id="11766650145" visible="true" version="1" changeset="149237126" timestamp="2024-03-27T17:47:29Z" user="haycam" uid="17496697" lat="40.6741325" lon="-73.8807234">
  <tag k="crossing" v="marked"/>
  <tag k="crossing:markings" v="zebra"/>
  <tag k="highway" v="crossing"/>
 </node>
 <node id="11766650146" visible="true" version="1" changeset="149237126" timestamp="2024-03-27T17:47:29Z" user="haycam" uid="17496697" lat="40.6741084" lon="-73.8808912">
  <tag k="crossing" v="marked"/>
  <tag k="crossing:markings" v="zebra"/>
  <tag k="highway" v="crossing"/>
 </node>
 <node id="11766650155" visible="true" version="1" changeset="149237126" timestamp="2024-03-27T17:47:29Z" user="haycam" uid="17496697" lat="40.6740016" lon="-73.8816407">
  <tag k="crossing" v="marked"/>
  <tag k="crossing:markings" v="zebra"/>
  <tag k="highway" v="crossing"/>
 </node>
 <node id="11766650162" visible="true" version="1" changeset="149237126" timestamp="2024-03-27T17:47:29Z" user="haycam" uid="17496697" lat="40.6739812" lon="-73.8817811">
  <tag k="crossing" v="marked"/>
  <tag k="crossing:markings" v="zebra"/>
  <tag k="highway" v="crossing"/>
 </node>
 <node id="11766650769" visible="true" version="1" changeset="149236517" timestamp="2024-03-27T17:31:12Z" user="haycam" uid="17496697" lat="40.6756690" lon="-73.8791903">
  <tag k="crossing" v="unmarked"/>
  <tag k="crossing:markings" v="no"/>
  <tag k="highway" v="crossing"/>
 </node>
 <node id="11766655284" visible="true" version="2" changeset="170327848" timestamp="2025-08-12T08:12:38Z" user="PedestrianMapping_ObscurePaths" uid="23065633" lat="40.6758016" lon="-73.8782730">
  <tag k="crossing" v="uncontrolled"/>
  <tag k="crossing:markings" v="zebra"/>
  <tag k="crossing:signals" v="no"/>
  <tag k="highway" v="crossing"/>
 </node>
 <node id="11766655290" visible="true" version="2" changeset="170327848" timestamp="2025-08-12T08:12:38Z" user="PedestrianMapping_ObscurePaths" uid="23065633" lat="40.6757782" lon="-73.8784354">
  <tag k="crossing" v="uncontrolled"/>
  <tag k="crossing:markings" v="zebra"/>
  <tag k="crossing:signals" v="no"/>
  <tag k="highway" v="crossing"/>
 </node>
 <node id="11766655298" visible="true" version="1" changeset="149236741" timestamp="2024-03-27T17:37:10Z" user="haycam" uid="17496697" lat="40.6745531" lon="-73.8779611">
  <tag k="crossing" v="marked"/>
  <tag k="crossing:markings" v="zebra"/>
  <tag k="highway" v="crossing"/>
 </node>
 <node id="11766655300" visible="true" version="1" changeset="149236741" timestamp="2024-03-27T17:37:10Z" user="haycam" uid="17496697" lat="40.6745264" lon="-73.8781309">
  <tag k="crossing" v="marked"/>
  <tag k="crossing:markings" v="zebra"/>
  <tag k="highway" v="crossing"/>
 </node>
 <node id="11766655310" visible="true" version="1" changeset="149236741" timestamp="2024-03-27T17:37:10Z" user="haycam" uid="17496697" lat="40.6743982" lon="-73.8788771">
  <tag k="crossing" v="marked"/>
  <tag k="crossing:markings" v="zebra"/>
  <tag k="highway" v="crossing"/>
 </node>
 <node id="11766655312" visible="true" version="1" changeset="149236741" timestamp="2024-03-27T17:37:10Z" user="haycam" uid="17496697" lat="40.6743732" lon="-73.8790369">
  <tag k="crossing" v="marked"/>
  <tag k="crossing:markings" v="zebra"/>
  <tag k="highway" v="crossing"/>
 </node>
 <node id="11766796665" visible="true" version="2" changeset="153877623" timestamp="2024-07-13T03:23:55Z" user="caitnahc" uid="20352591" lat="40.6719127" lon="-73.8957349">
  <tag k="crossing" v="traffic_signals"/>
  <tag k="crossing:island" v="no"/>
  <tag k="crossing:markings" v="zebra"/>
  <tag k="crossing:signals" v="yes"/>
  <tag k="highway" v="crossing"/>
 </node>
 <node id="11766944179" visible="true" version="3" changeset="153916225" timestamp="2024-07-14T04:59:56Z" user="isamah" uid="17496699" lat="40.6720549" lon="-73.8947781">
  <tag k="crossing" v="traffic_signals"/>
  <tag k="crossing:island" v="no"/>
  <tag k="crossing:markings" v="zebra"/>
  <tag k="crossing:signals" v="yes"/>
  <tag k="highway" v="crossing"/>
 </node>
 <node id="11767437317" visible="true" version="2" changeset="153605507" timestamp="2024-07-05T21:38:50Z" user="brikin" uid="20352592" lat="40.6671950" lon="-73.8889082">
  <tag k="crossing" v="marked"/>
  <tag k="crossing:island" v="no"/>
  <tag k="crossing:markings" v="zebra"/>
  <tag k="crossing:signals" v="no"/>
  <tag k="highway" v="crossing"/>
 </node>
 <node id="11767437340" visible="true" version="2" changeset="153605553" timestamp="2024-07-05T21:41:09Z" user="brikin" uid="20352592" lat="40.6669312" lon="-73.8907142">
  <tag k="crossing" v="marked"/>
  <tag k="crossing:island" v="no"/>
  <tag k="crossing:markings" v="zebra"/>
  <tag k="crossing:signals" v="no"/>
  <tag k="highway" v="crossing"/>
 </node>
 <node id="11767437349" visible="true" version="2" changeset="153605553" timestamp="2024-07-05T21:41:09Z" user="brikin" uid="20352592" lat="40.6667919" lon="-73.8916293">
  <tag k="crossing" v="marked"/>
  <tag k="crossing:island" v="no"/>
  <tag k="crossing:markings" v="zebra"/>
  <tag k="crossing:signals" v="no"/>
  <tag k="highway" v="crossing"/>
 </node>
 <node id="11767460362" visible="true" version="2" changeset="153605863" timestamp="2024-07-05T21:53:20Z" user="brikin" uid="20352592" lat="40.6656598" lon="-73.8885154">
  <tag k="crossing" v="marked"/>
  <tag k="crossing:island" v="no"/>
  <tag k="crossing:markings" v="zebra"/>
  <tag k="crossing:signals" v="no"/>
  <tag k="highway" v="crossing"/>
 </node>
 <node id="11767477804" visible="true" version="2" changeset="153605553" timestamp="2024-07-05T21:41:09Z" user="brikin" uid="20352592" lat="40.6666542" lon="-73.8915941">
  <tag k="crossing" v="marked"/>
  <tag k="crossing:island" v="no"/>
  <tag k="crossing:markings" v="zebra"/>
  <tag k="crossing:signals" v="no"/>
  <tag k="highway" v="crossing"/>
 </node>
 <node id="11767477810" visible="true" version="2" changeset="153605725" timestamp="2024-07-05T21:48:31Z" user="brikin" uid="20352592" lat="40.6652587" lon="-73.8912360">
  <tag k="crossing" v="marked"/>
  <tag k="crossing:island" v="no"/>
  <tag k="crossing:markings" v="zebra"/>
  <tag k="crossing:signals" v="no"/>
  <tag k="highway" v="crossing"/>
 </node>
 <node id="11767477817" visible="true" version="2" changeset="153605553" timestamp="2024-07-05T21:41:09Z" user="brikin" uid="20352592" lat="40.6667914" lon="-73.8906785">
  <tag k="crossing" v="marked"/>
  <tag k="crossing:island" v="no"/>
  <tag k="crossing:markings" v="zebra"/>
  <tag k="crossing:signals" v="no"/>
  <tag k="highway" v="crossing"/>
 </node>
 <node id="11767477822" visible="true" version="2" changeset="153605792" timestamp="2024-07-05T21:51:06Z" user="brikin" uid="20352592" lat="40.6653988" lon="-73.8903213">
  <tag k="crossing" v="marked"/>
  <tag k="crossing:island" v="no"/>
  <tag k="crossing:markings" v="zebra"/>
  <tag k="crossing:signals" v="no"/>
  <tag k="highway" v="crossing"/>
 </node>
 <node id="11767495371" visible="true" version="2" changeset="153605507" timestamp="2024-07-05T21:38:50Z" user="brikin" uid="20352592" lat="40.6670562" lon="-73.8888727">
  <tag k="crossing" v="marked"/>
  <tag k="crossing:island" v="no"/>
  <tag k="crossing:markings" v="ladder"/>
  <tag k="crossing:signals" v="no"/>
  <tag k="highway" v="crossing"/>
 </node>
 <node id="11767581934" visible="true" version="2" changeset="153225396" timestamp="2024-06-27T01:12:12Z" user="caitnahc" uid="20352591" lat="40.6684767" lon="-73.8911021">
  <tag k="crossing" v="marked"/>
  <tag k="crossing:island" v="no"/>
  <tag k="crossing:markings" v="zebra"/>
  <tag k="crossing:signals" v="no"/>
  <tag k="highway" v="crossing"/>
 </node>
 <node id="11767581937" visible="true" version="2" changeset="149247859" timestamp="2024-03-28T01:19:15Z" user="brikin" uid="20352592" lat="40.6712365" lon="-73.8919187"/>
 <node id="11767616739" visible="true" version="2" changeset="153225368" timestamp="2024-06-27T01:10:02Z" user="caitnahc" uid="20352591" lat="40.6697222" lon="-73.8923773">
  <tag k="crossing" v="traffic_signals"/>
  <tag k="crossing:island" v="no"/>
  <tag k="crossing:markings" v="zebra"/>
  <tag k="crossing:signals" v="yes"/>
  <tag k="highway" v="crossing"/>
 </node>
 <node id="11767616747" visible="true" version="2" changeset="153225368" timestamp="2024-06-27T01:10:02Z" user="caitnahc" uid="20352591" lat="40.6698768" lon="-73.8924168">
  <tag k="crossing" v="traffic_signals"/>
  <tag k="crossing:island" v="no"/>
  <tag k="crossing:markings" v="zebra"/>
  <tag k="crossing:signals" v="yes"/>
  <tag k="highway" v="crossing"/>
 </node>
 <node id="11767619516" visible="true" version="2" changeset="153225303" timestamp="2024-06-27T01:06:23Z" user="caitnahc" uid="20352591" lat="40.6701338" lon="-73.8896608">
  <tag k="crossing" v="marked"/>
  <tag k="crossing:island" v="no"/>
  <tag k="crossing:markings" v="zebra"/>
  <tag k="crossing:signals" v="no"/>
  <tag k="highway" v="crossing"/>
 </node>
 <node id="11767619522" visible="true" version="2" changeset="153225303" timestamp="2024-06-27T01:06:23Z" user="caitnahc" uid="20352591" lat="40.6702756" lon="-73.8896964">
  <tag k="crossing" v="marked"/>
  <tag k="crossing:island" v="no"/>
  <tag k="crossing:markings" v="zebra"/>
  <tag k="crossing:signals" v="no"/>
  <tag k="highway" v="crossing"/>
 </node>
 <node id="11767626428" visible="true" version="1" changeset="149247633" timestamp="2024-03-28T01:01:08Z" user="brikin" uid="20352592" lat="40.6711091" lon="-73.8928104"/>
 <node id="11767626432" visible="true" version="2" changeset="153225225" timestamp="2024-06-27T01:03:01Z" user="caitnahc" uid="20352591" lat="40.6711233" lon="-73.8927328">
  <tag k="crossing" v="marked"/>
  <tag k="crossing:island" v="no"/>
  <tag k="crossing:markings" v="zebra"/>
  <tag k="crossing:signals" v="no"/>
  <tag k="highway" v="crossing"/>
 </node>
 <node id="11767626802" visible="true" version="3" changeset="168618675" timestamp="2025-07-07T18:35:45Z" user="daniel_solow" uid="1954307" lat="40.6712515" lon="-73.8918187">
  <tag k="crossing" v="uncontrolled"/>
  <tag k="crossing:island" v="no"/>
  <tag k="crossing:markings" v="zebra"/>
  <tag k="crossing:signals" v="no"/>
  <tag k="highway" v="crossing"/>
 </node>
 <node id="11767626803" visible="true" version="1" changeset="149247859" timestamp="2024-03-28T01:19:15Z" user="brikin" uid="20352592" lat="40.6712624" lon="-73.8917412"/>
 <node id="11767626810" visible="true" version="3" changeset="168618675" timestamp="2025-07-07T18:35:45Z" user="daniel_solow" uid="1954307" lat="40.6711248" lon="-73.8917864">
  <tag k="crossing" v="uncontrolled"/>
  <tag k="crossing:island" v="no"/>
  <tag k="crossing:markings" v="zebra"/>
  <tag k="crossing:signals" v="no"/>
  <tag k="highway" v="crossing"/>
 </node>
 <node id="11767631410" visible="true" version="2" changeset="153225225" timestamp="2024-06-27T01:03:01Z" user="caitnahc" uid="20352591" lat="40.6709904" lon="-73.8926996">
  <tag k="crossing" v="marked"/>
  <tag k="crossing:island" v="no"/>
  <tag k="crossing:markings" v="zebra"/>
  <tag k="crossing:signals" v="no"/>
  <tag k="highway" v="crossing"/>
 </node>
 <node id="11767631415" visible="true" version="2" changeset="149247797" timestamp="2024-03-28T01:15:50Z" user="brikin" uid="20352592" lat="40.6711305" lon="-73.8926611"/>
 <node id="11767631423" visible="true" version="2" changeset="153225381" timestamp="2024-06-27T01:11:04Z" user="caitnahc" uid="20352591" lat="40.6681887" lon="-73.8919835">
  <tag k="crossing" v="marked"/>
  <tag k="crossing:island" v="no"/>
  <tag k="crossing:markings" v="zebra"/>
  <tag k="crossing:signals" v="no"/>
  <tag k="highway" v="crossing"/>
 </node>
 <node id="11767631476" visible="true" version="2" changeset="153225396" timestamp="2024-06-27T01:12:12Z" user="caitnahc" uid="20352591" lat="40.6683270" lon="-73.8910640">
  <tag k="crossing" v="marked"/>
  <tag k="crossing:island" v="no"/>
  <tag k="crossing:markings" v="zebra"/>
  <tag k="crossing:signals" v="no"/>
  <tag k="highway" v="crossing"/>
 </node>
 <node id="11767631503" visible="true" version="2" changeset="153225343" timestamp="2024-06-27T01:08:45Z" user="caitnahc" uid="20352591" lat="40.6701488" lon="-73.8905813">
  <tag k="crossing" v="marked"/>
  <tag k="crossing:island" v="no"/>
  <tag k="crossing:markings" v="zebra"/>
  <tag k="crossing:signals" v="no"/>
  <tag k="highway" v="crossing"/>
 </node>
 <node id="11767631509" visible="true" version="2" changeset="153225343" timestamp="2024-06-27T01:08:45Z" user="caitnahc" uid="20352591" lat="40.6699941" lon="-73.8905409">
  <tag k="crossing" v="marked"/>
  <tag k="crossing:island" v="no"/>
  <tag k="crossing:markings" v="zebra"/>
  <tag k="crossing:signals" v="no"/>
  <tag k="highway" v="crossing"/>
 </node>
 <node id="11767632686" visible="true" version="2" changeset="153225381" timestamp="2024-06-27T01:11:04Z" user="caitnahc" uid="20352591" lat="40.6683355" lon="-73.8920209">
  <tag k="crossing" v="marked"/>
  <tag k="crossing:island" v="no"/>
  <tag k="crossing:markings" v="zebra"/>
  <tag k="crossing:signals" v="no"/>
  <tag k="highway" v="crossing"/>
 </node>
 <node id="11767640598" visible="true" version="2" changeset="153225396" timestamp="2024-06-27T01:12:12Z" user="caitnahc" uid="20352591" lat="40.6686074" lon="-73.8901807">
  <tag k="crossing" v="marked"/>
  <tag k="crossing:island" v="no"/>
  <tag k="crossing:markings" v="zebra"/>
  <tag k="crossing:signals" v="no"/>
  <tag k="highway" v="crossing"/>
 </node>
 <node id="11767640609" visible="true" version="2" changeset="153225343" timestamp="2024-06-27T01:08:45Z" user="caitnahc" uid="20352591" lat="40.6698595" lon="-73.8914636">
  <tag k="crossing" v="traffic_signals"/>
  <tag k="crossing:island" v="no"/>
  <tag k="crossing:markings" v="zebra"/>
  <tag k="crossing:signals" v="yes"/>
  <tag k="highway" v="crossing"/>
 </node>
 <node id="11767640616" visible="true" version="2" changeset="153225343" timestamp="2024-06-27T01:08:45Z" user="caitnahc" uid="20352591" lat="40.6700136" lon="-73.8915033">
  <tag k="crossing" v="traffic_signals"/>
  <tag k="crossing:island" v="no"/>
  <tag k="crossing:markings" v="zebra"/>
  <tag k="crossing:signals" v="yes"/>
  <tag k="highway" v="crossing"/>
 </node>
 <node id="11767647006" visible="true" version="1" changeset="149247948" timestamp="2024-03-28T01:27:34Z" user="brikin" uid="20352592" lat="40.6713774" lon="-73.8909876"/>
 <node id="11767650916" visible="true" version="3" changeset="168618675" timestamp="2025-07-07T18:35:45Z" user="daniel_solow" uid="1954307" lat="40.6713876" lon="-73.8909064">
  <tag k="crossing" v="uncontrolled"/>
  <tag k="crossing:island" v="no"/>
  <tag k="crossing:markings" v="zebra"/>
  <tag k="crossing:signals" v="no"/>
  <tag k="highway" v="crossing"/>
 </node>
 <node id="11767650917" visible="true" version="1" changeset="149248001" timestamp="2024-03-28T01:31:06Z" user="brikin" uid="20352592" lat="40.6713987" lon="-73.8908273"/>
 <node id="11767650922" visible="true" version="3" changeset="168618675" timestamp="2025-07-07T18:35:45Z" user="daniel_solow" uid="1954307" lat="40.6712626" lon="-73.8908739">
  <tag k="crossing" v="uncontrolled"/>
  <tag k="crossing:island" v="no"/>
  <tag k="crossing:markings" v="zebra"/>
  <tag k="crossing:signals" v="no"/>
  <tag k="highway" v="crossing"/>
 </node>
 <node id="11767719313" visible="true" version="2" changeset="153225420" timestamp="2024-06-27T01:13:40Z" user="caitnahc" uid="20352591" lat="40.6685957" lon="-73.8892673">
  <tag k="crossing" v="marked"/>
  <tag k="crossing:island" v="no"/>
  <tag k="crossing:markings" v="zebra"/>
  <tag k="crossing:signals" v="no"/>
  <tag k="highway" v="crossing"/>
 </node>
 <node id="11767804281" visible="true" version="2" changeset="153225420" timestamp="2024-06-27T01:13:40Z" user="caitnahc" uid="20352591" lat="40.6687373" lon="-73.8893035">
  <tag k="crossing" v="marked"/>
  <tag k="crossing:island" v="no"/>
  <tag k="crossing:markings" v="zebra"/>
  <tag k="crossing:signals" v="no"/>
  <tag k="highway" v="crossing"/>
 </node>
 <node id="11767821813" visible="true" version="3" changeset="168618675" timestamp="2025-07-07T18:35:45Z" user="daniel_solow" uid="1954307" lat="40.6713944" lon="-73.8899734">
  <tag k="crossing" v="uncontrolled"/>
  <tag k="crossing:island" v="no"/>
  <tag k="crossing:markings" v="zebra"/>
  <tag k="crossing:signals" v="no"/>
  <tag k="highway" v="crossing"/>
 </node>
 <node id="11767821820" visible="true" version="3" changeset="168618675" timestamp="2025-07-07T18:35:45Z" user="daniel_solow" uid="1954307" lat="40.6715270" lon="-73.8900071">
  <tag k="crossing" v="uncontrolled"/>
  <tag k="crossing:island" v="no"/>
  <tag k="crossing:markings" v="zebra"/>
  <tag k="crossing:signals" v="no"/>
  <tag k="highway" v="crossing"/>
 </node>
 <node id="11775956869" visible="true" version="2" changeset="153804441" timestamp="2024-07-11T01:30:28Z" user="brikin" uid="20352592" lat="40.6641291" lon="-73.8881589">
  <tag k="crossing" v="traffic_signals"/>
  <tag k="crossing:island" v="no"/>
  <tag k="crossing:markings" v="ladder"/>
  <tag k="crossing:signals" v="yes"/>
  <tag k="highway" v="crossing"/>
 </node>
 <node id="11776170899" visible="true" version="2" changeset="153804382" timestamp="2024-07-11T01:26:55Z" user="brikin" uid="20352592" lat="40.6655281" lon="-73.8884824">
  <tag k="crossing" v="marked"/>
  <tag k="crossing:island" v="no"/>
  <tag k="crossing:markings" v="zebra"/>
  <tag k="crossing:signals" v="no"/>
  <tag k="highway" v="crossing"/>
 </node>
 <node id="11784153375" visible="true" version="2" changeset="153605725" timestamp="2024-07-05T21:48:31Z" user="brikin" uid="20352592" lat="40.6651142" lon="-73.8911985">
  <tag k="crossing" v="marked"/>
  <tag k="crossing:island" v="no"/>
  <tag k="crossing:markings" v="zebra"/>
  <tag k="crossing:signals" v="no"/>
  <tag k="highway" v="crossing"/>
 </node>
 <node id="11784153378" visible="true" version="2" changeset="153605792" timestamp="2024-07-05T21:51:06Z" user="brikin" uid="20352592" lat="40.6652414" lon="-73.8902810">
  <tag k="crossing" v="marked"/>
  <tag k="crossing:island" v="no"/>
  <tag k="crossing:markings" v="zebra"/>
  <tag k="crossing:signals" v="no"/>
  <tag k="highway" v="crossing"/>
 </node>
 <node id="11794198085" visible="true" version="5" changeset="169986670" timestamp="2025-08-05T06:13:24Z" user="PedestrianMapping_StealthGrid" uid="23065616" lat="40.6601751" lon="-73.8875287">
  <tag k="crossing" v="uncontrolled"/>
  <tag k="crossing:markings" v="zebra"/>
  <tag k="crossing:signals" v="no"/>
  <tag k="highway" v="crossing"/>
 </node>
 <node id="11794198088" visible="true" version="4" changeset="169986670" timestamp="2025-08-05T06:13:24Z" user="PedestrianMapping_StealthGrid" uid="23065616" lat="40.6598253" lon="-73.8883365">
  <tag k="crossing" v="uncontrolled"/>
  <tag k="crossing:markings" v="zebra"/>
  <tag k="crossing:signals" v="no"/>
  <tag k="highway" v="crossing"/>
 </node>
 <node id="11794198090" visible="true" version="1" changeset="149634579" timestamp="2024-04-05T22:14:52Z" user="Coplact" uid="21275079" lat="40.6598701" lon="-73.8883697">
  <tag k="direction" v="forward"/>
  <tag k="highway" v="stop"/>
 </node>
 <node id="11807630456" visible="true" version="4" changeset="169998084" timestamp="2025-08-05T10:32:04Z" user="PedestrianMapping_TraceVeil" uid="23065794" lat="40.6614129" lon="-73.8884400">
  <tag k="crossing" v="uncontrolled"/>
  <tag k="crossing:markings" v="zebra"/>
  <tag k="crossing:signals" v="no"/>
  <tag k="highway" v="crossing"/>
 </node>
 <node id="11807630463" visible="true" version="3" changeset="169991444" timestamp="2025-08-05T08:19:40Z" user="PedestrianMapping_StealthGrid" uid="23065616" lat="40.6612816" lon="-73.8883435">
  <tag k="crossing" v="uncontrolled"/>
  <tag k="crossing:markings" v="zebra"/>
  <tag k="crossing:signals" v="no"/>
  <tag k="highway" v="crossing"/>
 </node>
 <node id="12050544263" visible="true" version="1" changeset="153879618" timestamp="2024-07-13T06:09:43Z" user="isamah" uid="17496699" lat="40.6739077" lon="-73.8916293"/>
 <node id="12050551103" visible="true" version="1" changeset="153879761" timestamp="2024-07-13T06:17:52Z" user="isamah" uid="17496699" lat="40.6723478" lon="-73.8921306"/>
 <node id="12052365315" visible="true" version="1" changeset="153915948" timestamp="2024-07-14T04:36:47Z" user="isamah" uid="17496699" lat="40.6732364" lon="-73.8868065">
  <tag k="crossing" v="unmarked"/>
  <tag k="crossing:island" v="no"/>
  <tag k="crossing:markings" v="no"/>
  <tag k="crossing:signals" v="no"/>
  <tag k="highway" v="crossing"/>
 </node>
 <node id="12052365319" visible="true" version="1" changeset="153915948" timestamp="2024-07-14T04:36:47Z" user="isamah" uid="17496699" lat="40.6732590" lon="-73.8866545">
  <tag k="crossing" v="unmarked"/>
  <tag k="crossing:island" v="no"/>
  <tag k="crossing:markings" v="no"/>
  <tag k="crossing:signals" v="no"/>
  <tag k="highway" v="crossing"/>
 </node>
 <node id="12246410167" visible="true" version="1" changeset="157801758" timestamp="2024-10-12T15:37:49Z" user="jengelh" uid="1468043" lat="40.6747778" lon="-73.8764338">
  <tag k="railway" v="switch"/>
  <tag k="railway:switch" v="wye"/>
 </node>
 <node id="12246410170" visible="true" version="1" changeset="157801758" timestamp="2024-10-12T15:37:49Z" user="jengelh" uid="1468043" lat="40.6750900" lon="-73.8737773">
  <tag k="railway" v="switch"/>
  <tag k="railway:switch" v="wye"/>
 </node>
 <node id="12246410173" visible="true" version="1" changeset="157801758" timestamp="2024-10-12T15:37:49Z" user="jengelh" uid="1468043" lat="40.6751578" lon="-73.8737905">
  <tag k="railway" v="switch"/>
  <tag k="railway:switch" v="wye"/>
 </node>
 <node id="12246410178" visible="true" version="1" changeset="157801758" timestamp="2024-10-12T15:37:49Z" user="jengelh" uid="1468043" lat="40.6751921" lon="-73.8737943">
  <tag k="railway" v="switch"/>
  <tag k="railway:switch" v="wye"/>
 </node>
 <node id="12246711880" visible="true" version="1" changeset="157807323" timestamp="2024-10-12T17:52:55Z" user="jengelh" uid="1468043" lat="40.6730486" lon="-73.8882392">
  <tag k="railway" v="signal"/>
  <tag k="railway:signal:direction" v="forward"/>
 </node>
 <node id="12246711881" visible="true" version="1" changeset="157807323" timestamp="2024-10-12T17:52:55Z" user="jengelh" uid="1468043" lat="40.6741243" lon="-73.8809014">
  <tag k="railway" v="signal"/>
  <tag k="railway:signal:direction" v="forward"/>
 </node>
 <node id="12246711882" visible="true" version="1" changeset="157807323" timestamp="2024-10-12T17:52:55Z" user="jengelh" uid="1468043" lat="40.6743969" lon="-73.8790324">
  <tag k="railway" v="signal"/>
  <tag k="railway:signal:direction" v="forward"/>
 </node>
 <node id="12246711883" visible="true" version="1" changeset="157807323" timestamp="2024-10-12T17:52:55Z" user="jengelh" uid="1468043" lat="40.6743548" lon="-73.8795511">
  <tag k="railway" v="signal"/>
  <tag k="railway:signal:direction" v="forward"/>
 </node>
 <node id="12246711884" visible="true" version="1" changeset="157807323" timestamp="2024-10-12T17:52:55Z" user="jengelh" uid="1468043" lat="40.6748662" lon="-73.8758260">
  <tag k="railway" v="signal"/>
  <tag k="railway:signal:direction" v="forward"/>
 </node>
 <node id="12246711885" visible="true" version="1" changeset="157807323" timestamp="2024-10-12T17:52:55Z" user="jengelh" uid="1468043" lat="40.6748652" lon="-73.8758332">
  <tag k="railway" v="signal"/>
  <tag k="railway:signal:direction" v="forward"/>
 </node>
 <node id="12246711886" visible="true" version="1" changeset="157807323" timestamp="2024-10-12T17:52:55Z" user="jengelh" uid="1468043" lat="40.6752505" lon="-73.8731440">
  <tag k="railway" v="signal"/>
  <tag k="railway:signal:direction" v="forward"/>
  <tag k="ref" v="X 30"/>
 </node>
 <node id="12246711887" visible="true" version="1" changeset="157807323" timestamp="2024-10-12T17:52:55Z" user="jengelh" uid="1468043" lat="40.6752528" lon="-73.8731280">
  <tag k="railway" v="signal"/>
  <tag k="railway:signal:direction" v="forward"/>
  <tag k="ref" v="A4 434"/>
 </node>
 <node id="12986177404" visible="true" version="1" changeset="168618675" timestamp="2025-07-07T18:35:45Z" user="daniel_solow" uid="1954307" lat="40.6736613" lon="-73.8919331"/>
 <node id="12986177405" visible="true" version="1" changeset="168618675" timestamp="2025-07-07T18:35:45Z" user="daniel_solow" uid="1954307" lat="40.6737075" lon="-73.8916342"/>
 <node id="12986177406" visible="true" version="1" changeset="168618675" timestamp="2025-07-07T18:35:45Z" user="daniel_solow" uid="1954307" lat="40.6735608" lon="-73.8915947"/>
 <node id="12986177407" visible="true" version="1" changeset="168618675" timestamp="2025-07-07T18:35:45Z" user="daniel_solow" uid="1954307" lat="40.6735145" lon="-73.8918936"/>
 <node id="12986186245" visible="true" version="1" changeset="168619487" timestamp="2025-07-07T18:57:18Z" user="daniel_solow" uid="1954307" lat="40.6729652" lon="-73.8886344">
  <tag k="cycleway" v="asl"/>
  <tag k="direction" v="forward"/>
 </node>
 <node id="12988281031" visible="true" version="1" changeset="168664418" timestamp="2025-07-08T19:09:36Z" user="daniel_solow" uid="1954307" lat="40.6758081" lon="-73.8782281">
  <tag k="direction" v="forward"/>
  <tag k="highway" v="stop"/>
 </node>
 <node id="14075806948" visible="true" version="1" changeset="187005449" timestamp="2026-08-06T00:25:45Z" user="dkwolf" uid="1771944" lat="40.6711176" lon="-73.8928227"/>
 <node id="14075806949" visible="true" version="1" changeset="187005449" timestamp="2026-08-06T00:25:45Z" user="dkwolf" uid="1771944" lat="40.6721936" lon="-73.8931127"/>
 <node id="14075806950" visible="true" version="1" changeset="187005449" timestamp="2026-08-06T00:25:45Z" user="dkwolf" uid="1771944" lat="40.6720908" lon="-73.8937998"/>
 <way id="5675253" visible="true" version="27" changeset="172187142" timestamp="2025-09-20T05:06:25Z" user="SpeedMcCool" uid="2260722">
  <nd ref="1942054859"/>
  <nd ref="11794198085"/>
  <nd ref="5924219310"/>
  <nd ref="11807630463"/>
  <nd ref="42468379"/>
  <nd ref="11807630456"/>
  <nd ref="11353290972"/>
  <nd ref="11353281467"/>
  <nd ref="42468377"/>
  <nd ref="11353281463"/>
  <nd ref="11353281427"/>
  <nd ref="11353281431"/>
  <nd ref="42468375"/>
  <nd ref="11353281429"/>
  <nd ref="11784153378"/>
  <nd ref="42468373"/>
  <nd ref="11767477822"/>
  <nd ref="11767477817"/>
  <nd ref="42468372"/>
  <nd ref="11767437340"/>
  <nd ref="4660007029"/>
  <nd ref="11767631476"/>
  <nd ref="42468371"/>
  <nd ref="11767581934"/>
  <nd ref="11767640609"/>
  <nd ref="42468368"/>
  <nd ref="11767640616"/>
  <nd ref="11767626810"/>
  <nd ref="42468367"/>
  <nd ref="11767626802"/>
  <nd ref="11761666219"/>
  <nd ref="42468366"/>
  <nd ref="11761666210"/>
  <nd ref="8233183142"/>
  <nd ref="11761632538"/>
  <nd ref="42468365"/>
  <nd ref="11761632545"/>
  <nd ref="11727609869"/>
  <nd ref="42468359"/>
  <nd ref="11727609847"/>
  <nd ref="10692235484"/>
  <nd ref="598622290"/>
  <tag k="highway" v="residential"/>
  <tag k="maxspeed" v="25 mph"/>
  <tag k="name" v="Bradford Street"/>
  <tag k="name:etymology:wikidata" v="Q8005827"/>
  <tag k="oneway" v="yes"/>
  <tag k="sidewalk:both" v="separate"/>
  <tag k="tiger:zip_left" v="11207"/>
  <tag k="tiger:zip_right" v="11207"/>
 </way>
 <way id="5678994" visible="true" version="22" changeset="182782213" timestamp="2026-05-17T12:35:42Z" user="daniel_solow" uid="1954307">
  <nd ref="42488229"/>
  <nd ref="11725496264"/>
  <nd ref="11725497071"/>
  <nd ref="42474069"/>
  <nd ref="11725497070"/>
  <nd ref="11725497076"/>
  <nd ref="42488976"/>
  <nd ref="11725497077"/>
  <nd ref="11656346389"/>
  <nd ref="42504706"/>
  <nd ref="11656346392"/>
  <nd ref="11657089057"/>
  <nd ref="42504703"/>
  <nd ref="11657089059"/>
  <nd ref="10992808519"/>
  <nd ref="42504700"/>
  <nd ref="10992808520"/>
  <nd ref="11657089065"/>
  <nd ref="42504696"/>
  <nd ref="11657089063"/>
  <nd ref="12988281031"/>
  <nd ref="11766655284"/>
  <nd ref="42468497"/>
  <nd ref="11766655290"/>
  <nd ref="11766650769"/>
  <nd ref="42504691"/>
  <nd ref="11766634568"/>
  <nd ref="11766634548"/>
  <nd ref="42502233"/>
  <nd ref="11766634555"/>
  <nd ref="11766634535"/>
  <nd ref="42504689"/>
  <nd ref="11766634541"/>
  <nd ref="11766634520"/>
  <nd ref="42504687"/>
  <nd ref="11766634527"/>
  <nd ref="11761853660"/>
  <nd ref="42470221"/>
  <nd ref="11761853653"/>
  <nd ref="11761853646"/>
  <nd ref="42497119"/>
  <nd ref="11761853638"/>
  <nd ref="11761853631"/>
  <nd ref="42504683"/>
  <nd ref="11761853622"/>
  <nd ref="11761853615"/>
  <nd ref="42502332"/>
  <nd ref="11761853606"/>
  <nd ref="11761853599"/>
  <nd ref="42485156"/>
  <nd ref="11761853592"/>
  <nd ref="11761853590"/>
  <nd ref="42504341"/>
  <nd ref="11761853584"/>
  <nd ref="11761853671"/>
  <nd ref="42499698"/>
  <nd ref="11761853672"/>
  <nd ref="11761586727"/>
  <nd ref="42504674"/>
  <nd ref="11761586735"/>
  <nd ref="11761642094"/>
  <nd ref="42504671"/>
  <nd ref="11761642102"/>
  <nd ref="11761632567"/>
  <nd ref="42472369"/>
  <nd ref="11761646675"/>
  <nd ref="11761632553"/>
  <nd ref="42467157"/>
  <nd ref="11761632561"/>
  <nd ref="11761632533"/>
  <nd ref="42468365"/>
  <nd ref="11761632542"/>
  <nd ref="11761632531"/>
  <nd ref="42478540"/>
  <nd ref="11761632529"/>
  <nd ref="11761555652"/>
  <nd ref="42504659"/>
  <nd ref="11761555643"/>
  <nd ref="5482657046"/>
  <nd ref="11761555637"/>
  <nd ref="42495783"/>
  <nd ref="11761555636"/>
  <nd ref="11761492134"/>
  <nd ref="42495626"/>
  <tag k="highway" v="residential"/>
  <tag k="name" v="Glenmore Avenue"/>
  <tag k="oneway" v="yes"/>
  <tag k="surface" v="asphalt"/>
  <tag k="tiger:zip_left" v="11208"/>
  <tag k="tiger:zip_right" v="11208"/>
 </way>
 <way id="46888455" visible="true" version="23" changeset="169345347" timestamp="2025-07-23T13:39:56Z" user="WilsonEnzo" uid="23085651">
  <nd ref="598622233"/>
  <nd ref="10692235482"/>
  <nd ref="11727609875"/>
  <nd ref="42478536"/>
  <nd ref="11727609872"/>
  <nd ref="11761632518"/>
  <nd ref="42478540"/>
  <nd ref="11761632528"/>
  <nd ref="11761666228"/>
  <nd ref="42478543"/>
  <nd ref="11761666237"/>
  <nd ref="11767626432"/>
  <nd ref="42478547"/>
  <nd ref="11767631410"/>
  <nd ref="11767616747"/>
  <nd ref="42478550"/>
  <nd ref="11767616739"/>
  <nd ref="11767632686"/>
  <nd ref="42478553"/>
  <nd ref="11767631423"/>
  <nd ref="11767437349"/>
  <nd ref="42478556"/>
  <nd ref="11767477804"/>
  <nd ref="5482745487"/>
  <nd ref="7238398590"/>
  <nd ref="11767477810"/>
  <nd ref="42477831"/>
  <nd ref="11784153375"/>
  <nd ref="11353281422"/>
  <nd ref="11353281421"/>
  <nd ref="42478561"/>
  <nd ref="11353281424"/>
  <nd ref="11353290971"/>
  <nd ref="11353281419"/>
  <nd ref="42478643"/>
  <nd ref="11353290977"/>
  <nd ref="7779794618"/>
  <nd ref="5471986437"/>
  <nd ref="5471986443"/>
  <nd ref="42474349"/>
  <nd ref="5471986445"/>
  <nd ref="11794198090"/>
  <nd ref="11794198088"/>
  <nd ref="1942054849"/>
  <tag k="highway" v="residential"/>
  <tag k="name" v="Wyona Street"/>
  <tag k="oneway" v="yes"/>
  <tag k="sidewalk:both" v="separate"/>
  <tag k="tiger:zip_left" v="11207"/>
  <tag k="tiger:zip_right" v="11207"/>
 </way>
 <way id="183794650" visible="true" version="17" changeset="149405969" timestamp="2024-03-31T19:46:36Z" user="caitnahc" uid="20352591">
  <nd ref="42472342"/>
  <nd ref="11775956869"/>
  <nd ref="1942055006"/>
  <nd ref="11776170899"/>
  <nd ref="42472346"/>
  <nd ref="11767460362"/>
  <nd ref="11767495371"/>
  <nd ref="42472351"/>
  <nd ref="11767437317"/>
  <nd ref="11767719313"/>
  <nd ref="42472355"/>
  <nd ref="11767804281"/>
  <nd ref="11767619516"/>
  <nd ref="42472359"/>
  <nd ref="11767619522"/>
  <nd ref="11767821813"/>
  <nd ref="42472363"/>
  <nd ref="11767821820"/>
  <nd ref="11761668235"/>
  <nd ref="42472365"/>
  <nd ref="11761668226"/>
  <nd ref="8385978847"/>
  <nd ref="11761646672"/>
  <nd ref="42472369"/>
  <nd ref="11761632564"/>
  <nd ref="10761839731"/>
  <nd ref="42472371"/>
  <nd ref="10761839733"/>
  <nd ref="7881213995"/>
  <nd ref="5925568598"/>
  <nd ref="10692235486"/>
  <nd ref="598622291"/>
  <tag k="highway" v="residential"/>
  <tag k="name" v="Van Siclen Avenue"/>
  <tag k="oneway" v="yes"/>
  <tag k="tiger:zip_left" v="11239"/>
 </way>
 <way id="249546308" visible="true" version="2" changeset="22452907" timestamp="2014-05-20T19:36:08Z" user="ediyes" uid="1240849">
  <nd ref="2561304791"/>
  <nd ref="2561304767"/>
  <nd ref="2561304769"/>
  <nd ref="2561304738"/>
  <nd ref="2561304733"/>
  <nd ref="2561304093"/>
  <nd ref="2561304847"/>
  <nd ref="2561304795"/>
  <nd ref="2561304791"/>
  <tag k="addr:housenumber" v="2156"/>
  <tag k="addr:postcode" v="11207"/>
  <tag k="addr:street" v="Pitkin Avenue"/>
  <tag k="building" v="yes"/>
  <tag k="height" v="11.4"/>
  <tag k="nycdoitt:bin" v="3083944"/>
 </way>
 <way id="249546309" visible="true" version="1" changeset="19233941" timestamp="2013-12-02T14:11:32Z" user="ingalls_nycbuildings" uid="1812841">
  <nd ref="2561304738"/>
  <nd ref="2561304769"/>
  <nd ref="2561304770"/>
  <nd ref="2561304802"/>
  <nd ref="2561304795"/>
  <nd ref="2561304847"/>
  <nd ref="2561304852"/>
  <nd ref="2561304745"/>
  <nd ref="2561304738"/>
  <tag k="addr:housenumber" v="2158"/>
  <tag k="addr:postcode" v="11207"/>
  <tag k="addr:street" v="Pitkin Avenue"/>
  <tag k="building" v="yes"/>
  <tag k="height" v="11.4"/>
  <tag k="nycdoitt:bin" v="3083945"/>
 </way>
 <way id="249546311" visible="true" version="1" changeset="19233941" timestamp="2013-12-02T14:11:32Z" user="ingalls_nycbuildings" uid="1812841">
  <nd ref="2561304811"/>
  <nd ref="2561304780"/>
  <nd ref="2561304782"/>
  <nd ref="2561304753"/>
  <nd ref="2561304745"/>
  <nd ref="2561304852"/>
  <nd ref="2561304858"/>
  <nd ref="2561304816"/>
  <nd ref="2561304811"/>
  <tag k="addr:housenumber" v="2162"/>
  <tag k="addr:postcode" v="11207"/>
  <tag k="addr:street" v="Pitkin Avenue"/>
  <tag k="building" v="yes"/>
  <tag k="height" v="11.4"/>
  <tag k="nycdoitt:bin" v="3083946"/>
 </way>
 <way id="249546312" visible="true" version="1" changeset="19233941" timestamp="2013-12-02T14:11:33Z" user="ingalls_nycbuildings" uid="1812841">
  <nd ref="2561304753"/>
  <nd ref="2561304782"/>
  <nd ref="2561304785"/>
  <nd ref="2561304818"/>
  <nd ref="2561304816"/>
  <nd ref="2561304858"/>
  <nd ref="2561304861"/>
  <nd ref="2561304761"/>
  <nd ref="2561304753"/>
  <tag k="addr:housenumber" v="2164"/>
  <tag k="addr:postcode" v="11207"/>
  <tag k="addr:street" v="Pitkin Avenue"/>
  <tag k="building" v="yes"/>
  <tag k="height" v="11.4"/>
  <tag k="nycdoitt:bin" v="3083947"/>
 </way>
 <way id="249546313" visible="true" version="1" changeset="19233941" timestamp="2013-12-02T14:11:33Z" user="ingalls_nycbuildings" uid="1812841">
  <nd ref="2561304828"/>
  <nd ref="2561304794"/>
  <nd ref="2561304803"/>
  <nd ref="2561304768"/>
  <nd ref="2561304761"/>
  <nd ref="2561304861"/>
  <nd ref="2561304866"/>
  <nd ref="2561304830"/>
  <nd ref="2561304828"/>
  <tag k="addr:housenumber" v="2166"/>
  <tag k="addr:postcode" v="11207"/>
  <tag k="addr:street" v="Pitkin Avenue"/>
  <tag k="building" v="yes"/>
  <tag k="height" v="11.4"/>
  <tag k="nycdoitt:bin" v="3083948"/>
 </way>
 <way id="249546314" visible="true" version="1" changeset="19233941" timestamp="2013-12-02T14:11:33Z" user="ingalls_nycbuildings" uid="1812841">
  <nd ref="2561304768"/>
  <nd ref="2561304803"/>
  <nd ref="2561304804"/>
  <nd ref="2561304833"/>
  <nd ref="2561304830"/>
  <nd ref="2561304866"/>
  <nd ref="2561304870"/>
  <nd ref="2561304775"/>
  <nd ref="2561304768"/>
  <tag k="addr:housenumber" v="2168"/>
  <tag k="addr:postcode" v="11207"/>
  <tag k="addr:street" v="Pitkin Avenue"/>
  <tag k="building" v="yes"/>
  <tag k="height" v="11.4"/>
  <tag k="nycdoitt:bin" v="3083949"/>
 </way>
 <way id="249546315" visible="true" version="1" changeset="19233941" timestamp="2013-12-02T14:11:33Z" user="ingalls_nycbuildings" uid="1812841">
  <nd ref="2561304841"/>
  <nd ref="2561304814"/>
  <nd ref="2561304819"/>
  <nd ref="2561304781"/>
  <nd ref="2561304775"/>
  <nd ref="2561304870"/>
  <nd ref="2561304874"/>
  <nd ref="2561304844"/>
  <nd ref="2561304841"/>
  <tag k="addr:housenumber" v="2170"/>
  <tag k="addr:postcode" v="11207"/>
  <tag k="addr:street" v="Pitkin Avenue"/>
  <tag k="building" v="yes"/>
  <tag k="height" v="11.4"/>
  <tag k="nycdoitt:bin" v="3083950"/>
 </way>
 <way id="249546316" visible="true" version="1" changeset="19233941" timestamp="2013-12-02T14:11:33Z" user="ingalls_nycbuildings" uid="1812841">
  <nd ref="2561304781"/>
  <nd ref="2561304819"/>
  <nd ref="2561304820"/>
  <nd ref="2561304848"/>
  <nd ref="2561304844"/>
  <nd ref="2561304874"/>
  <nd ref="2561304879"/>
  <nd ref="2561304786"/>
  <nd ref="2561304781"/>
  <tag k="addr:housenumber" v="2174"/>
  <tag k="addr:postcode" v="11207"/>
  <tag k="addr:street" v="Pitkin Avenue"/>
  <tag k="building" v="yes"/>
  <tag k="height" v="11.4"/>
  <tag k="nycdoitt:bin" v="3083951"/>
 </way>
 <way id="249546318" visible="true" version="1" changeset="19233941" timestamp="2013-12-02T14:11:33Z" user="ingalls_nycbuildings" uid="1812841">
  <nd ref="2561304829"/>
  <nd ref="2561304896"/>
  <nd ref="2561304903"/>
  <nd ref="2561304839"/>
  <nd ref="2561304829"/>
  <tag k="addr:housenumber" v="2182"/>
  <tag k="addr:postcode" v="11207"/>
  <tag k="addr:street" v="Pitkin Avenue"/>
  <tag k="building" v="yes"/>
  <tag k="height" v="7.7"/>
  <tag k="nycdoitt:bin" v="3083981"/>
 </way>
 <way id="249546319" visible="true" version="1" changeset="19233941" timestamp="2013-12-02T14:11:33Z" user="ingalls_nycbuildings" uid="1812841">
  <nd ref="2561304856"/>
  <nd ref="2561304912"/>
  <nd ref="2561304918"/>
  <nd ref="2561304860"/>
  <nd ref="2561304856"/>
  <tag k="addr:housenumber" v="2190"/>
  <tag k="addr:postcode" v="11207"/>
  <tag k="addr:street" v="Pitkin Avenue"/>
  <tag k="building" v="yes"/>
  <tag k="height" v="7.5"/>
  <tag k="nycdoitt:bin" v="3083984"/>
 </way>
 <way id="249546320" visible="true" version="1" changeset="19233941" timestamp="2013-12-02T14:11:34Z" user="ingalls_nycbuildings" uid="1812841">
  <nd ref="2561304860"/>
  <nd ref="2561304918"/>
  <nd ref="2561304925"/>
  <nd ref="2561304865"/>
  <nd ref="2561304860"/>
  <tag k="addr:housenumber" v="2192"/>
  <tag k="addr:postcode" v="11207"/>
  <tag k="addr:street" v="Pitkin Avenue"/>
  <tag k="building" v="yes"/>
  <tag k="height" v="7.8"/>
  <tag k="nycdoitt:bin" v="3083985"/>
 </way>
 <way id="249546321" visible="true" version="1" changeset="19233941" timestamp="2013-12-02T14:11:34Z" user="ingalls_nycbuildings" uid="1812841">
  <nd ref="2561304871"/>
  <nd ref="2561304865"/>
  <nd ref="2561304925"/>
  <nd ref="2561304938"/>
  <nd ref="2561304891"/>
  <nd ref="2561304871"/>
  <tag k="addr:housenumber" v="2196"/>
  <tag k="addr:postcode" v="11207"/>
  <tag k="addr:street" v="Pitkin Avenue"/>
  <tag k="building" v="yes"/>
  <tag k="height" v="7.8"/>
  <tag k="nycdoitt:bin" v="3083986"/>
 </way>
 <way id="249546322" visible="true" version="1" changeset="19233941" timestamp="2013-12-02T14:11:34Z" user="ingalls_nycbuildings" uid="1812841">
  <nd ref="2561304931"/>
  <nd ref="2561304919"/>
  <nd ref="2561304920"/>
  <nd ref="2561304898"/>
  <nd ref="2561304897"/>
  <nd ref="2561304877"/>
  <nd ref="2561304875"/>
  <nd ref="2561304960"/>
  <nd ref="2561304961"/>
  <nd ref="2561304934"/>
  <nd ref="2561304931"/>
  <tag k="addr:housenumber" v="2210"/>
  <tag k="addr:postcode" v="11207"/>
  <tag k="addr:street" v="Pitkin Avenue"/>
  <tag k="building" v="yes"/>
  <tag k="height" v="9.0"/>
  <tag k="nycdoitt:bin" v="3089071"/>
 </way>
 <way id="249546323" visible="true" version="1" changeset="19233941" timestamp="2013-12-02T14:11:34Z" user="ingalls_nycbuildings" uid="1812841">
  <nd ref="2561305107"/>
  <nd ref="2561305116"/>
  <nd ref="2561305120"/>
  <nd ref="2561305122"/>
  <nd ref="2561305117"/>
  <nd ref="2561305118"/>
  <nd ref="2561305126"/>
  <nd ref="2561305132"/>
  <nd ref="2561305101"/>
  <nd ref="2561305098"/>
  <nd ref="2561305077"/>
  <nd ref="2561305078"/>
  <nd ref="2561305050"/>
  <nd ref="2561305043"/>
  <nd ref="2561305048"/>
  <nd ref="2561305046"/>
  <nd ref="2561305036"/>
  <nd ref="2561305032"/>
  <nd ref="2561305040"/>
  <nd ref="2561305035"/>
  <nd ref="2561305030"/>
  <nd ref="2561305025"/>
  <nd ref="2561305027"/>
  <nd ref="2561305026"/>
  <nd ref="2561305021"/>
  <nd ref="2561305018"/>
  <nd ref="2561305023"/>
  <nd ref="2561305019"/>
  <nd ref="2561305017"/>
  <nd ref="2561305016"/>
  <nd ref="2561305034"/>
  <nd ref="2561305039"/>
  <nd ref="2561305054"/>
  <nd ref="2561305065"/>
  <nd ref="2561305058"/>
  <nd ref="2561305095"/>
  <nd ref="2561305100"/>
  <nd ref="2561305089"/>
  <nd ref="2561305091"/>
  <nd ref="2561305102"/>
  <nd ref="2561305104"/>
  <nd ref="2561305096"/>
  <nd ref="2561305105"/>
  <nd ref="2561305131"/>
  <nd ref="2561305133"/>
  <nd ref="2561305107"/>
  <tag k="addr:housenumber" v="2211"/>
  <tag k="addr:postcode" v="11207"/>
  <tag k="addr:street" v="Pitkin Avenue"/>
  <tag k="building" v="yes"/>
  <tag k="height" v="12.8"/>
  <tag k="nycdoitt:bin" v="3328463"/>
 </way>
 <way id="249546324" visible="true" version="1" changeset="19233941" timestamp="2013-12-02T14:11:34Z" user="ingalls_nycbuildings" uid="1812841">
  <nd ref="2561304893"/>
  <nd ref="2561304889"/>
  <nd ref="2561304898"/>
  <nd ref="2561304920"/>
  <nd ref="2561304921"/>
  <nd ref="2561304936"/>
  <nd ref="2561304934"/>
  <nd ref="2561304961"/>
  <nd ref="2561304965"/>
  <nd ref="2561304902"/>
  <nd ref="2561304893"/>
  <tag k="addr:housenumber" v="2212"/>
  <tag k="addr:postcode" v="11207"/>
  <tag k="addr:street" v="Pitkin Avenue"/>
  <tag k="building" v="yes"/>
  <tag k="height" v="9.0"/>
  <tag k="nycdoitt:bin" v="3089072"/>
 </way>
 <way id="249546325" visible="true" version="1" changeset="19233941" timestamp="2013-12-02T14:11:34Z" user="ingalls_nycbuildings" uid="1812841">
  <nd ref="2561304940"/>
  <nd ref="2561304933"/>
  <nd ref="2561304935"/>
  <nd ref="2561304907"/>
  <nd ref="2561304902"/>
  <nd ref="2561304965"/>
  <nd ref="2561304967"/>
  <nd ref="2561304942"/>
  <nd ref="2561304940"/>
  <tag k="addr:housenumber" v="2214"/>
  <tag k="addr:postcode" v="11207"/>
  <tag k="addr:street" v="Pitkin Avenue"/>
  <tag k="building" v="yes"/>
  <tag k="height" v="8.9"/>
  <tag k="nycdoitt:bin" v="3089073"/>
 </way>
 <way id="249546326" visible="true" version="1" changeset="19233941" timestamp="2013-12-02T14:11:34Z" user="ingalls_nycbuildings" uid="1812841">
  <nd ref="2561305268"/>
  <nd ref="2561305269"/>
  <nd ref="2561305264"/>
  <nd ref="2561305263"/>
  <nd ref="2561305214"/>
  <nd ref="2561305215"/>
  <nd ref="2561305206"/>
  <nd ref="2561305204"/>
  <nd ref="2561305186"/>
  <nd ref="2561305188"/>
  <nd ref="2561305169"/>
  <nd ref="2561305168"/>
  <nd ref="2561305161"/>
  <nd ref="2561305150"/>
  <nd ref="2561305157"/>
  <nd ref="2561305158"/>
  <nd ref="2561305173"/>
  <nd ref="2561305172"/>
  <nd ref="2561305187"/>
  <nd ref="2561305189"/>
  <nd ref="2561305197"/>
  <nd ref="2561305196"/>
  <nd ref="2561305252"/>
  <nd ref="2561305249"/>
  <nd ref="2561305256"/>
  <nd ref="2561305257"/>
  <nd ref="2561305266"/>
  <nd ref="2561305261"/>
  <nd ref="2561305272"/>
  <nd ref="2561305282"/>
  <nd ref="2561305274"/>
  <nd ref="2561305273"/>
  <nd ref="2561305268"/>
  <tag k="addr:housenumber" v="2215"/>
  <tag k="addr:postcode" v="11207"/>
  <tag k="addr:street" v="Pitkin Avenue"/>
  <tag k="building" v="yes"/>
  <tag k="height" v="13.2"/>
  <tag k="nycdoitt:bin" v="3328464"/>
 </way>
 <way id="249546327" visible="true" version="1" changeset="19233941" timestamp="2013-12-02T14:11:35Z" user="ingalls_nycbuildings" uid="1812841">
  <nd ref="2561304890"/>
  <nd ref="2561304887"/>
  <nd ref="2561304907"/>
  <nd ref="2561304935"/>
  <nd ref="2561304937"/>
  <nd ref="2561304944"/>
  <nd ref="2561304942"/>
  <nd ref="2561304967"/>
  <nd ref="2561304968"/>
  <nd ref="2561304900"/>
  <nd ref="2561304890"/>
  <tag k="addr:housenumber" v="2216"/>
  <tag k="addr:postcode" v="11207"/>
  <tag k="addr:street" v="Pitkin Avenue"/>
  <tag k="building" v="yes"/>
  <tag k="height" v="8.9"/>
  <tag k="nycdoitt:bin" v="3089074"/>
 </way>
 <way id="249546328" visible="true" version="1" changeset="19233941" timestamp="2013-12-02T14:11:35Z" user="ingalls_nycbuildings" uid="1812841">
  <nd ref="2561304950"/>
  <nd ref="2561304943"/>
  <nd ref="2561304945"/>
  <nd ref="2561304914"/>
  <nd ref="2561304913"/>
  <nd ref="2561304905"/>
  <nd ref="2561304900"/>
  <nd ref="2561304968"/>
  <nd ref="2561304969"/>
  <nd ref="2561304951"/>
  <nd ref="2561304950"/>
  <tag k="addr:housenumber" v="2218"/>
  <tag k="addr:postcode" v="11207"/>
  <tag k="addr:street" v="Pitkin Avenue"/>
  <tag k="building" v="yes"/>
  <tag k="height" v="8.7"/>
  <tag k="nycdoitt:bin" v="3089075"/>
 </way>
 <way id="249546330" visible="true" version="1" changeset="19233941" timestamp="2013-12-02T14:11:35Z" user="ingalls_nycbuildings" uid="1812841">
  <nd ref="2561304914"/>
  <nd ref="2561304945"/>
  <nd ref="2561304946"/>
  <nd ref="2561304953"/>
  <nd ref="2561304951"/>
  <nd ref="2561304969"/>
  <nd ref="2561304970"/>
  <nd ref="2561304917"/>
  <nd ref="2561304914"/>
  <tag k="addr:housenumber" v="2220"/>
  <tag k="addr:postcode" v="11207"/>
  <tag k="addr:street" v="Pitkin Avenue"/>
  <tag k="building" v="yes"/>
  <tag k="height" v="8.8"/>
  <tag k="nycdoitt:bin" v="3089076"/>
 </way>
 <way id="249546336" visible="true" version="1" changeset="19233941" timestamp="2013-12-02T14:11:36Z" user="ingalls_nycbuildings" uid="1812841">
  <nd ref="2561305319"/>
  <nd ref="2561305320"/>
  <nd ref="2561305313"/>
  <nd ref="2561305311"/>
  <nd ref="2561305315"/>
  <nd ref="2561305306"/>
  <nd ref="2561305321"/>
  <nd ref="2561305324"/>
  <nd ref="2561305319"/>
  <tag k="addr:housenumber" v="243"/>
  <tag k="addr:postcode" v="11207"/>
  <tag k="addr:street" v="Bradford Street"/>
  <tag k="building" v="yes"/>
  <tag k="height" v="8.1"/>
  <tag k="nycdoitt:bin" v="3083879"/>
 </way>
 <way id="249546337" visible="true" version="1" changeset="19233941" timestamp="2013-12-02T14:11:36Z" user="ingalls_nycbuildings" uid="1812841">
  <nd ref="2561305279"/>
  <nd ref="2561305302"/>
  <nd ref="2561305310"/>
  <nd ref="2561305295"/>
  <nd ref="2561305294"/>
  <nd ref="2561305287"/>
  <nd ref="2561305281"/>
  <nd ref="2561305279"/>
  <tag k="addr:housenumber" v="245"/>
  <tag k="addr:postcode" v="11207"/>
  <tag k="addr:street" v="Bradford Street"/>
  <tag k="building" v="yes"/>
  <tag k="height" v="7.4"/>
  <tag k="nycdoitt:bin" v="3083878"/>
 </way>
 <way id="249546338" visible="true" version="1" changeset="19233941" timestamp="2013-12-02T14:11:36Z" user="ingalls_nycbuildings" uid="1812841">
  <nd ref="2561305275"/>
  <nd ref="2561305271"/>
  <nd ref="2561305270"/>
  <nd ref="2561305267"/>
  <nd ref="2561305262"/>
  <nd ref="2561305255"/>
  <nd ref="2561305259"/>
  <nd ref="2561305258"/>
  <nd ref="2561305276"/>
  <nd ref="2561305283"/>
  <nd ref="2561305280"/>
  <nd ref="2561305288"/>
  <nd ref="2561305275"/>
  <tag k="addr:housenumber" v="247"/>
  <tag k="addr:postcode" v="11207"/>
  <tag k="addr:street" v="Bradford Street"/>
  <tag k="building" v="yes"/>
  <tag k="height" v="6.8"/>
  <tag k="nycdoitt:bin" v="3083877"/>
 </way>
 <way id="249546339" visible="true" version="1" changeset="19233941" timestamp="2013-12-02T14:11:36Z" user="ingalls_nycbuildings" uid="1812841">
  <nd ref="2561305245"/>
  <nd ref="2561305254"/>
  <nd ref="2561305237"/>
  <nd ref="2561305222"/>
  <nd ref="2561305226"/>
  <nd ref="2561305223"/>
  <nd ref="2561305246"/>
  <nd ref="2561305260"/>
  <nd ref="2561305245"/>
  <tag k="addr:housenumber" v="249"/>
  <tag k="addr:postcode" v="11207"/>
  <tag k="addr:street" v="Bradford Street"/>
  <tag k="building" v="yes"/>
  <tag k="height" v="7.2"/>
  <tag k="nycdoitt:bin" v="3083876"/>
 </way>
 <way id="249546350" visible="true" version="1" changeset="19233941" timestamp="2013-12-02T14:11:38Z" user="ingalls_nycbuildings" uid="1812841">
  <nd ref="2561305342"/>
  <nd ref="2561305348"/>
  <nd ref="2561305352"/>
  <nd ref="2561305346"/>
  <nd ref="2561305342"/>
  <tag k="addr:housenumber" v="264"/>
  <tag k="addr:postcode" v="11207"/>
  <tag k="addr:street" v="Van Siclen Avenue"/>
  <tag k="building" v="yes"/>
  <tag k="height" v="8.8"/>
  <tag k="nycdoitt:bin" v="3088777"/>
 </way>
 <way id="249546353" visible="true" version="1" changeset="19233941" timestamp="2013-12-02T14:11:38Z" user="ingalls_nycbuildings" uid="1812841">
  <nd ref="2561305346"/>
  <nd ref="2561305339"/>
  <nd ref="2561305335"/>
  <nd ref="2561305342"/>
  <nd ref="2561305346"/>
  <tag k="addr:housenumber" v="266"/>
  <tag k="addr:postcode" v="11207"/>
  <tag k="addr:street" v="Van Siclen Avenue"/>
  <tag k="building" v="yes"/>
  <tag k="height" v="8.8"/>
  <tag k="nycdoitt:bin" v="3088778"/>
 </way>
 <way id="249546356" visible="true" version="1" changeset="19233941" timestamp="2013-12-02T14:11:38Z" user="ingalls_nycbuildings" uid="1812841">
  <nd ref="2561305308"/>
  <nd ref="2561305316"/>
  <nd ref="2561305305"/>
  <nd ref="2561305309"/>
  <nd ref="2561305304"/>
  <nd ref="2561305329"/>
  <nd ref="2561305331"/>
  <nd ref="2561305326"/>
  <nd ref="2561305328"/>
  <nd ref="2561305334"/>
  <nd ref="2561305337"/>
  <nd ref="2561305314"/>
  <nd ref="2561305308"/>
  <tag k="addr:housenumber" v="270"/>
  <tag k="addr:postcode" v="11207"/>
  <tag k="addr:street" v="Van Siclen Avenue"/>
  <tag k="building" v="yes"/>
  <tag k="height" v="14.7"/>
  <tag k="nycdoitt:bin" v="3088779"/>
 </way>
 <way id="249546377" visible="true" version="1" changeset="19233941" timestamp="2013-12-02T14:11:40Z" user="ingalls_nycbuildings" uid="1812841">
  <nd ref="2561305354"/>
  <nd ref="2561305353"/>
  <nd ref="2561305377"/>
  <nd ref="2561305378"/>
  <nd ref="2561305364"/>
  <nd ref="2561305354"/>
  <tag k="addr:housenumber" v="293"/>
  <tag k="addr:postcode" v="11207"/>
  <tag k="addr:street" v="Miller Avenue"/>
  <tag k="building" v="yes"/>
  <tag k="height" v="8.1"/>
  <tag k="nycdoitt:bin" v="3390494"/>
 </way>
 <way id="249546400" visible="true" version="1" changeset="19233941" timestamp="2013-12-02T14:11:42Z" user="ingalls_nycbuildings" uid="1812841">
  <nd ref="2561304971"/>
  <nd ref="2561304972"/>
  <nd ref="2561304915"/>
  <nd ref="2561304910"/>
  <nd ref="2561304971"/>
  <tag k="addr:housenumber" v="300"/>
  <tag k="addr:postcode" v="11207"/>
  <tag k="addr:street" v="Van Siclen Avenue"/>
  <tag k="building" v="yes"/>
  <tag k="height" v="17.1"/>
  <tag k="nycdoitt:bin" v="3089077"/>
 </way>
 <way id="249546411" visible="true" version="1" changeset="19233941" timestamp="2013-12-02T14:11:43Z" user="ingalls_nycbuildings" uid="1812841">
  <nd ref="2561305340"/>
  <nd ref="2561305347"/>
  <nd ref="2561305350"/>
  <nd ref="2561305344"/>
  <nd ref="2561305340"/>
  <tag k="addr:housenumber" v="307"/>
  <tag k="addr:postcode" v="11207"/>
  <tag k="addr:street" v="Miller Avenue"/>
  <tag k="building" v="yes"/>
  <tag k="height" v="7.8"/>
  <tag k="nycdoitt:bin" v="3388810"/>
 </way>
 <way id="249546417" visible="true" version="1" changeset="19233941" timestamp="2013-12-02T14:11:43Z" user="ingalls_nycbuildings" uid="1812841">
  <nd ref="2561305330"/>
  <nd ref="2561305338"/>
  <nd ref="2561305341"/>
  <nd ref="2561305333"/>
  <nd ref="2561305330"/>
  <tag k="addr:housenumber" v="308"/>
  <tag k="addr:postcode" v="11207"/>
  <tag k="addr:street" v="Miller Avenue"/>
  <tag k="building" v="yes"/>
  <tag k="height" v="8.4"/>
  <tag k="nycdoitt:bin" v="3342514"/>
 </way>
 <way id="249546418" visible="true" version="1" changeset="19233941" timestamp="2013-12-02T14:11:43Z" user="ingalls_nycbuildings" uid="1812841">
  <nd ref="2561304855"/>
  <nd ref="2561304869"/>
  <nd ref="2561304872"/>
  <nd ref="2561304876"/>
  <nd ref="2561304881"/>
  <nd ref="2561304864"/>
  <nd ref="2561304857"/>
  <nd ref="2561304855"/>
  <tag k="addr:housenumber" v="308"/>
  <tag k="addr:postcode" v="11207"/>
  <tag k="addr:street" v="Van Siclen Avenue"/>
  <tag k="building" v="yes"/>
  <tag k="height" v="8.4"/>
  <tag k="nycdoitt:bin" v="3089078"/>
 </way>
 <way id="249546420" visible="true" version="1" changeset="19233941" timestamp="2013-12-02T14:11:44Z" user="ingalls_nycbuildings" uid="1812841">
  <nd ref="2561305332"/>
  <nd ref="2561305340"/>
  <nd ref="2561305344"/>
  <nd ref="2561305336"/>
  <nd ref="2561305332"/>
  <tag k="addr:housenumber" v="309"/>
  <tag k="addr:postcode" v="11207"/>
  <tag k="addr:street" v="Miller Avenue"/>
  <tag k="building" v="yes"/>
  <tag k="height" v="8.1"/>
  <tag k="nycdoitt:bin" v="3388809"/>
 </way>
 <way id="249546422" visible="true" version="1" changeset="19233941" timestamp="2013-12-02T14:11:44Z" user="ingalls_nycbuildings" uid="1812841">
  <nd ref="2561305322"/>
  <nd ref="2561305330"/>
  <nd ref="2561305333"/>
  <nd ref="2561305325"/>
  <nd ref="2561305322"/>
  <tag k="addr:housenumber" v="310"/>
  <tag k="addr:postcode" v="11207"/>
  <tag k="addr:street" v="Miller Avenue"/>
  <tag k="building" v="yes"/>
  <tag k="height" v="8.4"/>
  <tag k="nycdoitt:bin" v="3342515"/>
 </way>
 <way id="249546423" visible="true" version="1" changeset="19233941" timestamp="2013-12-02T14:11:44Z" user="ingalls_nycbuildings" uid="1812841">
  <nd ref="2561304827"/>
  <nd ref="2561304850"/>
  <nd ref="2561304853"/>
  <nd ref="2561304857"/>
  <nd ref="2561304864"/>
  <nd ref="2561304842"/>
  <nd ref="2561304832"/>
  <nd ref="2561304827"/>
  <tag k="addr:housenumber" v="310"/>
  <tag k="addr:postcode" v="11207"/>
  <tag k="addr:street" v="Van Siclen Avenue"/>
  <tag k="building" v="yes"/>
  <tag k="height" v="8.7"/>
  <tag k="nycdoitt:bin" v="3089079"/>
 </way>
 <way id="249546425" visible="true" version="1" changeset="19233941" timestamp="2013-12-02T14:11:44Z" user="ingalls_nycbuildings" uid="1812841">
  <nd ref="2561305323"/>
  <nd ref="2561305332"/>
  <nd ref="2561305336"/>
  <nd ref="2561305327"/>
  <nd ref="2561305323"/>
  <tag k="addr:housenumber" v="311"/>
  <tag k="addr:postcode" v="11207"/>
  <tag k="addr:street" v="Miller Avenue"/>
  <tag k="building" v="yes"/>
  <tag k="height" v="8.1"/>
  <tag k="nycdoitt:bin" v="3388808"/>
 </way>
 <way id="249546428" visible="true" version="1" changeset="19233941" timestamp="2013-12-02T14:11:45Z" user="ingalls_nycbuildings" uid="1812841">
  <nd ref="2561305307"/>
  <nd ref="2561305322"/>
  <nd ref="2561305325"/>
  <nd ref="2561305317"/>
  <nd ref="2561305307"/>
  <tag k="addr:housenumber" v="312"/>
  <tag k="addr:postcode" v="11207"/>
  <tag k="addr:street" v="Miller Avenue"/>
  <tag k="building" v="yes"/>
  <tag k="height" v="8.4"/>
  <tag k="nycdoitt:bin" v="3342516"/>
 </way>
 <way id="249546429" visible="true" version="1" changeset="19233941" timestamp="2013-12-02T14:11:45Z" user="ingalls_nycbuildings" uid="1812841">
  <nd ref="2561304790"/>
  <nd ref="2561304806"/>
  <nd ref="2561304805"/>
  <nd ref="2561304822"/>
  <nd ref="2561304825"/>
  <nd ref="2561304832"/>
  <nd ref="2561304842"/>
  <nd ref="2561304812"/>
  <nd ref="2561304801"/>
  <nd ref="2561304790"/>
  <tag k="addr:housenumber" v="312"/>
  <tag k="addr:postcode" v="11207"/>
  <tag k="addr:street" v="Van Siclen Avenue"/>
  <tag k="building" v="yes"/>
  <tag k="height" v="8.5"/>
  <tag k="nycdoitt:bin" v="3089080"/>
 </way>
 <way id="249546431" visible="true" version="1" changeset="19233941" timestamp="2013-12-02T14:11:45Z" user="ingalls_nycbuildings" uid="1812841">
  <nd ref="2561305312"/>
  <nd ref="2561305323"/>
  <nd ref="2561305327"/>
  <nd ref="2561305318"/>
  <nd ref="2561305312"/>
  <tag k="addr:housenumber" v="313"/>
  <tag k="addr:postcode" v="11207"/>
  <tag k="addr:street" v="Miller Avenue"/>
  <tag k="building" v="yes"/>
  <tag k="height" v="8.1"/>
  <tag k="nycdoitt:bin" v="3388807"/>
 </way>
 <way id="249546434" visible="true" version="1" changeset="19233941" timestamp="2013-12-02T14:11:45Z" user="ingalls_nycbuildings" uid="1812841">
  <nd ref="2561304754"/>
  <nd ref="2561304778"/>
  <nd ref="2561304788"/>
  <nd ref="2561304801"/>
  <nd ref="2561304812"/>
  <nd ref="2561304776"/>
  <nd ref="2561304765"/>
  <nd ref="2561304754"/>
  <tag k="addr:housenumber" v="314"/>
  <tag k="addr:postcode" v="11207"/>
  <tag k="addr:street" v="Van Siclen Avenue"/>
  <tag k="building" v="yes"/>
  <tag k="height" v="8.4"/>
  <tag k="nycdoitt:bin" v="3089081"/>
 </way>
 <way id="249546437" visible="true" version="1" changeset="19233941" timestamp="2013-12-02T14:11:46Z" user="ingalls_nycbuildings" uid="1812841">
  <nd ref="2561305317"/>
  <nd ref="2561305298"/>
  <nd ref="2561305286"/>
  <nd ref="2561305307"/>
  <nd ref="2561305317"/>
  <tag k="addr:housenumber" v="316"/>
  <tag k="addr:postcode" v="11207"/>
  <tag k="addr:street" v="Miller Avenue"/>
  <tag k="building" v="yes"/>
  <tag k="height" v="8.4"/>
  <tag k="nycdoitt:bin" v="3342517"/>
 </way>
 <way id="249546439" visible="true" version="1" changeset="19233941" timestamp="2013-12-02T14:11:46Z" user="ingalls_nycbuildings" uid="1812841">
  <nd ref="2561305318"/>
  <nd ref="2561305299"/>
  <nd ref="2561305289"/>
  <nd ref="2561305312"/>
  <nd ref="2561305318"/>
  <tag k="addr:housenumber" v="317"/>
  <tag k="addr:postcode" v="11207"/>
  <tag k="addr:street" v="Miller Avenue"/>
  <tag k="building" v="yes"/>
  <tag k="height" v="8.1"/>
  <tag k="nycdoitt:bin" v="3388806"/>
 </way>
 <way id="249546443" visible="true" version="1" changeset="19233941" timestamp="2013-12-02T14:11:46Z" user="ingalls_nycbuildings" uid="1812841">
  <nd ref="2561305241"/>
  <nd ref="2561305242"/>
  <nd ref="2561305235"/>
  <nd ref="2561305234"/>
  <nd ref="2561305178"/>
  <nd ref="2561305175"/>
  <nd ref="2561305166"/>
  <nd ref="2561305167"/>
  <nd ref="2561305156"/>
  <nd ref="2561305155"/>
  <nd ref="2561305146"/>
  <nd ref="2561305147"/>
  <nd ref="2561305143"/>
  <nd ref="2561305134"/>
  <nd ref="2561305142"/>
  <nd ref="2561305141"/>
  <nd ref="2561305148"/>
  <nd ref="2561305149"/>
  <nd ref="2561305160"/>
  <nd ref="2561305159"/>
  <nd ref="2561305164"/>
  <nd ref="2561305165"/>
  <nd ref="2561305200"/>
  <nd ref="2561305198"/>
  <nd ref="2561305208"/>
  <nd ref="2561305210"/>
  <nd ref="2561305225"/>
  <nd ref="2561305224"/>
  <nd ref="2561305231"/>
  <nd ref="2561305232"/>
  <nd ref="2561305239"/>
  <nd ref="2561305236"/>
  <nd ref="2561305247"/>
  <nd ref="2561305265"/>
  <nd ref="2561305250"/>
  <nd ref="2561305248"/>
  <nd ref="2561305241"/>
  <tag k="addr:housenumber" v="320"/>
  <tag k="addr:postcode" v="11207"/>
  <tag k="addr:street" v="Miller Avenue"/>
  <tag k="building" v="yes"/>
  <tag k="height" v="12.8"/>
  <tag k="nycdoitt:bin" v="3327009"/>
 </way>
 <way id="249546460" visible="true" version="1" changeset="19233941" timestamp="2013-12-02T14:11:48Z" user="ingalls_nycbuildings" uid="1812841">
  <nd ref="2561305053"/>
  <nd ref="2561305057"/>
  <nd ref="2561305071"/>
  <nd ref="2561305073"/>
  <nd ref="2561305064"/>
  <nd ref="2561305069"/>
  <nd ref="2561305075"/>
  <nd ref="2561305080"/>
  <nd ref="2561305044"/>
  <nd ref="2561305041"/>
  <nd ref="2561305037"/>
  <nd ref="2561305020"/>
  <nd ref="2561305024"/>
  <nd ref="2561305010"/>
  <nd ref="2561305007"/>
  <nd ref="2561305009"/>
  <nd ref="2561305008"/>
  <nd ref="2561305004"/>
  <nd ref="2561304999"/>
  <nd ref="2561305006"/>
  <nd ref="2561305002"/>
  <nd ref="2561304998"/>
  <nd ref="2561304988"/>
  <nd ref="2561304994"/>
  <nd ref="2561304989"/>
  <nd ref="2561304986"/>
  <nd ref="2561304984"/>
  <nd ref="2561304987"/>
  <nd ref="2561304985"/>
  <nd ref="2561304983"/>
  <nd ref="2561304982"/>
  <nd ref="2561305000"/>
  <nd ref="2561305005"/>
  <nd ref="2561305015"/>
  <nd ref="2561305014"/>
  <nd ref="2561305033"/>
  <nd ref="2561305042"/>
  <nd ref="2561305029"/>
  <nd ref="2561305031"/>
  <nd ref="2561305045"/>
  <nd ref="2561305051"/>
  <nd ref="2561305038"/>
  <nd ref="2561305052"/>
  <nd ref="2561305079"/>
  <nd ref="2561305082"/>
  <nd ref="2561305053"/>
  <tag k="addr:housenumber" v="340"/>
  <tag k="addr:postcode" v="11207"/>
  <tag k="addr:street" v="Miller Avenue"/>
  <tag k="building" v="yes"/>
  <tag k="height" v="12.9"/>
  <tag k="nycdoitt:bin" v="3327011"/>
 </way>
 <way id="249546462" visible="true" version="1" changeset="19233941" timestamp="2013-12-02T14:11:49Z" user="ingalls_nycbuildings" uid="1812841">
  <nd ref="2561304883"/>
  <nd ref="2561304916"/>
  <nd ref="2561304924"/>
  <nd ref="2561304888"/>
  <nd ref="2561304883"/>
  <tag k="addr:housenumber" v="345"/>
  <tag k="addr:postcode" v="11207"/>
  <tag k="addr:street" v="Miller Avenue"/>
  <tag k="building" v="yes"/>
  <tag k="height" v="10.1"/>
  <tag k="nycdoitt:bin" v="3393515"/>
 </way>
 <way id="249546463" visible="true" version="2" changeset="20278009" timestamp="2014-01-30T06:51:50Z" user="ingalls" uid="305985">
  <nd ref="2561304808"/>
  <nd ref="2561304821"/>
  <nd ref="2561304846"/>
  <nd ref="2561304871"/>
  <nd ref="2561304891"/>
  <nd ref="2561304895"/>
  <nd ref="2561304824"/>
  <nd ref="2561304813"/>
  <nd ref="2561304808"/>
  <tag k="building" v="yes"/>
  <tag k="height" v="8.0"/>
  <tag k="nycdoitt:bin" v="3343373"/>
 </way>
 <way id="249546464" visible="true" version="1" changeset="19233941" timestamp="2013-12-02T14:11:49Z" user="ingalls_nycbuildings" uid="1812841">
  <nd ref="2561304843"/>
  <nd ref="2561304883"/>
  <nd ref="2561304888"/>
  <nd ref="2561304854"/>
  <nd ref="2561304843"/>
  <tag k="addr:housenumber" v="347"/>
  <tag k="addr:postcode" v="11207"/>
  <tag k="addr:street" v="Miller Avenue"/>
  <tag k="building" v="yes"/>
  <tag k="height" v="10.1"/>
  <tag k="nycdoitt:bin" v="3393504"/>
 </way>
 <way id="249546465" visible="true" version="1" changeset="19233941" timestamp="2013-12-02T14:11:49Z" user="ingalls_nycbuildings" uid="1812841">
  <nd ref="2561304757"/>
  <nd ref="2561304789"/>
  <nd ref="2561304808"/>
  <nd ref="2561304813"/>
  <nd ref="2561304774"/>
  <nd ref="2561304757"/>
  <tag k="addr:housenumber" v="354"/>
  <tag k="addr:postcode" v="11207"/>
  <tag k="addr:street" v="Miller Avenue"/>
  <tag k="building" v="yes"/>
  <tag k="height" v="10.8"/>
  <tag k="nycdoitt:bin" v="3083988"/>
 </way>
 <way id="249546510" visible="true" version="1" changeset="19233941" timestamp="2013-12-02T14:11:54Z" user="ingalls_nycbuildings" uid="1812841">
  <nd ref="2561305349"/>
  <nd ref="2561305369"/>
  <nd ref="2561305373"/>
  <nd ref="2561305351"/>
  <nd ref="2561305349"/>
  <tag k="addr:housenumber" v="488"/>
  <tag k="addr:postcode" v="11207"/>
  <tag k="addr:street" v="Glenmore Avenue"/>
  <tag k="building" v="yes"/>
  <tag k="height" v="7.7"/>
  <tag k="nycdoitt:bin" v="3083881"/>
 </way>
 <way id="249546521" visible="true" version="1" changeset="19233941" timestamp="2013-12-02T14:11:55Z" user="ingalls_nycbuildings" uid="1812841">
  <nd ref="2561305381"/>
  <nd ref="2561305382"/>
  <nd ref="2561305372"/>
  <nd ref="2561305370"/>
  <nd ref="2561305366"/>
  <nd ref="2561305364"/>
  <nd ref="2561305378"/>
  <nd ref="2561305381"/>
  <tag k="addr:housenumber" v="514"/>
  <tag k="addr:postcode" v="11207"/>
  <tag k="addr:street" v="Glenmore Avenue"/>
  <tag k="building" v="yes"/>
  <tag k="height" v="7.5"/>
  <tag k="nycdoitt:bin" v="3088775"/>
 </way>
 <way id="249546522" visible="true" version="2" changeset="20278009" timestamp="2014-01-30T06:46:19Z" user="ingalls" uid="305985">
  <nd ref="2561305361"/>
  <nd ref="2561305376"/>
  <nd ref="2561305379"/>
  <nd ref="2561305362"/>
  <nd ref="2561305361"/>
  <tag k="building" v="yes"/>
  <tag k="height" v="7.4"/>
  <tag k="nycdoitt:bin" v="3390940"/>
 </way>
 <way id="249546523" visible="true" version="1" changeset="19233941" timestamp="2013-12-02T14:11:55Z" user="ingalls_nycbuildings" uid="1812841">
  <nd ref="2561305379"/>
  <nd ref="2561305380"/>
  <nd ref="2561305363"/>
  <nd ref="2561305362"/>
  <nd ref="2561305379"/>
  <tag k="addr:housenumber" v="520"/>
  <tag k="addr:postcode" v="11207"/>
  <tag k="addr:street" v="Glenmore Avenue"/>
  <tag k="building" v="yes"/>
  <tag k="height" v="7.4"/>
  <tag k="nycdoitt:bin" v="3390495"/>
 </way>
 <way id="249546525" visible="true" version="1" changeset="19233941" timestamp="2013-12-02T14:11:55Z" user="ingalls_nycbuildings" uid="1812841">
  <nd ref="2561305374"/>
  <nd ref="2561305383"/>
  <nd ref="2561305384"/>
  <nd ref="2561305375"/>
  <nd ref="2561305374"/>
  <tag k="addr:housenumber" v="522"/>
  <tag k="addr:postcode" v="11207"/>
  <tag k="addr:street" v="Glenmore Avenue"/>
  <tag k="building" v="yes"/>
  <tag k="height" v="6.4"/>
  <tag k="nycdoitt:bin" v="3088776"/>
 </way>
 <way id="249546539" visible="true" version="1" changeset="19233941" timestamp="2013-12-02T14:11:56Z" user="ingalls_nycbuildings" uid="1812841">
  <nd ref="2561305358"/>
  <nd ref="2561305368"/>
  <nd ref="2561305371"/>
  <nd ref="2561305360"/>
  <nd ref="2561305358"/>
  <tag k="building" v="yes"/>
  <tag k="height" v="4.6"/>
  <tag k="nycdoitt:bin" v="3401757"/>
 </way>
 <way id="249546549" visible="true" version="2" changeset="20450186" timestamp="2014-02-08T17:11:01Z" user="ingalls" uid="305985">
  <nd ref="2561304723"/>
  <nd ref="2561304831"/>
  <nd ref="2561304093"/>
  <nd ref="2561304733"/>
  <nd ref="2561304723"/>
  <tag k="addr:housenumber" v="2154"/>
  <tag k="addr:postcode" v="11207"/>
  <tag k="addr:street" v="Pitkin Avenue"/>
  <tag k="building" v="yes"/>
  <tag k="height" v="11.7"/>
  <tag k="nycdoitt:bin" v="3083943"/>
 </way>
 <way id="249546551" visible="true" version="1" changeset="19233941" timestamp="2013-12-02T14:11:57Z" user="ingalls_nycbuildings" uid="1812841">
  <nd ref="2561304807"/>
  <nd ref="2561304837"/>
  <nd ref="2561304846"/>
  <nd ref="2561304821"/>
  <nd ref="2561304807"/>
  <tag k="building" v="yes"/>
  <tag k="height" v="3.3"/>
  <tag k="nycdoitt:bin" v="3380337"/>
 </way>
 <way id="249546553" visible="true" version="1" changeset="19233941" timestamp="2013-12-02T14:11:57Z" user="ingalls_nycbuildings" uid="1812841">
  <nd ref="2561304879"/>
  <nd ref="2561304884"/>
  <nd ref="2561304798"/>
  <nd ref="2561304786"/>
  <nd ref="2561304879"/>
  <tag k="building" v="yes"/>
  <tag k="height" v="11.4"/>
  <tag k="nycdoitt:bin" v="3328021"/>
 </way>
 <way id="249546572" visible="true" version="1" changeset="19233941" timestamp="2013-12-02T14:11:58Z" user="ingalls_nycbuildings" uid="1812841">
  <nd ref="2561304891"/>
  <nd ref="2561304938"/>
  <nd ref="2561304941"/>
  <nd ref="2561304895"/>
  <nd ref="2561304891"/>
  <tag k="building" v="yes"/>
  <tag k="height" v="7.7"/>
  <tag k="nycdoitt:bin" v="3083987"/>
 </way>
 <way id="249546573" visible="true" version="1" changeset="19233941" timestamp="2013-12-02T14:11:58Z" user="ingalls_nycbuildings" uid="1812841">
  <nd ref="2561304878"/>
  <nd ref="2561304904"/>
  <nd ref="2561304909"/>
  <nd ref="2561304885"/>
  <nd ref="2561304878"/>
  <tag k="building" v="yes"/>
  <tag k="height" v="3.1"/>
  <tag k="nycdoitt:bin" v="3401811"/>
 </way>
 <way id="249546574" visible="true" version="1" changeset="19233941" timestamp="2013-12-02T14:11:58Z" user="ingalls_nycbuildings" uid="1812841">
  <nd ref="2561304839"/>
  <nd ref="2561304903"/>
  <nd ref="2561304912"/>
  <nd ref="2561304856"/>
  <nd ref="2561304839"/>
  <tag k="building" v="yes"/>
  <tag k="height" v="7.4"/>
  <tag k="nycdoitt:bin" v="3083983"/>
 </way>
 <way id="249546577" visible="true" version="1" changeset="19233941" timestamp="2013-12-02T14:11:58Z" user="ingalls_nycbuildings" uid="1812841">
  <nd ref="2561304916"/>
  <nd ref="2561304956"/>
  <nd ref="2561304962"/>
  <nd ref="2561304928"/>
  <nd ref="2561304924"/>
  <nd ref="2561304916"/>
  <tag k="building" v="yes"/>
  <tag k="height" v="10.9"/>
  <tag k="nycdoitt:bin" v="3393505"/>
 </way>
 <way id="249546578" visible="true" version="1" changeset="19233941" timestamp="2013-12-02T14:11:58Z" user="ingalls_nycbuildings" uid="1812841">
  <nd ref="2561304906"/>
  <nd ref="2561304917"/>
  <nd ref="2561304970"/>
  <nd ref="2561304971"/>
  <nd ref="2561304910"/>
  <nd ref="2561304906"/>
  <tag k="building" v="yes"/>
  <tag k="height" v="17.3"/>
  <tag k="nycdoitt:bin" v="3401810"/>
 </way>
 <way id="249546582" visible="true" version="1" changeset="19233941" timestamp="2013-12-02T14:11:58Z" user="ingalls_nycbuildings" uid="1812841">
  <nd ref="2561304722"/>
  <nd ref="2561304712"/>
  <nd ref="2561304781"/>
  <nd ref="2561304786"/>
  <nd ref="2561304771"/>
  <nd ref="2561304722"/>
  <tag k="building" v="yes"/>
  <tag k="height" v="4.9"/>
  <tag k="nycdoitt:bin" v="3380335"/>
 </way>
 <way id="249546584" visible="true" version="1" changeset="19233941" timestamp="2013-12-02T14:11:59Z" user="ingalls_nycbuildings" uid="1812841">
  <nd ref="2561304752"/>
  <nd ref="2561304748"/>
  <nd ref="2561304742"/>
  <nd ref="2561304894"/>
  <nd ref="2561304896"/>
  <nd ref="2561304829"/>
  <nd ref="2561304752"/>
  <tag k="building" v="yes"/>
  <tag k="height" v="7.9"/>
  <tag k="nycdoitt:bin" v="3083980"/>
 </way>
 <way id="249546586" visible="true" version="1" changeset="19233941" timestamp="2013-12-02T14:11:59Z" user="ingalls_nycbuildings" uid="1812841">
  <nd ref="2561305314"/>
  <nd ref="2561305303"/>
  <nd ref="2561305301"/>
  <nd ref="2561305296"/>
  <nd ref="2561305297"/>
  <nd ref="2561305292"/>
  <nd ref="2561305291"/>
  <nd ref="2561305253"/>
  <nd ref="2561305251"/>
  <nd ref="2561305243"/>
  <nd ref="2561305244"/>
  <nd ref="2561305229"/>
  <nd ref="2561305228"/>
  <nd ref="2561305218"/>
  <nd ref="2561305219"/>
  <nd ref="2561305213"/>
  <nd ref="2561305217"/>
  <nd ref="2561305199"/>
  <nd ref="2561305195"/>
  <nd ref="2561305184"/>
  <nd ref="2561305185"/>
  <nd ref="2561305180"/>
  <nd ref="2561305179"/>
  <nd ref="2561305137"/>
  <nd ref="2561305135"/>
  <nd ref="2561305128"/>
  <nd ref="2561305130"/>
  <nd ref="2561305114"/>
  <nd ref="2561305112"/>
  <nd ref="2561305092"/>
  <nd ref="2561305094"/>
  <nd ref="2561305087"/>
  <nd ref="2561305072"/>
  <nd ref="2561305083"/>
  <nd ref="2561305081"/>
  <nd ref="2561305097"/>
  <nd ref="2561305099"/>
  <nd ref="2561305115"/>
  <nd ref="2561305113"/>
  <nd ref="2561305119"/>
  <nd ref="2561305121"/>
  <nd ref="2561305163"/>
  <nd ref="2561305162"/>
  <nd ref="2561305170"/>
  <nd ref="2561305171"/>
  <nd ref="2561305181"/>
  <nd ref="2561305177"/>
  <nd ref="2561305193"/>
  <nd ref="2561305201"/>
  <nd ref="2561305209"/>
  <nd ref="2561305207"/>
  <nd ref="2561305220"/>
  <nd ref="2561305221"/>
  <nd ref="2561305233"/>
  <nd ref="2561305230"/>
  <nd ref="2561305238"/>
  <nd ref="2561305240"/>
  <nd ref="2561305278"/>
  <nd ref="2561305277"/>
  <nd ref="2561305284"/>
  <nd ref="2561305285"/>
  <nd ref="2561305293"/>
  <nd ref="2561305290"/>
  <nd ref="2561305300"/>
  <nd ref="2561305308"/>
  <nd ref="2561305314"/>
  <tag k="building" v="yes"/>
  <tag k="height" v="13.0"/>
  <tag k="nycdoitt:bin" v="3328465"/>
 </way>
 <way id="249546587" visible="true" version="1" changeset="19233941" timestamp="2013-12-02T14:11:59Z" user="ingalls_nycbuildings" uid="1812841">
  <nd ref="2561305202"/>
  <nd ref="2561305203"/>
  <nd ref="2561305191"/>
  <nd ref="2561305190"/>
  <nd ref="2561305144"/>
  <nd ref="2561305145"/>
  <nd ref="2561305140"/>
  <nd ref="2561305139"/>
  <nd ref="2561305123"/>
  <nd ref="2561305125"/>
  <nd ref="2561305109"/>
  <nd ref="2561305108"/>
  <nd ref="2561305103"/>
  <nd ref="2561305106"/>
  <nd ref="2561305088"/>
  <nd ref="2561305085"/>
  <nd ref="2561305074"/>
  <nd ref="2561305076"/>
  <nd ref="2561305067"/>
  <nd ref="2561305060"/>
  <nd ref="2561305011"/>
  <nd ref="2561305012"/>
  <nd ref="2561305003"/>
  <nd ref="2561305001"/>
  <nd ref="2561304990"/>
  <nd ref="2561304992"/>
  <nd ref="2561304978"/>
  <nd ref="2561304977"/>
  <nd ref="2561304976"/>
  <nd ref="2561304973"/>
  <nd ref="2561304974"/>
  <nd ref="2561304975"/>
  <nd ref="2561304980"/>
  <nd ref="2561304979"/>
  <nd ref="2561304991"/>
  <nd ref="2561304993"/>
  <nd ref="2561304997"/>
  <nd ref="2561304996"/>
  <nd ref="2561305049"/>
  <nd ref="2561305047"/>
  <nd ref="2561305055"/>
  <nd ref="2561305056"/>
  <nd ref="2561305070"/>
  <nd ref="2561305062"/>
  <nd ref="2561305084"/>
  <nd ref="2561305086"/>
  <nd ref="2561305090"/>
  <nd ref="2561305093"/>
  <nd ref="2561305111"/>
  <nd ref="2561305110"/>
  <nd ref="2561305124"/>
  <nd ref="2561305127"/>
  <nd ref="2561305129"/>
  <nd ref="2561305138"/>
  <nd ref="2561305136"/>
  <nd ref="2561305176"/>
  <nd ref="2561305174"/>
  <nd ref="2561305182"/>
  <nd ref="2561305183"/>
  <nd ref="2561305194"/>
  <nd ref="2561305192"/>
  <nd ref="2561305212"/>
  <nd ref="2561305227"/>
  <nd ref="2561305216"/>
  <nd ref="2561305211"/>
  <nd ref="2561305205"/>
  <nd ref="2561305202"/>
  <tag k="building" v="yes"/>
  <tag k="height" v="12.7"/>
  <tag k="nycdoitt:bin" v="3327012"/>
 </way>
 <way id="249546591" visible="true" version="1" changeset="19233941" timestamp="2013-12-02T14:12:00Z" user="ingalls_nycbuildings" uid="1812841">
  <nd ref="2561305343"/>
  <nd ref="2561305365"/>
  <nd ref="2561305367"/>
  <nd ref="2561305359"/>
  <nd ref="2561305357"/>
  <nd ref="2561305356"/>
  <nd ref="2561305355"/>
  <nd ref="2561305345"/>
  <nd ref="2561305343"/>
  <tag k="building" v="yes"/>
  <tag k="height" v="11.7"/>
  <tag k="nycdoitt:bin" v="3083880"/>
 </way>
 <way id="249546592" visible="true" version="1" changeset="19233941" timestamp="2013-12-02T14:12:00Z" user="ingalls_nycbuildings" uid="1812841">
  <nd ref="2561304407"/>
  <nd ref="2561304425"/>
  <nd ref="2561304388"/>
  <nd ref="2561304398"/>
  <nd ref="2561304185"/>
  <nd ref="2561304183"/>
  <nd ref="2561304180"/>
  <nd ref="2561304178"/>
  <nd ref="2561304174"/>
  <nd ref="2561304166"/>
  <nd ref="2561304170"/>
  <nd ref="2561304169"/>
  <nd ref="2561304175"/>
  <nd ref="2561304172"/>
  <nd ref="2561304333"/>
  <nd ref="2561304342"/>
  <nd ref="2561304366"/>
  <nd ref="2561304371"/>
  <nd ref="2561304406"/>
  <nd ref="2561304389"/>
  <nd ref="2561304743"/>
  <nd ref="2561304815"/>
  <nd ref="2561304504"/>
  <nd ref="2561304476"/>
  <nd ref="2561304407"/>
 </way>
 <way id="250211804" visible="true" version="2" changeset="20278009" timestamp="2014-01-30T06:46:12Z" user="ingalls" uid="305985">
  <nd ref="2566965742"/>
  <nd ref="2566965822"/>
  <nd ref="2566965853"/>
  <nd ref="2566965772"/>
  <nd ref="2566965742"/>
  <tag k="building" v="yes"/>
  <tag k="height" v="6.3"/>
  <tag k="nycdoitt:bin" v="3388694"/>
 </way>
 <way id="250215391" visible="true" version="1" changeset="19296288" timestamp="2013-12-05T20:54:39Z" user="ediyes_nycbuildings" uid="1815736">
  <nd ref="2567002388"/>
  <nd ref="2567002400"/>
  <nd ref="2567002547"/>
  <nd ref="2567002498"/>
  <nd ref="2567002513"/>
  <nd ref="2567002758"/>
  <nd ref="2567002785"/>
  <nd ref="2567002359"/>
  <nd ref="2567002356"/>
  <nd ref="2567002388"/>
  <tag k="addr:housenumber" v="2145"/>
  <tag k="addr:postcode" v="11207"/>
  <tag k="addr:street" v="Pitkin Avenue"/>
  <tag k="building" v="yes"/>
  <tag k="height" v="10.3"/>
  <tag k="nycdoitt:bin" v="3083858"/>
 </way>
 <way id="250215393" visible="true" version="1" changeset="19296288" timestamp="2013-12-05T20:54:39Z" user="ediyes_nycbuildings" uid="1815736">
  <nd ref="2567002442"/>
  <nd ref="2567002458"/>
  <nd ref="2567002365"/>
  <nd ref="2567002362"/>
  <nd ref="2567002556"/>
  <nd ref="2567002563"/>
  <nd ref="2567002442"/>
  <tag k="addr:housenumber" v="2149"/>
  <tag k="addr:postcode" v="11207"/>
  <tag k="addr:street" v="Pitkin Avenue"/>
  <tag k="building" v="yes"/>
  <tag k="height" v="7.9"/>
  <tag k="nycdoitt:bin" v="3083857"/>
 </way>
 <way id="250215395" visible="true" version="1" changeset="19296288" timestamp="2013-12-05T20:54:39Z" user="ediyes_nycbuildings" uid="1815736">
  <nd ref="2567002805"/>
  <nd ref="2567002808"/>
  <nd ref="2567002789"/>
  <nd ref="2567002787"/>
  <nd ref="2567002641"/>
  <nd ref="2567002652"/>
  <nd ref="2567002596"/>
  <nd ref="2567002585"/>
  <nd ref="2567002524"/>
  <nd ref="2567002532"/>
  <nd ref="2567002423"/>
  <nd ref="2567002415"/>
  <nd ref="2567002396"/>
  <nd ref="2567002374"/>
  <nd ref="2567002381"/>
  <nd ref="2567002385"/>
  <nd ref="2567002436"/>
  <nd ref="2567002432"/>
  <nd ref="2567002528"/>
  <nd ref="2567002536"/>
  <nd ref="2567002561"/>
  <nd ref="2567002557"/>
  <nd ref="2567002754"/>
  <nd ref="2567002750"/>
  <nd ref="2567002766"/>
  <nd ref="2567002770"/>
  <nd ref="2567002776"/>
  <nd ref="2567002797"/>
  <nd ref="2567002783"/>
  <nd ref="2567002834"/>
  <nd ref="2567002893"/>
  <nd ref="2567002864"/>
  <nd ref="2567002837"/>
  <nd ref="2567002805"/>
  <tag k="addr:housenumber" v="2155"/>
  <tag k="addr:postcode" v="11207"/>
  <tag k="addr:street" v="Pitkin Avenue"/>
  <tag k="building" v="yes"/>
  <tag k="height" v="12.1"/>
  <tag k="nycdoitt:bin" v="3336980"/>
 </way>
 <way id="250215398" visible="true" version="2" changeset="20278009" timestamp="2014-01-30T06:48:14Z" user="ingalls" uid="305985">
  <nd ref="2567004053"/>
  <nd ref="2567004267"/>
  <nd ref="2567004283"/>
  <nd ref="2567004056"/>
  <nd ref="2567004053"/>
  <tag k="building" v="yes"/>
  <tag k="height" v="7.7"/>
  <tag k="nycdoitt:bin" v="3389377"/>
 </way>
 <way id="250215407" visible="true" version="1" changeset="19296288" timestamp="2013-12-05T20:54:40Z" user="ediyes_nycbuildings" uid="1815736">
  <nd ref="2567003768"/>
  <nd ref="2567003677"/>
  <nd ref="2567003666"/>
  <nd ref="2567003764"/>
  <nd ref="2567003768"/>
  <tag k="addr:housenumber" v="229"/>
  <tag k="addr:postcode" v="11207"/>
  <tag k="addr:street" v="Wyona Street"/>
  <tag k="building" v="yes"/>
  <tag k="height" v="7.4"/>
  <tag k="nycdoitt:bin" v="3389506"/>
 </way>
 <way id="250215413" visible="true" version="1" changeset="19296288" timestamp="2013-12-05T20:54:40Z" user="ediyes_nycbuildings" uid="1815736">
  <nd ref="2567003531"/>
  <nd ref="2567003609"/>
  <nd ref="2567003638"/>
  <nd ref="2567003583"/>
  <nd ref="2567003572"/>
  <nd ref="2567003531"/>
  <tag k="addr:housenumber" v="233"/>
  <tag k="addr:postcode" v="11207"/>
  <tag k="addr:street" v="Wyona Street"/>
  <tag k="building" v="yes"/>
  <tag k="height" v="8.4"/>
  <tag k="nycdoitt:bin" v="3392682"/>
 </way>
 <way id="250215426" visible="true" version="1" changeset="19296288" timestamp="2013-12-05T20:54:41Z" user="ediyes_nycbuildings" uid="1815736">
  <nd ref="2567003741"/>
  <nd ref="2567003725"/>
  <nd ref="2567003745"/>
  <nd ref="2567003743"/>
  <nd ref="2567003778"/>
  <nd ref="2567003780"/>
  <nd ref="2567003795"/>
  <nd ref="2567003754"/>
  <nd ref="2567003741"/>
  <tag k="addr:housenumber" v="238"/>
  <tag k="addr:postcode" v="11207"/>
  <tag k="addr:street" v="Bradford Street"/>
  <tag k="building" v="yes"/>
  <tag k="height" v="4.0"/>
  <tag k="nycdoitt:bin" v="3319605"/>
 </way>
 <way id="250215441" visible="true" version="1" changeset="19296288" timestamp="2013-12-05T20:54:42Z" user="ediyes_nycbuildings" uid="1815736">
  <nd ref="2567003662"/>
  <nd ref="2567003654"/>
  <nd ref="2567003672"/>
  <nd ref="2567003664"/>
  <nd ref="2567003707"/>
  <nd ref="2567003723"/>
  <nd ref="2567003727"/>
  <nd ref="2567003721"/>
  <nd ref="2567003719"/>
  <nd ref="2567003681"/>
  <nd ref="2567003673"/>
  <nd ref="2567003662"/>
  <tag k="addr:housenumber" v="240"/>
  <tag k="addr:postcode" v="11207"/>
  <tag k="addr:street" v="Bradford Street"/>
  <tag k="building" v="yes"/>
  <tag k="height" v="8.4"/>
  <tag k="nycdoitt:bin" v="3326959"/>
 </way>
 <way id="250215445" visible="true" version="1" changeset="19296288" timestamp="2013-12-05T20:54:42Z" user="ediyes_nycbuildings" uid="1815736">
  <nd ref="2567003419"/>
  <nd ref="2567003526"/>
  <nd ref="2567003531"/>
  <nd ref="2567003572"/>
  <nd ref="2567003560"/>
  <nd ref="2567003574"/>
  <nd ref="2567003464"/>
  <nd ref="2567003440"/>
  <nd ref="2567003419"/>
  <tag k="addr:housenumber" v="241"/>
  <tag k="addr:postcode" v="11207"/>
  <tag k="addr:street" v="Wyona Street"/>
  <tag k="building" v="yes"/>
  <tag k="height" v="7.5"/>
  <tag k="nycdoitt:bin" v="3083867"/>
 </way>
 <way id="250215452" visible="true" version="1" changeset="19296288" timestamp="2013-12-05T20:54:42Z" user="ediyes_nycbuildings" uid="1815736">
  <nd ref="2567003440"/>
  <nd ref="2567003391"/>
  <nd ref="2567003396"/>
  <nd ref="2567003328"/>
  <nd ref="2567003309"/>
  <nd ref="2567003314"/>
  <nd ref="2567003320"/>
  <nd ref="2567003334"/>
  <nd ref="2567003346"/>
  <nd ref="2567003343"/>
  <nd ref="2567003419"/>
  <nd ref="2567003440"/>
  <tag k="addr:housenumber" v="243"/>
  <tag k="addr:postcode" v="11207"/>
  <tag k="addr:street" v="Wyona Street"/>
  <tag k="building" v="yes"/>
  <tag k="height" v="7.4"/>
  <tag k="nycdoitt:bin" v="3083866"/>
 </way>
 <way id="250215455" visible="true" version="1" changeset="19296288" timestamp="2013-12-05T20:54:43Z" user="ediyes_nycbuildings" uid="1815736">
  <nd ref="2567003496"/>
  <nd ref="2567003529"/>
  <nd ref="2567003546"/>
  <nd ref="2567003552"/>
  <nd ref="2567003537"/>
  <nd ref="2567003543"/>
  <nd ref="2567003589"/>
  <nd ref="2567003606"/>
  <nd ref="2567003598"/>
  <nd ref="2567003603"/>
  <nd ref="2567003520"/>
  <nd ref="2567003510"/>
  <nd ref="2567003499"/>
  <nd ref="2567003467"/>
  <nd ref="2567003438"/>
  <nd ref="2567003496"/>
  <tag k="addr:housenumber" v="246"/>
  <tag k="addr:postcode" v="11207"/>
  <tag k="addr:street" v="Bradford Street"/>
  <tag k="building" v="yes"/>
  <tag k="height" v="9.4"/>
  <tag k="nycdoitt:bin" v="3083872"/>
 </way>
 <way id="250215462" visible="true" version="1" changeset="19296288" timestamp="2013-12-05T20:54:43Z" user="ediyes_nycbuildings" uid="1815736">
  <nd ref="2567003212"/>
  <nd ref="2567003279"/>
  <nd ref="2567003305"/>
  <nd ref="2567003249"/>
  <nd ref="2567003240"/>
  <nd ref="2567003212"/>
  <tag k="addr:housenumber" v="247"/>
  <tag k="addr:postcode" v="11207"/>
  <tag k="addr:street" v="Wyona Street"/>
  <tag k="building" v="yes"/>
  <tag k="height" v="8.1"/>
  <tag k="nycdoitt:bin" v="3326958"/>
 </way>
 <way id="250215464" visible="true" version="1" changeset="19296288" timestamp="2013-12-05T20:54:43Z" user="ediyes_nycbuildings" uid="1815736">
  <nd ref="2567003133"/>
  <nd ref="2567003226"/>
  <nd ref="2567003259"/>
  <nd ref="2567003173"/>
  <nd ref="2567003133"/>
  <tag k="addr:housenumber" v="248"/>
  <tag k="addr:postcode" v="11207"/>
  <tag k="addr:street" v="Wyona Street"/>
  <tag k="building" v="yes"/>
  <tag k="height" v="8.6"/>
  <tag k="nycdoitt:bin" v="3083855"/>
 </way>
 <way id="250215466" visible="true" version="1" changeset="19296288" timestamp="2013-12-05T20:54:43Z" user="ediyes_nycbuildings" uid="1815736">
  <nd ref="2567003102"/>
  <nd ref="2567003109"/>
  <nd ref="2567003120"/>
  <nd ref="2567003143"/>
  <nd ref="2567003155"/>
  <nd ref="2567003181"/>
  <nd ref="2567003238"/>
  <nd ref="2567003141"/>
  <nd ref="2567003102"/>
  <tag k="addr:housenumber" v="249"/>
  <tag k="addr:postcode" v="11207"/>
  <tag k="addr:street" v="Wyona Street"/>
  <tag k="building" v="yes"/>
  <tag k="height" v="8.1"/>
  <tag k="nycdoitt:bin" v="3083865"/>
 </way>
 <way id="250215468" visible="true" version="1" changeset="19296288" timestamp="2013-12-05T20:54:43Z" user="ediyes_nycbuildings" uid="1815736">
  <nd ref="2567003467"/>
  <nd ref="2567003431"/>
  <nd ref="2567003436"/>
  <nd ref="2567003461"/>
  <nd ref="2567003487"/>
  <nd ref="2567003413"/>
  <nd ref="2567003355"/>
  <nd ref="2567003381"/>
  <nd ref="2567003372"/>
  <nd ref="2567003428"/>
  <nd ref="2567003438"/>
  <nd ref="2567003467"/>
  <tag k="addr:housenumber" v="250"/>
  <tag k="addr:postcode" v="11207"/>
  <tag k="addr:street" v="Bradford Street"/>
  <tag k="building" v="yes"/>
  <tag k="height" v="8.4"/>
  <tag k="nycdoitt:bin" v="3083873"/>
 </way>
 <way id="250215472" visible="true" version="2" changeset="20278009" timestamp="2014-01-30T06:48:45Z" user="ingalls" uid="305985">
  <nd ref="2567002901"/>
  <nd ref="2567002969"/>
  <nd ref="2567003002"/>
  <nd ref="2567002947"/>
  <nd ref="2567002930"/>
  <nd ref="2567002901"/>
  <tag k="building" v="yes"/>
  <tag k="height" v="8.3"/>
  <tag k="nycdoitt:bin" v="3390851"/>
 </way>
 <way id="250215474" visible="true" version="1" changeset="19296288" timestamp="2013-12-05T20:54:44Z" user="ediyes_nycbuildings" uid="1815736">
  <nd ref="2567003318"/>
  <nd ref="2567003378"/>
  <nd ref="2567003408"/>
  <nd ref="2567003337"/>
  <nd ref="2567003318"/>
  <tag k="addr:housenumber" v="252"/>
  <tag k="addr:postcode" v="11207"/>
  <tag k="addr:street" v="Bradford Street"/>
  <tag k="building" v="yes"/>
  <tag k="height" v="6.8"/>
  <tag k="nycdoitt:bin" v="3083874"/>
 </way>
 <way id="250215476" visible="true" version="1" changeset="19296288" timestamp="2013-12-05T20:54:44Z" user="ediyes_nycbuildings" uid="1815736">
  <nd ref="2567002995"/>
  <nd ref="2567003080"/>
  <nd ref="2567003113"/>
  <nd ref="2567003055"/>
  <nd ref="2567003008"/>
  <nd ref="2567002995"/>
  <tag k="addr:housenumber" v="253"/>
  <tag k="addr:postcode" v="11207"/>
  <tag k="addr:street" v="Wyona Street"/>
  <tag k="building" v="yes"/>
  <tag k="height" v="10.1"/>
  <tag k="nycdoitt:bin" v="3393339"/>
 </way>
 <way id="250215478" visible="true" version="1" changeset="19296288" timestamp="2013-12-05T20:54:44Z" user="ediyes_nycbuildings" uid="1815736">
  <nd ref="2567003008"/>
  <nd ref="2567002981"/>
  <nd ref="2567002986"/>
  <nd ref="2567002942"/>
  <nd ref="2567002916"/>
  <nd ref="2567002983"/>
  <nd ref="2567002995"/>
  <nd ref="2567003008"/>
  <tag k="addr:housenumber" v="255"/>
  <tag k="addr:postcode" v="11207"/>
  <tag k="addr:street" v="Wyona Street"/>
  <tag k="building" v="yes"/>
  <tag k="height" v="9.5"/>
  <tag k="nycdoitt:bin" v="3083864"/>
 </way>
 <way id="250215480" visible="true" version="1" changeset="19296288" timestamp="2013-12-05T20:54:44Z" user="ediyes_nycbuildings" uid="1815736">
  <nd ref="2567003253"/>
  <nd ref="2567003230"/>
  <nd ref="2567003269"/>
  <nd ref="2567003261"/>
  <nd ref="2567003245"/>
  <nd ref="2567003224"/>
  <nd ref="2567003271"/>
  <nd ref="2567003316"/>
  <nd ref="2567003253"/>
  <tag k="addr:housenumber" v="256"/>
  <tag k="addr:postcode" v="11207"/>
  <tag k="addr:street" v="Bradford Street"/>
  <tag k="building" v="yes"/>
  <tag k="height" v="8.2"/>
  <tag k="nycdoitt:bin" v="3083875"/>
 </way>
 <way id="250215482" visible="true" version="1" changeset="19296288" timestamp="2013-12-05T20:54:44Z" user="ediyes_nycbuildings" uid="1815736">
  <nd ref="2567002951"/>
  <nd ref="2567002872"/>
  <nd ref="2567002829"/>
  <nd ref="2567002930"/>
  <nd ref="2567002947"/>
  <nd ref="2567002951"/>
  <tag k="addr:housenumber" v="256"/>
  <tag k="addr:postcode" v="11207"/>
  <tag k="addr:street" v="Wyona Street"/>
  <tag k="building" v="yes"/>
  <tag k="height" v="7.3"/>
  <tag k="nycdoitt:bin" v="3083856"/>
 </way>
 <way id="250215484" visible="true" version="2" changeset="20278009" timestamp="2014-01-30T06:47:55Z" user="ingalls" uid="305985">
  <nd ref="2567002553"/>
  <nd ref="2567002780"/>
  <nd ref="2567002795"/>
  <nd ref="2567002572"/>
  <nd ref="2567002553"/>
  <tag k="building" v="yes"/>
  <tag k="height" v="8.5"/>
  <tag k="nycdoitt:bin" v="3389389"/>
 </way>
 <way id="250215486" visible="true" version="1" changeset="19296288" timestamp="2013-12-05T20:54:44Z" user="ediyes_nycbuildings" uid="1815736">
  <nd ref="2567003123"/>
  <nd ref="2567003210"/>
  <nd ref="2567003248"/>
  <nd ref="2567003147"/>
  <nd ref="2567003145"/>
  <nd ref="2567003123"/>
  <tag k="addr:housenumber" v="258"/>
  <tag k="addr:postcode" v="11207"/>
  <tag k="addr:street" v="Bradford Street"/>
  <tag k="building" v="yes"/>
  <tag k="height" v="7.6"/>
  <tag k="nycdoitt:bin" v="3326961"/>
 </way>
 <way id="250215495" visible="true" version="2" changeset="20278009" timestamp="2014-01-30T06:47:30Z" user="ingalls" uid="305985">
  <nd ref="2567002572"/>
  <nd ref="2567002371"/>
  <nd ref="2567002368"/>
  <nd ref="2567002553"/>
  <nd ref="2567002572"/>
  <tag k="building" v="yes"/>
  <tag k="height" v="8.5"/>
  <tag k="nycdoitt:bin" v="3389388"/>
 </way>
 <way id="250215599" visible="true" version="1" changeset="19296288" timestamp="2013-12-05T20:54:50Z" user="ediyes_nycbuildings" uid="1815736">
  <nd ref="2567003956"/>
  <nd ref="2567003991"/>
  <nd ref="2567003994"/>
  <nd ref="2567004070"/>
  <nd ref="2567004090"/>
  <nd ref="2567003980"/>
  <nd ref="2567003956"/>
  <tag k="addr:housenumber" v="463"/>
  <tag k="addr:postcode" v="11207"/>
  <tag k="addr:street" v="Glenmore Avenue"/>
  <tag k="building" v="yes"/>
  <tag k="height" v="7.6"/>
  <tag k="nycdoitt:bin" v="3389379"/>
 </way>
 <way id="250215601" visible="true" version="1" changeset="19296288" timestamp="2013-12-05T20:54:50Z" user="ediyes_nycbuildings" uid="1815736">
  <nd ref="2567004090"/>
  <nd ref="2567004102"/>
  <nd ref="2567004026"/>
  <nd ref="2567004034"/>
  <nd ref="2567003988"/>
  <nd ref="2567003980"/>
  <nd ref="2567004090"/>
  <tag k="addr:housenumber" v="465"/>
  <tag k="addr:postcode" v="11207"/>
  <tag k="addr:street" v="Glenmore Avenue"/>
  <tag k="building" v="yes"/>
  <tag k="height" v="7.6"/>
  <tag k="nycdoitt:bin" v="3389378"/>
 </way>
 <way id="250215603" visible="true" version="1" changeset="19296288" timestamp="2013-12-05T20:54:51Z" user="ediyes_nycbuildings" uid="1815736">
  <nd ref="2567003762"/>
  <nd ref="2567003760"/>
  <nd ref="2567003789"/>
  <nd ref="2567003784"/>
  <nd ref="2567003848"/>
  <nd ref="2567003861"/>
  <nd ref="2567003799"/>
  <nd ref="2567003797"/>
  <nd ref="2567003762"/>
  <tag k="addr:housenumber" v="468"/>
  <tag k="addr:postcode" v="11207"/>
  <tag k="addr:street" v="Glenmore Avenue"/>
  <tag k="building" v="yes"/>
  <tag k="height" v="9.3"/>
  <tag k="nycdoitt:bin" v="3083868"/>
 </way>
 <way id="250215605" visible="true" version="1" changeset="19296288" timestamp="2013-12-05T20:54:51Z" user="ediyes_nycbuildings" uid="1815736">
  <nd ref="2567003962"/>
  <nd ref="2567004096"/>
  <nd ref="2567004116"/>
  <nd ref="2567003977"/>
  <nd ref="2567003965"/>
  <nd ref="2567003962"/>
  <tag k="addr:housenumber" v="471"/>
  <tag k="addr:postcode" v="11207"/>
  <tag k="addr:street" v="Glenmore Avenue"/>
  <tag k="building" v="yes"/>
  <tag k="height" v="6.4"/>
  <tag k="nycdoitt:bin" v="3083719"/>
 </way>
 <way id="250215607" visible="true" version="1" changeset="19296288" timestamp="2013-12-05T20:54:51Z" user="ediyes_nycbuildings" uid="1815736">
  <nd ref="2567003776"/>
  <nd ref="2567003772"/>
  <nd ref="2567003810"/>
  <nd ref="2567003805"/>
  <nd ref="2567003875"/>
  <nd ref="2567003878"/>
  <nd ref="2567003776"/>
  <tag k="addr:housenumber" v="472"/>
  <tag k="addr:postcode" v="11207"/>
  <tag k="addr:street" v="Glenmore Avenue"/>
  <tag k="building" v="yes"/>
  <tag k="height" v="8.1"/>
  <tag k="nycdoitt:bin" v="3083869"/>
 </way>
 <way id="250215609" visible="true" version="1" changeset="19296288" timestamp="2013-12-05T20:54:51Z" user="ediyes_nycbuildings" uid="1815736">
  <nd ref="2567003756"/>
  <nd ref="2567003752"/>
  <nd ref="2567003835"/>
  <nd ref="2567003842"/>
  <nd ref="2567003828"/>
  <nd ref="2567003756"/>
  <tag k="addr:housenumber" v="474"/>
  <tag k="addr:postcode" v="11207"/>
  <tag k="addr:street" v="Glenmore Avenue"/>
  <tag k="building" v="yes"/>
  <tag k="height" v="9.0"/>
  <tag k="nycdoitt:bin" v="3083870"/>
 </way>
 <way id="250215611" visible="true" version="1" changeset="19296288" timestamp="2013-12-05T20:54:51Z" user="ediyes_nycbuildings" uid="1815736">
  <nd ref="2567004000"/>
  <nd ref="2567004130"/>
  <nd ref="2567004155"/>
  <nd ref="2567004016"/>
  <nd ref="2567004000"/>
  <tag k="addr:housenumber" v="475"/>
  <tag k="addr:postcode" v="11207"/>
  <tag k="addr:street" v="Glenmore Avenue"/>
  <tag k="building" v="yes"/>
  <tag k="height" v="8.2"/>
  <tag k="nycdoitt:bin" v="3083718"/>
 </way>
 <way id="250215613" visible="true" version="1" changeset="19296288" timestamp="2013-12-05T20:54:51Z" user="ediyes_nycbuildings" uid="1815736">
  <nd ref="2567003887"/>
  <nd ref="2567003898"/>
  <nd ref="2567003832"/>
  <nd ref="2567003828"/>
  <nd ref="2567003842"/>
  <nd ref="2567003887"/>
  <tag k="addr:housenumber" v="478"/>
  <tag k="addr:postcode" v="11207"/>
  <tag k="addr:street" v="Glenmore Avenue"/>
  <tag k="building" v="yes"/>
  <tag k="height" v="7.0"/>
  <tag k="nycdoitt:bin" v="3083871"/>
 </way>
 <way id="250215635" visible="true" version="1" changeset="19296288" timestamp="2013-12-05T20:54:52Z" user="ediyes_nycbuildings" uid="1815736">
  <nd ref="2567003764"/>
  <nd ref="2567003824"/>
  <nd ref="2567003830"/>
  <nd ref="2567003768"/>
  <nd ref="2567003764"/>
  <tag k="building" v="yes"/>
  <tag k="height" v="7.9"/>
  <tag k="nycdoitt:bin" v="3389507"/>
 </way>
 <way id="250215643" visible="true" version="1" changeset="19296288" timestamp="2013-12-05T20:54:53Z" user="ediyes_nycbuildings" uid="1815736">
  <nd ref="2567002774"/>
  <nd ref="2567002781"/>
  <nd ref="2567002803"/>
  <nd ref="2567002806"/>
  <nd ref="2567002793"/>
  <nd ref="2567002801"/>
  <nd ref="2567002810"/>
  <nd ref="2567002821"/>
  <nd ref="2567002749"/>
  <nd ref="2567002743"/>
  <nd ref="2567002696"/>
  <nd ref="2567002700"/>
  <nd ref="2567002644"/>
  <nd ref="2567002615"/>
  <nd ref="2567002634"/>
  <nd ref="2567002626"/>
  <nd ref="2567002600"/>
  <nd ref="2567002581"/>
  <nd ref="2567002607"/>
  <nd ref="2567002592"/>
  <nd ref="2567002569"/>
  <nd ref="2567002520"/>
  <nd ref="2567002543"/>
  <nd ref="2567002539"/>
  <nd ref="2567002502"/>
  <nd ref="2567002470"/>
  <nd ref="2567002509"/>
  <nd ref="2567002494"/>
  <nd ref="2567002462"/>
  <nd ref="2567002447"/>
  <nd ref="2567002589"/>
  <nd ref="2567002603"/>
  <nd ref="2567002683"/>
  <nd ref="2567002675"/>
  <nd ref="2567002735"/>
  <nd ref="2567002745"/>
  <nd ref="2567002728"/>
  <nd ref="2567002729"/>
  <nd ref="2567002752"/>
  <nd ref="2567002760"/>
  <nd ref="2567002764"/>
  <nd ref="2567002741"/>
  <nd ref="2567002768"/>
  <nd ref="2567002820"/>
  <nd ref="2567002824"/>
  <nd ref="2567002774"/>
  <tag k="building" v="yes"/>
  <tag k="height" v="12.5"/>
  <tag k="nycdoitt:bin" v="3336981"/>
 </way>
 <way id="250215649" visible="true" version="1" changeset="19296288" timestamp="2013-12-05T20:54:53Z" user="ediyes_nycbuildings" uid="1815736">
  <nd ref="2567003326"/>
  <nd ref="2567003358"/>
  <nd ref="2567003369"/>
  <nd ref="2567003340"/>
  <nd ref="2567003333"/>
  <nd ref="2567003326"/>
  <tag k="building" v="yes"/>
  <tag k="height" v="2.5"/>
  <tag k="nycdoitt:bin" v="3000000"/>
 </way>
 <way id="250215653" visible="true" version="1" changeset="19296288" timestamp="2013-12-05T20:54:53Z" user="ediyes_nycbuildings" uid="1815736">
  <nd ref="2567003600"/>
  <nd ref="2567003687"/>
  <nd ref="2567003699"/>
  <nd ref="2567003631"/>
  <nd ref="2567003629"/>
  <nd ref="2567003600"/>
  <tag k="building" v="yes"/>
  <tag k="height" v="6.4"/>
  <tag k="nycdoitt:bin" v="3000000"/>
 </way>
 <way id="250215654" visible="true" version="1" changeset="19296288" timestamp="2013-12-05T20:54:54Z" user="ediyes_nycbuildings" uid="1815736">
  <nd ref="2567003691"/>
  <nd ref="2567003807"/>
  <nd ref="2567003820"/>
  <nd ref="2567003826"/>
  <nd ref="2567003701"/>
  <nd ref="2567003691"/>
  <tag k="building" v="yes"/>
  <tag k="height" v="11.6"/>
  <tag k="nycdoitt:bin" v="3083853"/>
 </way>
 <way id="250215660" visible="true" version="1" changeset="19296288" timestamp="2013-12-05T20:54:54Z" user="ediyes_nycbuildings" uid="1815736">
  <nd ref="2567003438"/>
  <nd ref="2567003428"/>
  <nd ref="2567003425"/>
  <nd ref="2567003600"/>
  <nd ref="2567003629"/>
  <nd ref="2567003496"/>
  <nd ref="2567003438"/>
  <tag k="building" v="yes"/>
  <tag k="height" v="6.4"/>
  <tag k="nycdoitt:bin" v="3000000"/>
 </way>
 <way id="250215667" visible="true" version="1" changeset="19296288" timestamp="2013-12-05T20:54:54Z" user="ediyes_nycbuildings" uid="1815736">
  <nd ref="2567003778"/>
  <nd ref="2567003743"/>
  <nd ref="2567003745"/>
  <nd ref="2567003725"/>
  <nd ref="2567003723"/>
  <nd ref="2567003717"/>
  <nd ref="2567003770"/>
  <nd ref="2567003791"/>
  <nd ref="2567003780"/>
  <nd ref="2567003778"/>
  <tag k="building" v="yes"/>
  <tag k="height" v="5.7"/>
  <tag k="nycdoitt:bin" v="3000000"/>
 </way>
 <way id="363062083" visible="true" version="2" changeset="67411036" timestamp="2019-02-20T23:22:33Z" user="b-jazz-bot" uid="9451067">
  <nd ref="3672730658"/>
  <nd ref="3672730659"/>
  <nd ref="3672730660"/>
  <nd ref="3672730661"/>
  <nd ref="3672730658"/>
  <tag k="addr:city" v="Brooklyn"/>
  <tag k="addr:housenumber" v="492"/>
  <tag k="addr:postcode" v="11207"/>
  <tag k="addr:state" v="NY"/>
  <tag k="addr:street" v="Glenmore Avenue"/>
  <tag k="leisure" v="park"/>
  <tag k="name" v="Glenmore Grows"/>
  <tag k="note" v="Owned by NYC Department of Housing Preservation an Development"/>
  <tag k="source" v="596 Acres"/>
  <tag k="website" v="https://livinglotsnyc.org/lot/58276/"/>
 </way>
 <way id="393290086" visible="true" version="2" changeset="89912331" timestamp="2020-08-25T11:35:48Z" user="CarlosMG" uid="2163609">
  <nd ref="3965050524"/>
  <nd ref="3965050525"/>
  <nd ref="3965050526"/>
  <nd ref="3965050527"/>
  <nd ref="3965050528"/>
  <nd ref="3965050529"/>
  <nd ref="3965050530"/>
  <nd ref="3965050531"/>
  <nd ref="3965050524"/>
  <tag k="landuse" v="residential"/>
  <tag k="name" v="Fiorentino Plaza"/>
  <tag k="residential" v="apartments"/>
 </way>
 <way id="473433733" visible="true" version="17" changeset="181301543" timestamp="2026-04-14T03:05:05Z" user="Mintusha98" uid="21759014">
  <nd ref="42495629"/>
  <nd ref="11766796665"/>
  <nd ref="2561304702"/>
  <nd ref="42495789"/>
  <nd ref="11766944179"/>
  <nd ref="5482689903"/>
  <nd ref="5482689900"/>
  <nd ref="11761666256"/>
  <nd ref="42511395"/>
  <nd ref="11761666248"/>
  <nd ref="11761666240"/>
  <nd ref="42478543"/>
  <nd ref="11761666232"/>
  <nd ref="11761666222"/>
  <nd ref="42468366"/>
  <nd ref="11761666214"/>
  <nd ref="11761666206"/>
  <nd ref="42467159"/>
  <nd ref="11761666198"/>
  <nd ref="11761668238"/>
  <nd ref="42472365"/>
  <nd ref="11761668230"/>
  <nd ref="5482736792"/>
  <nd ref="11761668220"/>
  <nd ref="42511571"/>
  <nd ref="11761668212"/>
  <nd ref="12986186245"/>
  <nd ref="11761586749"/>
  <nd ref="42511578"/>
  <nd ref="11761586743"/>
  <nd ref="11766564847"/>
  <nd ref="42499701"/>
  <nd ref="11766564842"/>
  <nd ref="12052365315"/>
  <nd ref="42504343"/>
  <nd ref="12052365319"/>
  <nd ref="11766554967"/>
  <nd ref="42485158"/>
  <nd ref="11766554961"/>
  <nd ref="11766554951"/>
  <nd ref="42502333"/>
  <nd ref="11766554944"/>
  <nd ref="11766554935"/>
  <nd ref="42511590"/>
  <nd ref="11766554928"/>
  <nd ref="11766554919"/>
  <nd ref="42497121"/>
  <nd ref="11766554912"/>
  <nd ref="11766616404"/>
  <nd ref="42470224"/>
  <nd ref="11766616397"/>
  <nd ref="11766650162"/>
  <nd ref="42511599"/>
  <nd ref="11766650155"/>
  <nd ref="11766650146"/>
  <nd ref="42511604"/>
  <nd ref="11766650145"/>
  <nd ref="11766650136"/>
  <nd ref="42502238"/>
  <nd ref="11766650135"/>
  <nd ref="11766655312"/>
  <nd ref="42511608"/>
  <nd ref="11766655310"/>
  <nd ref="11766655300"/>
  <nd ref="42468505"/>
  <nd ref="11766655298"/>
  <nd ref="11657114875"/>
  <nd ref="42511613"/>
  <nd ref="11657114879"/>
  <nd ref="11657114872"/>
  <nd ref="42511617"/>
  <tag k="cycleway" v="lane"/>
  <tag k="highway" v="tertiary"/>
  <tag k="lanes" v="2"/>
  <tag k="maxspeed" v="25 mph"/>
  <tag k="name" v="Pitkin Avenue"/>
  <tag k="oneway" v="no"/>
  <tag k="tiger:zip_left" v="11417;11208"/>
  <tag k="tiger:zip_right" v="11417;11208"/>
 </way>
 <way id="818568859" visible="true" version="10" changeset="171001494" timestamp="2025-08-25T23:56:14Z" user="clay_c" uid="119881">
  <nd ref="7644395235"/>
  <nd ref="7644372910"/>
  <nd ref="12246410178"/>
  <nd ref="7644385284"/>
  <nd ref="12246711883"/>
  <nd ref="8398624323"/>
  <nd ref="7657385886"/>
  <nd ref="7644395185"/>
  <nd ref="8398624337"/>
  <nd ref="7657385889"/>
  <nd ref="7644395236"/>
  <nd ref="7644395186"/>
  <nd ref="7644395187"/>
  <nd ref="7644395188"/>
  <nd ref="7644395189"/>
  <nd ref="7644395190"/>
  <nd ref="7644395191"/>
  <nd ref="7644395192"/>
  <nd ref="7644395237"/>
  <nd ref="8398624347"/>
  <nd ref="7657385891"/>
  <nd ref="7644395193"/>
  <nd ref="7644395238"/>
  <tag k="electrified" v="rail"/>
  <tag k="frequency" v="0"/>
  <tag k="gauge" v="1435"/>
  <tag k="layer" v="-2"/>
  <tag k="level" v="-2"/>
  <tag k="name" v="IND Fulton Street Line"/>
  <tag k="operator" v="New York City Transit Authority"/>
  <tag k="railway" v="subway"/>
  <tag k="railway:preferred_direction" v="forward"/>
  <tag k="railway:track_ref" v="2"/>
  <tag k="railway:track_ref:signals" v="A2"/>
  <tag k="tunnel" v="yes"/>
  <tag k="voltage" v="625"/>
 </way>
 <way id="818568871" visible="true" version="10" changeset="171001494" timestamp="2025-08-25T23:56:14Z" user="clay_c" uid="119881">
  <nd ref="7644395314"/>
  <nd ref="7644393969"/>
  <nd ref="8398624348"/>
  <nd ref="7657385890"/>
  <nd ref="7644395313"/>
  <nd ref="7644393968"/>
  <nd ref="7644393967"/>
  <nd ref="7644393966"/>
  <nd ref="7644393965"/>
  <nd ref="7644393964"/>
  <nd ref="7644393963"/>
  <nd ref="7644393962"/>
  <nd ref="7644395312"/>
  <nd ref="11761666243"/>
  <nd ref="8398624338"/>
  <nd ref="7657385888"/>
  <nd ref="7644393961"/>
  <nd ref="8398624328"/>
  <nd ref="7657385887"/>
  <nd ref="7644393960"/>
  <nd ref="12246410170"/>
  <nd ref="7644372909"/>
  <nd ref="8398624318"/>
  <nd ref="8398624317"/>
  <nd ref="7644395311"/>
  <tag k="electrified" v="rail"/>
  <tag k="frequency" v="0"/>
  <tag k="gauge" v="1435"/>
  <tag k="layer" v="-2"/>
  <tag k="level" v="-2"/>
  <tag k="name" v="IND Fulton Street Line"/>
  <tag k="operator" v="New York City Transit Authority"/>
  <tag k="railway" v="subway"/>
  <tag k="railway:preferred_direction" v="forward"/>
  <tag k="railway:track_ref" v="1"/>
  <tag k="railway:track_ref:signals" v="A1"/>
  <tag k="tunnel" v="yes"/>
  <tag k="voltage" v="625"/>
 </way>
 <way id="818568901" visible="true" version="10" changeset="171001494" timestamp="2025-08-25T23:56:14Z" user="clay_c" uid="119881">
  <nd ref="7527501310"/>
  <nd ref="12246711887"/>
  <nd ref="12246711886"/>
  <nd ref="7644372908"/>
  <nd ref="12246410173"/>
  <nd ref="12246711884"/>
  <nd ref="12246711885"/>
  <nd ref="591994332"/>
  <nd ref="12246410167"/>
  <nd ref="11766655298"/>
  <nd ref="12246711882"/>
  <nd ref="12246711881"/>
  <nd ref="591994322"/>
  <nd ref="12246711880"/>
  <nd ref="11761666242"/>
  <nd ref="591993944"/>
  <nd ref="7644375275"/>
  <nd ref="7607533606"/>
  <nd ref="7607533607"/>
  <nd ref="591993935"/>
  <nd ref="591993965"/>
  <nd ref="591993958"/>
  <nd ref="7607533608"/>
  <nd ref="591993954"/>
  <nd ref="591993985"/>
  <nd ref="591993995"/>
  <tag k="electrified" v="rail"/>
  <tag k="frequency" v="0"/>
  <tag k="gauge" v="1435"/>
  <tag k="layer" v="-2"/>
  <tag k="level" v="-2"/>
  <tag k="name" v="IND Fulton Street Line"/>
  <tag k="operator" v="New York City Transit Authority"/>
  <tag k="railway" v="subway"/>
  <tag k="railway:preferred_direction" v="forward"/>
  <tag k="railway:track_ref" v="4"/>
  <tag k="railway:track_ref:signals" v="A4"/>
  <tag k="tunnel" v="yes"/>
  <tag k="voltage" v="625"/>
 </way>
 <way id="885386128" visible="true" version="2" changeset="149142197" timestamp="2024-03-25T17:37:39Z" user="haycam" uid="17496697">
  <nd ref="8233183142"/>
  <nd ref="11761666224"/>
  <nd ref="8233183143"/>
  <tag k="highway" v="service"/>
 </way>
 <way id="902895084" visible="true" version="2" changeset="149142197" timestamp="2024-03-25T17:37:39Z" user="haycam" uid="17496697">
  <nd ref="8385978847"/>
  <nd ref="11761666190"/>
  <nd ref="8385978848"/>
  <nd ref="8385978849"/>
  <nd ref="8385978850"/>
  <tag k="access" v="private"/>
  <tag k="highway" v="service"/>
 </way>
 <way id="904333068" visible="true" version="3" changeset="133386357" timestamp="2023-03-07T03:31:25Z" user="clay_c" uid="119881">
  <nd ref="8398624329"/>
  <nd ref="8398624330"/>
  <nd ref="8398624331"/>
  <nd ref="8398624332"/>
  <nd ref="8398624329"/>
  <tag k="area" v="yes"/>
  <tag k="layer" v="-2"/>
  <tag k="level" v="-2"/>
  <tag k="location" v="underground"/>
  <tag k="name" v="Van Siclen Avenue"/>
  <tag k="network" v="NYC Subway"/>
  <tag k="operator" v="New York City Transit Authority"/>
  <tag k="operator:wikidata" v="Q1325591"/>
  <tag k="public_transport" v="platform"/>
  <tag k="railway" v="platform"/>
  <tag k="subway" v="yes"/>
  <tag k="wheelchair" v="no"/>
 </way>
 <way id="1149381202" visible="true" version="1" changeset="133001604" timestamp="2023-02-25T11:36:30Z" user="SSEKITOLEKO" uid="7562542">
  <nd ref="10692771283"/>
  <nd ref="10692771282"/>
  <nd ref="10692771281"/>
  <nd ref="10692771280"/>
  <nd ref="10692771279"/>
  <nd ref="10692771278"/>
  <nd ref="10692771277"/>
  <nd ref="10692771276"/>
  <nd ref="10692771275"/>
  <nd ref="10692771274"/>
  <nd ref="10692771273"/>
  <nd ref="10692771272"/>
  <nd ref="10692771271"/>
  <nd ref="10692771270"/>
  <nd ref="10692771269"/>
  <nd ref="10692771283"/>
  <tag k="access" v="private"/>
  <tag k="leisure" v="swimming_pool"/>
 </way>
 <way id="1149381203" visible="true" version="1" changeset="133001604" timestamp="2023-02-25T11:36:30Z" user="SSEKITOLEKO" uid="7562542">
  <nd ref="10692771298"/>
  <nd ref="10692771297"/>
  <nd ref="10692771296"/>
  <nd ref="10692771295"/>
  <nd ref="10692771294"/>
  <nd ref="10692771293"/>
  <nd ref="10692771292"/>
  <nd ref="10692771291"/>
  <nd ref="10692771290"/>
  <nd ref="10692771289"/>
  <nd ref="10692771288"/>
  <nd ref="10692771287"/>
  <nd ref="10692771286"/>
  <nd ref="10692771285"/>
  <nd ref="10692771284"/>
  <nd ref="10692771298"/>
  <tag k="access" v="private"/>
  <tag k="leisure" v="swimming_pool"/>
 </way>
 <way id="1149381204" visible="true" version="1" changeset="133001604" timestamp="2023-02-25T11:36:30Z" user="SSEKITOLEKO" uid="7562542">
  <nd ref="10692771313"/>
  <nd ref="10692771312"/>
  <nd ref="10692771311"/>
  <nd ref="10692771310"/>
  <nd ref="10692771309"/>
  <nd ref="10692771308"/>
  <nd ref="10692771307"/>
  <nd ref="10692771306"/>
  <nd ref="10692771305"/>
  <nd ref="10692771304"/>
  <nd ref="10692771303"/>
  <nd ref="10692771302"/>
  <nd ref="10692771301"/>
  <nd ref="10692771300"/>
  <nd ref="10692771299"/>
  <nd ref="10692771313"/>
  <tag k="access" v="private"/>
  <tag k="leisure" v="swimming_pool"/>
 </way>
 <way id="1262197390" visible="true" version="1" changeset="148594895" timestamp="2024-03-13T13:48:09Z" user="daniel_solow" uid="1954307">
  <nd ref="11727609859"/>
  <nd ref="11727609860"/>
  <nd ref="11727609861"/>
  <nd ref="11727609862"/>
  <nd ref="11727609863"/>
  <nd ref="11727609864"/>
  <nd ref="11727609859"/>
  <tag k="leisure" v="garden"/>
 </way>
 <way id="1266208697" visible="true" version="3" changeset="168618675" timestamp="2025-07-07T18:35:45Z" user="daniel_solow" uid="1954307">
  <nd ref="11761632547"/>
  <nd ref="11761604715"/>
  <nd ref="11761604716"/>
  <tag k="footway" v="sidewalk"/>
  <tag k="highway" v="footway"/>
  <tag k="surface" v="concrete"/>
 </way>
 <way id="1266208700" visible="true" version="2" changeset="168618675" timestamp="2025-07-07T18:35:45Z" user="daniel_solow" uid="1954307">
  <nd ref="11761604718"/>
  <nd ref="11761604719"/>
  <nd ref="11761632543"/>
  <tag k="footway" v="sidewalk"/>
  <tag k="highway" v="footway"/>
  <tag k="surface" v="concrete"/>
 </way>
 <way id="1266208704" visible="true" version="3" changeset="168618675" timestamp="2025-07-07T18:35:45Z" user="daniel_solow" uid="1954307">
  <nd ref="11761604720"/>
  <nd ref="11761604725"/>
  <nd ref="11761632523"/>
  <nd ref="11761632521"/>
  <tag k="footway" v="sidewalk"/>
  <tag k="highway" v="footway"/>
  <tag k="surface" v="concrete"/>
 </way>
 <way id="1266211865" visible="true" version="2" changeset="153879618" timestamp="2024-07-13T06:09:43Z" user="isamah" uid="17496699">
  <nd ref="11761632516"/>
  <nd ref="11761632518"/>
  <nd ref="11761632517"/>
  <tag k="crossing" v="marked"/>
  <tag k="crossing:island" v="no"/>
  <tag k="crossing:markings" v="zebra"/>
  <tag k="crossing:signals" v="no"/>
  <tag k="footway" v="crossing"/>
  <tag k="highway" v="footway"/>
  <tag k="surface" v="asphalt"/>
 </way>
 <way id="1266211870" visible="true" version="2" changeset="153879618" timestamp="2024-07-13T06:09:43Z" user="isamah" uid="17496699">
  <nd ref="11761632517"/>
  <nd ref="11761632523"/>
  <tag k="footway" v="sidewalk"/>
  <tag k="highway" v="footway"/>
  <tag k="surface" v="concrete"/>
 </way>
 <way id="1266211871" visible="true" version="2" changeset="153879618" timestamp="2024-07-13T06:09:43Z" user="isamah" uid="17496699">
  <nd ref="11761632524"/>
  <nd ref="11761632525"/>
  <tag k="footway" v="sidewalk"/>
  <tag k="highway" v="footway"/>
  <tag k="surface" v="concrete"/>
 </way>
 <way id="1266211872" visible="true" version="2" changeset="153879618" timestamp="2024-07-13T06:09:43Z" user="isamah" uid="17496699">
  <nd ref="11761632526"/>
  <nd ref="11761632527"/>
  <tag k="footway" v="sidewalk"/>
  <tag k="highway" v="footway"/>
  <tag k="surface" v="concrete"/>
 </way>
 <way id="1266211873" visible="true" version="2" changeset="153879618" timestamp="2024-07-13T06:09:43Z" user="isamah" uid="17496699">
  <nd ref="11761632525"/>
  <nd ref="11761632528"/>
  <nd ref="11761632526"/>
  <tag k="crossing" v="marked"/>
  <tag k="crossing:island" v="no"/>
  <tag k="crossing:markings" v="ladder"/>
  <tag k="crossing:signals" v="no"/>
  <tag k="footway" v="crossing"/>
  <tag k="highway" v="footway"/>
  <tag k="surface" v="asphalt"/>
 </way>
 <way id="1266211875" visible="true" version="2" changeset="153879618" timestamp="2024-07-13T06:09:43Z" user="isamah" uid="17496699">
  <nd ref="11761632521"/>
  <nd ref="11761632531"/>
  <nd ref="11761632530"/>
  <tag k="crossing" v="marked"/>
  <tag k="crossing:island" v="no"/>
  <tag k="crossing:markings" v="zebra"/>
  <tag k="crossing:signals" v="no"/>
  <tag k="footway" v="crossing"/>
  <tag k="highway" v="footway"/>
  <tag k="surface" v="asphalt"/>
 </way>
 <way id="1266211876" visible="true" version="2" changeset="153879618" timestamp="2024-07-13T06:09:43Z" user="isamah" uid="17496699">
  <nd ref="11761632530"/>
  <nd ref="11761632527"/>
  <tag k="footway" v="sidewalk"/>
  <tag k="highway" v="footway"/>
  <tag k="surface" v="concrete"/>
 </way>
 <way id="1266211877" visible="true" version="3" changeset="168618675" timestamp="2025-07-07T18:35:45Z" user="daniel_solow" uid="1954307">
  <nd ref="11761632532"/>
  <nd ref="11761632533"/>
  <nd ref="11761632534"/>
  <tag k="crossing" v="uncontrolled"/>
  <tag k="crossing:island" v="no"/>
  <tag k="crossing:markings" v="zebra"/>
  <tag k="crossing:signals" v="no"/>
  <tag k="footway" v="crossing"/>
  <tag k="highway" v="footway"/>
  <tag k="surface" v="asphalt"/>
 </way>
 <way id="1266211878" visible="true" version="2" changeset="153879618" timestamp="2024-07-13T06:09:43Z" user="isamah" uid="17496699">
  <nd ref="11761632534"/>
  <nd ref="11761632535"/>
  <tag k="footway" v="sidewalk"/>
  <tag k="highway" v="footway"/>
  <tag k="surface" v="concrete"/>
 </way>
 <way id="1266211879" visible="true" version="2" changeset="153879618" timestamp="2024-07-13T06:09:43Z" user="isamah" uid="17496699">
  <nd ref="11761632536"/>
  <nd ref="11761632535"/>
  <tag k="footway" v="sidewalk"/>
  <tag k="highway" v="footway"/>
  <tag k="surface" v="concrete"/>
 </way>
 <way id="1266211880" visible="true" version="3" changeset="168618675" timestamp="2025-07-07T18:35:45Z" user="daniel_solow" uid="1954307">
  <nd ref="11761632537"/>
  <nd ref="11761632538"/>
  <nd ref="11761632536"/>
  <tag k="crossing" v="uncontrolled"/>
  <tag k="crossing:island" v="no"/>
  <tag k="crossing:markings" v="zebra"/>
  <tag k="crossing:signals" v="no"/>
  <tag k="footway" v="crossing"/>
  <tag k="highway" v="footway"/>
  <tag k="surface" v="asphalt"/>
 </way>
 <way id="1266211881" visible="true" version="2" changeset="153879618" timestamp="2024-07-13T06:09:43Z" user="isamah" uid="17496699">
  <nd ref="11761632539"/>
  <nd ref="11761632537"/>
  <tag k="footway" v="sidewalk"/>
  <tag k="highway" v="footway"/>
  <tag k="surface" v="concrete"/>
 </way>
 <way id="1266211882" visible="true" version="2" changeset="153879618" timestamp="2024-07-13T06:09:43Z" user="isamah" uid="17496699">
  <nd ref="11761632540"/>
  <nd ref="11761632539"/>
  <tag k="footway" v="sidewalk"/>
  <tag k="highway" v="footway"/>
  <tag k="surface" v="concrete"/>
 </way>
 <way id="1266211883" visible="true" version="3" changeset="168618675" timestamp="2025-07-07T18:35:45Z" user="daniel_solow" uid="1954307">
  <nd ref="11761632541"/>
  <nd ref="11761632542"/>
  <nd ref="11761632540"/>
  <tag k="crossing" v="uncontrolled"/>
  <tag k="crossing:island" v="no"/>
  <tag k="crossing:markings" v="zebra"/>
  <tag k="crossing:signals" v="no"/>
  <tag k="footway" v="crossing"/>
  <tag k="highway" v="footway"/>
  <tag k="surface" v="asphalt"/>
 </way>
 <way id="1266211884" visible="true" version="2" changeset="153879618" timestamp="2024-07-13T06:09:43Z" user="isamah" uid="17496699">
  <nd ref="11761632543"/>
  <nd ref="11761632544"/>
  <tag k="footway" v="sidewalk"/>
  <tag k="highway" v="footway"/>
  <tag k="surface" v="concrete"/>
 </way>
 <way id="1266211885" visible="true" version="3" changeset="168618675" timestamp="2025-07-07T18:35:45Z" user="daniel_solow" uid="1954307">
  <nd ref="11761632544"/>
  <nd ref="11761632545"/>
  <nd ref="11761632546"/>
  <tag k="crossing" v="uncontrolled"/>
  <tag k="crossing:island" v="no"/>
  <tag k="crossing:markings" v="zebra"/>
  <tag k="crossing:signals" v="no"/>
  <tag k="footway" v="crossing"/>
  <tag k="highway" v="footway"/>
  <tag k="surface" v="asphalt"/>
 </way>
 <way id="1266211886" visible="true" version="2" changeset="153879618" timestamp="2024-07-13T06:09:43Z" user="isamah" uid="17496699">
  <nd ref="11761632546"/>
  <nd ref="11761632547"/>
  <tag k="footway" v="sidewalk"/>
  <tag k="highway" v="footway"/>
  <tag k="surface" v="concrete"/>
 </way>
 <way id="1266211887" visible="true" version="2" changeset="153879618" timestamp="2024-07-13T06:09:43Z" user="isamah" uid="17496699">
  <nd ref="11761632541"/>
  <nd ref="11761632543"/>
  <tag k="footway" v="sidewalk"/>
  <tag k="highway" v="footway"/>
  <tag k="surface" v="concrete"/>
 </way>
 <way id="1266211888" visible="true" version="2" changeset="153879618" timestamp="2024-07-13T06:09:43Z" user="isamah" uid="17496699">
  <nd ref="11761632532"/>
  <nd ref="11761632547"/>
  <tag k="footway" v="sidewalk"/>
  <tag k="highway" v="footway"/>
  <tag k="surface" v="concrete"/>
 </way>
 <way id="1266211889" visible="true" version="3" changeset="168618675" timestamp="2025-07-07T18:35:45Z" user="daniel_solow" uid="1954307">
  <nd ref="11761632547"/>
  <nd ref="11727637563"/>
  <nd ref="12050544263"/>
  <nd ref="11761632548"/>
  <tag k="footway" v="sidewalk"/>
  <tag k="highway" v="footway"/>
  <tag k="surface" v="concrete"/>
 </way>
 <way id="1266211895" visible="true" version="3" changeset="168618675" timestamp="2025-07-07T18:35:45Z" user="daniel_solow" uid="1954307">
  <nd ref="11761666197"/>
  <nd ref="11761666196"/>
  <nd ref="11761632555"/>
  <nd ref="11761632554"/>
  <tag k="footway" v="sidewalk"/>
  <tag k="highway" v="footway"/>
  <tag k="surface" v="concrete"/>
 </way>
 <way id="1266211896" visible="true" version="3" changeset="168618675" timestamp="2025-07-07T18:35:45Z" user="daniel_solow" uid="1954307">
  <nd ref="11761632556"/>
  <nd ref="11761632555"/>
  <nd ref="11761646673"/>
  <nd ref="11761646671"/>
  <tag k="footway" v="sidewalk"/>
  <tag k="highway" v="footway"/>
  <tag k="surface" v="concrete"/>
 </way>
 <way id="1266211897" visible="true" version="3" changeset="168618675" timestamp="2025-07-07T18:35:45Z" user="daniel_solow" uid="1954307">
  <nd ref="11761632557"/>
  <nd ref="11761632558"/>
  <nd ref="11761632556"/>
  <tag k="crossing" v="uncontrolled"/>
  <tag k="crossing:island" v="no"/>
  <tag k="crossing:markings" v="zebra"/>
  <tag k="crossing:signals" v="no"/>
  <tag k="footway" v="crossing"/>
  <tag k="highway" v="footway"/>
  <tag k="surface" v="asphalt"/>
 </way>
 <way id="1266211898" visible="true" version="3" changeset="168618675" timestamp="2025-07-07T18:35:45Z" user="daniel_solow" uid="1954307">
  <nd ref="11761632535"/>
  <nd ref="11761632559"/>
  <nd ref="11761632557"/>
  <tag k="footway" v="sidewalk"/>
  <tag k="highway" v="footway"/>
  <tag k="surface" v="concrete"/>
 </way>
 <way id="1266211899" visible="true" version="3" changeset="168618675" timestamp="2025-07-07T18:35:45Z" user="daniel_solow" uid="1954307">
  <nd ref="11761632560"/>
  <nd ref="11761632559"/>
  <nd ref="11761666191"/>
  <nd ref="11761666193"/>
  <tag k="footway" v="sidewalk"/>
  <tag k="highway" v="footway"/>
  <tag k="surface" v="concrete"/>
 </way>
 <way id="1266211900" visible="true" version="3" changeset="168618675" timestamp="2025-07-07T18:35:45Z" user="daniel_solow" uid="1954307">
  <nd ref="11761632549"/>
  <nd ref="11761632561"/>
  <nd ref="11761632560"/>
  <tag k="crossing" v="uncontrolled"/>
  <tag k="crossing:island" v="no"/>
  <tag k="crossing:markings" v="zebra"/>
  <tag k="crossing:signals" v="no"/>
  <tag k="footway" v="crossing"/>
  <tag k="highway" v="footway"/>
  <tag k="surface" v="asphalt"/>
 </way>
 <way id="1266217770" visible="true" version="3" changeset="168618675" timestamp="2025-07-07T18:35:45Z" user="daniel_solow" uid="1954307">
  <nd ref="11761666195"/>
  <nd ref="11761666196"/>
  <nd ref="11761668223"/>
  <nd ref="11761668224"/>
  <tag k="footway" v="sidewalk"/>
  <tag k="highway" v="footway"/>
  <tag k="surface" v="concrete"/>
 </way>
 <way id="1266217779" visible="true" version="3" changeset="168618675" timestamp="2025-07-07T18:35:45Z" user="daniel_solow" uid="1954307">
  <nd ref="11761666201"/>
  <nd ref="11761666200"/>
  <nd ref="11761668236"/>
  <nd ref="11761668234"/>
  <tag k="footway" v="sidewalk"/>
  <tag k="highway" v="footway"/>
  <tag k="surface" v="concrete"/>
 </way>
 <way id="1266220531" visible="true" version="3" changeset="168618675" timestamp="2025-07-07T18:35:45Z" user="daniel_solow" uid="1954307">
  <nd ref="11761666211"/>
  <nd ref="11761666212"/>
  <nd ref="11761666191"/>
  <nd ref="11761666192"/>
  <tag k="footway" v="sidewalk"/>
  <tag k="highway" v="footway"/>
  <tag k="surface" v="concrete"/>
 </way>
 <way id="1266220533" visible="true" version="2" changeset="153879761" timestamp="2024-07-13T06:17:52Z" user="isamah" uid="17496699">
  <nd ref="11761666192"/>
  <nd ref="11761666194"/>
  <nd ref="11761666195"/>
  <tag k="crossing" v="traffic_signals"/>
  <tag k="crossing:island" v="no"/>
  <tag k="crossing:markings" v="zebra"/>
  <tag k="crossing:signals" v="yes"/>
  <tag k="footway" v="crossing"/>
  <tag k="highway" v="footway"/>
  <tag k="surface" v="asphalt"/>
 </way>
 <way id="1266220536" visible="true" version="2" changeset="153879761" timestamp="2024-07-13T06:17:52Z" user="isamah" uid="17496699">
  <nd ref="11761666197"/>
  <nd ref="11761666198"/>
  <nd ref="11761666199"/>
  <tag k="crossing" v="traffic_signals"/>
  <tag k="crossing:island" v="no"/>
  <tag k="crossing:markings" v="zebra"/>
  <tag k="crossing:signals" v="yes"/>
  <tag k="footway" v="crossing"/>
  <tag k="highway" v="footway"/>
  <tag k="surface" v="asphalt"/>
 </way>
 <way id="1266220537" visible="true" version="3" changeset="168618675" timestamp="2025-07-07T18:35:45Z" user="daniel_solow" uid="1954307">
  <nd ref="11761666199"/>
  <nd ref="11761666200"/>
  <nd ref="11767650917"/>
  <tag k="footway" v="sidewalk"/>
  <tag k="highway" v="footway"/>
  <tag k="surface" v="concrete"/>
 </way>
 <way id="1266220539" visible="true" version="2" changeset="153879761" timestamp="2024-07-13T06:17:52Z" user="isamah" uid="17496699">
  <nd ref="11761666202"/>
  <nd ref="11761666203"/>
  <nd ref="11761666201"/>
  <tag k="crossing" v="traffic_signals"/>
  <tag k="crossing:island" v="no"/>
  <tag k="crossing:markings" v="zebra"/>
  <tag k="crossing:signals" v="yes"/>
  <tag k="footway" v="crossing"/>
  <tag k="highway" v="footway"/>
  <tag k="surface" v="asphalt"/>
 </way>
 <way id="1266220540" visible="true" version="3" changeset="168618675" timestamp="2025-07-07T18:35:45Z" user="daniel_solow" uid="1954307">
  <nd ref="11761666216"/>
  <nd ref="11761666204"/>
  <nd ref="11761666202"/>
  <tag k="footway" v="sidewalk"/>
  <tag k="highway" v="footway"/>
  <tag k="surface" v="concrete"/>
 </way>
 <way id="1266220541" visible="true" version="3" changeset="168618675" timestamp="2025-07-07T18:35:45Z" user="daniel_solow" uid="1954307">
  <nd ref="11761666205"/>
  <nd ref="11761666204"/>
  <nd ref="11767647006"/>
  <tag k="footway" v="sidewalk"/>
  <tag k="highway" v="footway"/>
  <tag k="surface" v="concrete"/>
 </way>
 <way id="1266220542" visible="true" version="2" changeset="153879761" timestamp="2024-07-13T06:17:52Z" user="isamah" uid="17496699">
  <nd ref="11761666193"/>
  <nd ref="11761666206"/>
  <nd ref="11761666205"/>
  <tag k="crossing" v="traffic_signals"/>
  <tag k="crossing:island" v="no"/>
  <tag k="crossing:markings" v="zebra"/>
  <tag k="crossing:signals" v="yes"/>
  <tag k="footway" v="crossing"/>
  <tag k="highway" v="footway"/>
  <tag k="surface" v="asphalt"/>
 </way>
 <way id="1266220547" visible="true" version="3" changeset="168618675" timestamp="2025-07-07T18:35:45Z" user="daniel_solow" uid="1954307">
  <nd ref="11761666229"/>
  <nd ref="11761666230"/>
  <nd ref="11761666241"/>
  <nd ref="11761666207"/>
  <nd ref="11761666208"/>
  <tag k="footway" v="sidewalk"/>
  <tag k="highway" v="footway"/>
  <tag k="surface" v="concrete"/>
 </way>
 <way id="1266220548" visible="true" version="3" changeset="168618675" timestamp="2025-07-07T18:35:45Z" user="daniel_solow" uid="1954307">
  <nd ref="11761632539"/>
  <nd ref="11761666223"/>
  <nd ref="11761666224"/>
  <nd ref="11761666207"/>
  <nd ref="11761666209"/>
  <tag k="footway" v="sidewalk"/>
  <tag k="highway" v="footway"/>
  <tag k="surface" v="concrete"/>
 </way>
 <way id="1266220549" visible="true" version="2" changeset="153879761" timestamp="2024-07-13T06:17:52Z" user="isamah" uid="17496699">
  <nd ref="11761666208"/>
  <nd ref="11761666210"/>
  <nd ref="11761666211"/>
  <tag k="crossing" v="traffic_signals"/>
  <tag k="crossing:island" v="no"/>
  <tag k="crossing:markings" v="zebra"/>
  <tag k="crossing:signals" v="yes"/>
  <tag k="footway" v="crossing"/>
  <tag k="highway" v="footway"/>
  <tag k="surface" v="asphalt"/>
 </way>
 <way id="1266220551" visible="true" version="3" changeset="168618675" timestamp="2025-07-07T18:35:45Z" user="daniel_solow" uid="1954307">
  <nd ref="11761666213"/>
  <nd ref="11761666212"/>
  <nd ref="11761632535"/>
  <tag k="footway" v="sidewalk"/>
  <tag k="highway" v="footway"/>
  <tag k="surface" v="concrete"/>
 </way>
 <way id="1266220552" visible="true" version="2" changeset="153879761" timestamp="2024-07-13T06:17:52Z" user="isamah" uid="17496699">
  <nd ref="11761666213"/>
  <nd ref="11761666214"/>
  <nd ref="11761666215"/>
  <tag k="crossing" v="traffic_signals"/>
  <tag k="crossing:island" v="no"/>
  <tag k="crossing:markings" v="zebra"/>
  <tag k="crossing:signals" v="yes"/>
  <tag k="footway" v="crossing"/>
  <tag k="highway" v="footway"/>
  <tag k="surface" v="asphalt"/>
 </way>
 <way id="1266220553" visible="true" version="2" changeset="153879761" timestamp="2024-07-13T06:17:52Z" user="isamah" uid="17496699">
  <nd ref="11761666215"/>
  <nd ref="11761666216"/>
  <tag k="footway" v="sidewalk"/>
  <tag k="highway" v="footway"/>
  <tag k="surface" v="concrete"/>
 </way>
 <way id="1266220554" visible="true" version="2" changeset="153879761" timestamp="2024-07-13T06:17:52Z" user="isamah" uid="17496699">
  <nd ref="11761666217"/>
  <nd ref="11761666216"/>
  <tag k="footway" v="sidewalk"/>
  <tag k="highway" v="footway"/>
  <tag k="surface" v="concrete"/>
 </way>
 <way id="1266220555" visible="true" version="2" changeset="153879761" timestamp="2024-07-13T06:17:52Z" user="isamah" uid="17496699">
  <nd ref="11761666218"/>
  <nd ref="12050551103"/>
  <nd ref="11761666219"/>
  <nd ref="11761666217"/>
  <tag k="crossing" v="traffic_signals"/>
  <tag k="crossing:island" v="no"/>
  <tag k="crossing:markings" v="zebra"/>
  <tag k="crossing:signals" v="yes"/>
  <tag k="footway" v="crossing"/>
  <tag k="highway" v="footway"/>
  <tag k="surface" v="asphalt"/>
 </way>
 <way id="1266220556" visible="true" version="3" changeset="168618675" timestamp="2025-07-07T18:35:45Z" user="daniel_solow" uid="1954307">
  <nd ref="11761666235"/>
  <nd ref="11761666234"/>
  <nd ref="11761666220"/>
  <nd ref="11761666218"/>
  <tag k="footway" v="sidewalk"/>
  <tag k="highway" v="footway"/>
  <tag k="surface" v="concrete"/>
 </way>
 <way id="1266220557" visible="true" version="3" changeset="168618675" timestamp="2025-07-07T18:35:45Z" user="daniel_solow" uid="1954307">
  <nd ref="11761666221"/>
  <nd ref="11761666220"/>
  <nd ref="11767581937"/>
  <tag k="footway" v="sidewalk"/>
  <tag k="highway" v="footway"/>
  <tag k="surface" v="concrete"/>
 </way>
 <way id="1266220558" visible="true" version="2" changeset="153879761" timestamp="2024-07-13T06:17:52Z" user="isamah" uid="17496699">
  <nd ref="11761666209"/>
  <nd ref="11761666222"/>
  <nd ref="11761666221"/>
  <tag k="crossing" v="traffic_signals"/>
  <tag k="crossing:island" v="no"/>
  <tag k="crossing:markings" v="zebra"/>
  <tag k="crossing:signals" v="yes"/>
  <tag k="footway" v="crossing"/>
  <tag k="highway" v="footway"/>
  <tag k="surface" v="asphalt"/>
 </way>
 <way id="1266220563" visible="true" version="3" changeset="168618675" timestamp="2025-07-07T18:35:45Z" user="daniel_solow" uid="1954307">
  <nd ref="11761666226"/>
  <nd ref="11761666225"/>
  <nd ref="11761666257"/>
  <nd ref="11761666247"/>
  <tag k="footway" v="sidewalk"/>
  <tag k="highway" v="footway"/>
  <tag k="surface" v="concrete"/>
 </way>
 <way id="1266220564" visible="true" version="3" changeset="168618675" timestamp="2025-07-07T18:35:45Z" user="daniel_solow" uid="1954307">
  <nd ref="11761632524"/>
  <nd ref="11761666225"/>
  <nd ref="11761666227"/>
  <tag k="footway" v="sidewalk"/>
  <tag k="highway" v="footway"/>
  <tag k="surface" v="concrete"/>
 </way>
 <way id="1266220565" visible="true" version="3" changeset="153879761" timestamp="2024-07-13T06:17:52Z" user="isamah" uid="17496699">
  <nd ref="11761666226"/>
  <nd ref="11761666228"/>
  <nd ref="11761666229"/>
  <tag k="crossing" v="traffic_signals"/>
  <tag k="crossing:island" v="no"/>
  <tag k="crossing:markings" v="zebra"/>
  <tag k="crossing:signals" v="yes"/>
  <tag k="footway" v="crossing"/>
  <tag k="highway" v="footway"/>
  <tag k="surface" v="asphalt"/>
 </way>
 <way id="1266220567" visible="true" version="2" changeset="153879761" timestamp="2024-07-13T06:17:52Z" user="isamah" uid="17496699">
  <nd ref="11761666231"/>
  <nd ref="11761666230"/>
  <tag k="footway" v="sidewalk"/>
  <tag k="highway" v="footway"/>
  <tag k="surface" v="concrete"/>
 </way>
 <way id="1266220568" visible="true" version="3" changeset="153879761" timestamp="2024-07-13T06:17:52Z" user="isamah" uid="17496699">
  <nd ref="11761666231"/>
  <nd ref="11761666232"/>
  <nd ref="11761666233"/>
  <tag k="crossing" v="traffic_signals"/>
  <tag k="crossing:island" v="no"/>
  <tag k="crossing:markings" v="zebra"/>
  <tag k="crossing:signals" v="yes"/>
  <tag k="footway" v="crossing"/>
  <tag k="highway" v="footway"/>
  <tag k="surface" v="asphalt"/>
 </way>
 <way id="1266220569" visible="true" version="2" changeset="168618675" timestamp="2025-07-07T18:35:45Z" user="daniel_solow" uid="1954307">
  <nd ref="11767631415"/>
  <nd ref="11761666234"/>
  <nd ref="11761666233"/>
  <tag k="footway" v="sidewalk"/>
  <tag k="highway" v="footway"/>
 </way>
 <way id="1266220571" visible="true" version="2" changeset="153225204" timestamp="2024-06-27T01:01:53Z" user="caitnahc" uid="20352591">
  <nd ref="11761666236"/>
  <nd ref="11761666237"/>
  <nd ref="11761666235"/>
  <tag k="crossing" v="traffic_signals"/>
  <tag k="crossing:island" v="no"/>
  <tag k="crossing:markings" v="zebra"/>
  <tag k="crossing:signals" v="yes"/>
  <tag k="footway" v="crossing"/>
  <tag k="highway" v="footway"/>
 </way>
 <way id="1266220572" visible="true" version="2" changeset="168618675" timestamp="2025-07-07T18:35:45Z" user="daniel_solow" uid="1954307">
  <nd ref="11761666251"/>
  <nd ref="11761666250"/>
  <nd ref="11761666238"/>
  <nd ref="11761666236"/>
  <tag k="footway" v="sidewalk"/>
  <tag k="highway" v="footway"/>
  <tag k="surface" v="concrete"/>
 </way>
 <way id="1266220573" visible="true" version="2" changeset="168618675" timestamp="2025-07-07T18:35:45Z" user="daniel_solow" uid="1954307">
  <nd ref="11761666239"/>
  <nd ref="11761666238"/>
  <nd ref="11767626428"/>
  <tag k="footway" v="sidewalk"/>
  <tag k="highway" v="footway"/>
 </way>
 <way id="1266220574" visible="true" version="3" changeset="153879761" timestamp="2024-07-13T06:17:52Z" user="isamah" uid="17496699">
  <nd ref="11761666227"/>
  <nd ref="11761666240"/>
  <nd ref="11761666239"/>
  <tag k="crossing" v="traffic_signals"/>
  <tag k="crossing:island" v="no"/>
  <tag k="crossing:markings" v="zebra"/>
  <tag k="crossing:signals" v="yes"/>
  <tag k="footway" v="crossing"/>
  <tag k="highway" v="footway"/>
  <tag k="surface" v="asphalt"/>
 </way>
 <way id="1266220577" visible="true" version="2" changeset="153879269" timestamp="2024-07-13T05:50:01Z" user="isamah" uid="17496699">
  <nd ref="11761666230"/>
  <nd ref="11761632527"/>
  <tag k="footway" v="sidewalk"/>
  <tag k="highway" v="footway"/>
  <tag k="surface" v="concrete"/>
 </way>
 <way id="1266220582" visible="true" version="2" changeset="153879269" timestamp="2024-07-13T05:50:01Z" user="isamah" uid="17496699">
  <nd ref="11761632523"/>
  <nd ref="11761632543"/>
  <tag k="footway" v="sidewalk"/>
  <tag k="highway" v="footway"/>
  <tag k="surface" v="concrete"/>
 </way>
 <way id="1266220583" visible="true" version="2" changeset="153879269" timestamp="2024-07-13T05:50:01Z" user="isamah" uid="17496699">
  <nd ref="11761632527"/>
  <nd ref="11761632539"/>
  <tag k="footway" v="sidewalk"/>
  <tag k="highway" v="footway"/>
  <tag k="surface" v="concrete"/>
 </way>
 <way id="1266967621" visible="true" version="5" changeset="168618675" timestamp="2025-07-07T18:35:45Z" user="daniel_solow" uid="1954307">
  <nd ref="42467155"/>
  <nd ref="11727609866"/>
  <nd ref="11761632550"/>
  <nd ref="42467157"/>
  <nd ref="11761632558"/>
  <nd ref="11761666194"/>
  <nd ref="42467159"/>
  <nd ref="11761666203"/>
  <nd ref="11767650916"/>
  <nd ref="42467160"/>
  <nd ref="11767650922"/>
  <nd ref="11767631503"/>
  <nd ref="42467162"/>
  <nd ref="11767631509"/>
  <nd ref="11767640598"/>
  <nd ref="42467164"/>
  <tag k="highway" v="residential"/>
  <tag k="maxspeed" v="25 mph"/>
  <tag k="name" v="Miller Avenue"/>
  <tag k="oneway" v="yes"/>
  <tag k="tiger:zip_left" v="11207"/>
  <tag k="tiger:zip_right" v="11207"/>
 </way>
 <way id="1266968545" visible="true" version="2" changeset="153879269" timestamp="2024-07-13T05:50:01Z" user="isamah" uid="17496699">
  <nd ref="11761666216"/>
  <nd ref="11767626803"/>
  <tag k="footway" v="sidewalk"/>
  <tag k="highway" v="footway"/>
  <tag k="surface" v="concrete"/>
 </way>
 <way id="1413084636" visible="true" version="1" changeset="168618675" timestamp="2025-07-07T18:35:45Z" user="daniel_solow" uid="1954307">
  <nd ref="12986177404"/>
  <nd ref="12986177405"/>
  <nd ref="12986177406"/>
  <nd ref="12986177407"/>
  <nd ref="12986177404"/>
  <tag k="building" v="yes"/>
 </way>
 <way id="1547577452" visible="true" version="1" changeset="187005449" timestamp="2026-08-06T00:25:45Z" user="dkwolf" uid="1771944">
  <nd ref="357567449"/>
  <nd ref="14075806948"/>
  <nd ref="14075806949"/>
  <nd ref="14075806950"/>
  <nd ref="357567449"/>
  <tag k="addr:city" v="Brooklyn"/>
  <tag k="addr:housenumber" v="301"/>
  <tag k="addr:postcode" v="11207"/>
  <tag k="addr:state" v="NY"/>
  <tag k="addr:street" v="Vermont Street"/>
  <tag k="amenity" v="school"/>
  <tag k="education" v="school"/>
  <tag k="ele" v="10"/>
  <tag k="gnis:feature_id" v="954310"/>
  <tag k="name" v="J.H.S. 292 - Margaret S. Douglas Middle School"/>
  <tag k="website" v="https://www.jhs292.org/"/>
 </way>
 <relation id="366774" visible="true" version="100" changeset="179611953" timestamp="2026-03-10T03:23:33Z" user="MxxCon" uid="384667">
  <member type="relation" ref="9709546" role=""/>
  <member type="relation" ref="9727212" role=""/>
  <member type="relation" ref="9727209" role=""/>
  <member type="relation" ref="9727208" role=""/>
  <member type="relation" ref="9727211" role=""/>
  <member type="relation" ref="9727210" role=""/>
  <member type="relation" ref="11255871" role=""/>
  <member type="relation" ref="11255872" role=""/>
  <member type="relation" ref="11255870" role=""/>
  <member type="relation" ref="11255869" role=""/>
  <tag k="alt_name" v="8th Avenue Express"/>
  <tag k="colour" v="#0062cf"/>
  <tag k="colour:text" v="#FFFFFF"/>
  <tag k="gtfs:feed" v="US-NY-MTA-Subway"/>
  <tag k="gtfs:route_id" v="A"/>
  <tag k="name" v="NYCS - A Train"/>
  <tag k="network" v="NYC Subway"/>
  <tag k="network:wikidata" v="Q7733"/>
  <tag k="network:wikipedia" v="en:New York City Subway"/>
  <tag k="opening_hours" v="24/7"/>
  <tag k="operator" v="Metropolitan Transportation Authority"/>
  <tag k="operator:wikidata" v="Q1146109"/>
  <tag k="operator:wikipedia" v="en:Metropolitan Transportation Authority"/>
  <tag k="owner" v="City of New York"/>
  <tag k="owner:wikidata" v="Q60"/>
  <tag k="ref" v="A"/>
  <tag k="route_master" v="subway"/>
  <tag k="type" v="route_master"/>
  <tag k="wikidata" v="Q126344"/>
  <tag k="wikipedia" v="en:A (New York City Subway service)"/>
 </relation>
 <relation id="366775" visible="true" version="159" changeset="187060994" timestamp="2026-08-07T00:24:18Z" user="💠💠💠💠💠💠💠💠💠💠" uid="23558124">
  <member type="node" ref="7644395235" role="stop"/>
  <member type="way" ref="904333064" role="platform"/>
  <member type="node" ref="7657385886" role="stop"/>
  <member type="way" ref="904333066" role="platform"/>
  <member type="node" ref="7657385889" role="stop"/>
  <member type="way" ref="904333068" role="platform"/>
  <member type="node" ref="7657385891" role="stop"/>
  <member type="way" ref="904333071" role="platform"/>
  <member type="node" ref="7644395240" role="stop"/>
  <member type="way" ref="507362399" role="platform"/>
  <member type="node" ref="7657385893" role="stop"/>
  <member type="way" ref="904335867" role="platform"/>
  <member type="node" ref="7657385895" role="stop"/>
  <member type="way" ref="904335869" role="platform"/>
  <member type="node" ref="7644395215" role="stop"/>
  <member type="way" ref="904335871" role="platform"/>
  <member type="node" ref="7644395218" role="stop"/>
  <member type="way" ref="904344139" role="platform"/>
  <member type="node" ref="7644395221" role="stop"/>
  <member type="way" ref="904344150" role="platform"/>
  <member type="node" ref="7644395223" role="stop"/>
  <member type="way" ref="904344143" role="platform"/>
  <member type="node" ref="7657385896" role="stop"/>
  <member type="way" ref="904344145" role="platform"/>
  <member type="node" ref="7644395228" role="stop"/>
  <member type="way" ref="904344147" role="platform"/>
  <member type="node" ref="7654134336" role="stop"/>
  <member type="way" ref="903983358" role="platform"/>
  <member type="node" ref="7644660154" role="stop"/>
  <member type="way" ref="904597215" role="platform"/>
  <member type="node" ref="7475500952" role="stop"/>
  <member type="way" ref="799307142" role="platform"/>
  <member type="node" ref="7460755765" role="stop"/>
  <member type="way" ref="512131385" role="platform"/>
  <member type="node" ref="7218038834" role="stop"/>
  <member type="way" ref="515665875" role="platform"/>
  <member type="node" ref="7207425627" role="stop"/>
  <member type="way" ref="772047819" role="platform"/>
  <member type="node" ref="7165337038" role="stop"/>
  <member type="way" ref="767428213" role="platform"/>
  <member type="node" ref="7624210714" role="stop"/>
  <member type="way" ref="552742166" role="platform"/>
  <member type="node" ref="6923621203" role="stop"/>
  <member type="way" ref="739454516" role="platform"/>
  <member type="node" ref="6923621236" role="stop"/>
  <member type="way" ref="739454522" role="platform"/>
  <member type="node" ref="6923621277" role="stop"/>
  <member type="way" ref="739454532" role="platform"/>
  <member type="node" ref="6751642166" role="stop"/>
  <member type="way" ref="513706052" role="platform"/>
  <member type="node" ref="6751642238" role="stop"/>
  <member type="way" ref="719086618" role="platform"/>
  <member type="node" ref="6463380701" role="stop"/>
  <member type="way" ref="510806175" role="platform"/>
  <member type="node" ref="6441849565" role="stop"/>
  <member type="way" ref="687260463" role="platform"/>
  <member type="node" ref="6437617425" role="stop"/>
  <member type="way" ref="686769243" role="platform"/>
  <member type="node" ref="6437617427" role="stop"/>
  <member type="way" ref="686769244" role="platform"/>
  <member type="node" ref="6437617429" role="stop"/>
  <member type="way" ref="686769245" role="platform"/>
  <member type="node" ref="6437617465" role="stop"/>
  <member type="way" ref="686769246" role="platform"/>
  <member type="node" ref="6427120636" role="stop"/>
  <member type="way" ref="685770071" role="platform"/>
  <member type="node" ref="6427120645" role="stop"/>
  <member type="way" ref="685770073" role="platform"/>
  <member type="node" ref="6427120505" role="stop"/>
  <member type="way" ref="685770067" role="platform"/>
  <member type="node" ref="7657141845" role="stop"/>
  <member type="way" ref="685340796" role="platform"/>
  <member type="node" ref="7624144931" role="stop"/>
  <member type="way" ref="677322266" role="platform"/>
  <member type="node" ref="6696132525" role="stop"/>
  <member type="way" ref="712171090" role="platform"/>
  <member type="node" ref="6696132555" role="stop"/>
  <member type="way" ref="712171092" role="platform"/>
  <member type="node" ref="6693913814" role="stop"/>
  <member type="way" ref="515596368" role="platform"/>
  <member type="way" ref="818568859" role=""/>
  <member type="way" ref="818568862" role=""/>
  <member type="way" ref="818568863" role=""/>
  <member type="way" ref="818568864" role=""/>
  <member type="way" ref="818568865" role=""/>
  <member type="way" ref="818568855" role=""/>
  <member type="way" ref="818568867" role=""/>
  <member type="way" ref="818608054" role=""/>
  <member type="way" ref="818607991" role=""/>
  <member type="way" ref="818607999" role=""/>
  <member type="way" ref="46340204" role=""/>
  <member type="way" ref="818608011" role=""/>
  <member type="way" ref="818608016" role=""/>
  <member type="way" ref="818608040" role=""/>
  <member type="way" ref="797157477" role=""/>
  <member type="way" ref="797157478" role=""/>
  <member type="way" ref="797710588" role=""/>
  <member type="way" ref="823180889" role=""/>
  <member type="way" ref="194911412" role=""/>
  <member type="way" ref="823180886" role=""/>
  <member type="way" ref="772047808" role=""/>
  <member type="way" ref="772047814" role=""/>
  <member type="way" ref="767428211" role=""/>
  <member type="way" ref="741776138" role=""/>
  <member type="way" ref="741776143" role=""/>
  <member type="way" ref="796650848" role=""/>
  <member type="way" ref="796650849" role=""/>
  <member type="way" ref="816057932" role=""/>
  <member type="way" ref="741691192" role=""/>
  <member type="way" ref="739454520" role=""/>
  <member type="way" ref="739454524" role=""/>
  <member type="way" ref="820099955" role=""/>
  <member type="way" ref="719086606" role=""/>
  <member type="way" ref="816336111" role=""/>
  <member type="way" ref="719086614" role=""/>
  <member type="way" ref="816679181" role=""/>
  <member type="way" ref="1547812315" role=""/>
  <member type="way" ref="689037414" role=""/>
  <member type="way" ref="1547812316" role=""/>
  <member type="way" ref="1547812317" role=""/>
  <member type="way" ref="1547812318" role=""/>
  <member type="way" ref="813748784" role=""/>
  <member type="way" ref="685340794" role=""/>
  <member type="way" ref="813746964" role=""/>
  <member type="way" ref="813746965" role=""/>
  <member type="way" ref="685770077" role=""/>
  <tag k="alt_name" v="8th Avenue Local"/>
  <tag k="colour" v="#0062cf"/>
  <tag k="colour:text" v="#FFFFFF"/>
  <tag k="from" v="Euclid Avenue"/>
  <tag k="gtfs:feed" v="US-NY-MTA-Subway"/>
  <tag k="gtfs:route_id" v="C"/>
  <tag k="gtfs:shape_id" v="C..N04R"/>
  <tag k="gtfs:trip_id:sample" v="BFA25GEN-C059-Weekday-00_034300_C..N04R"/>
  <tag k="interval" v="10"/>
  <tag k="interval:conditional" v="9 @ (Mo-Fr 06:30-09:30); 9 @ (Mo-Fr 15:30-20:00); 12 @ (Mo-Fr 20:00-00:00); 10 @ (Sa-Su 06:30-23:59)"/>
  <tag k="interval:note" v="Approximate minutes from Wikipedia article"/>
  <tag k="interval:source" v="https://en.wikipedia.org/wiki/List_of_New_York_City_Subway_services#Train%20intervals"/>
  <tag k="name" v="NYCS - C Train: Euclid Avenue → 168th Street"/>
  <tag k="network" v="NYC Subway"/>
  <tag k="network:wikidata" v="Q7733"/>
  <tag k="network:wikipedia" v="en:New York City Subway"/>
  <tag k="opening_hours" v="Mo-Su 06:30-24:00"/>
  <tag k="operator" v="Metropolitan Transportation Authority"/>
  <tag k="operator:wikidata" v="Q1146109"/>
  <tag k="operator:wikipedia" v="en:Metropolitan Transportation Authority"/>
  <tag k="owner" v="City of New York"/>
  <tag k="owner:wikidata" v="Q60"/>
  <tag k="public_transport:version" v="2"/>
  <tag k="ref" v="C"/>
  <tag k="route" v="subway"/>
  <tag k="to" v="168th Street"/>
  <tag k="type" v="route"/>
  <tag k="wikidata" v="Q126358"/>
  <tag k="wikipedia" v="en:C (New York City Subway service)"/>
 </relation>
 <relation id="3355961" visible="true" version="2" changeset="187005449" timestamp="2026-08-06T00:25:45Z" user="dkwolf" uid="1771944">
  <member type="way" ref="249546592" role="outer"/>
  <member type="way" ref="249546595" role="inner"/>
  <member type="way" ref="249546593" role="inner"/>
  <tag k="addr:housenumber" v="301"/>
  <tag k="addr:postcode" v="11207"/>
  <tag k="addr:street" v="Vermont Street"/>
  <tag k="building" v="school"/>
  <tag k="height" v="14.0"/>
  <tag k="nycdoitt:bin" v="3083931"/>
  <tag k="type" v="multipolygon"/>
 </relation>
 <relation id="6960991" visible="true" version="6" changeset="151473484" timestamp="2024-05-17T22:19:26Z" user="TheBestIdea" uid="298513">
  <member type="way" ref="183794628" role=""/>
  <member type="way" ref="587079734" role=""/>
  <member type="way" ref="183794629" role=""/>
  <member type="way" ref="1194891063" role=""/>
  <member type="way" ref="1194891064" role=""/>
  <member type="way" ref="1194891065" role=""/>
  <member type="way" ref="1194891066" role=""/>
  <member type="way" ref="1194891067" role=""/>
  <member type="way" ref="1194891068" role=""/>
  <member type="way" ref="1194891069" role=""/>
  <member type="way" ref="221583055" role=""/>
  <member type="way" ref="279918415" role=""/>
  <member type="way" ref="279918410" role=""/>
  <member type="way" ref="473433733" role=""/>
  <member type="way" ref="219606150" role=""/>
  <member type="way" ref="473433734" role=""/>
  <member type="way" ref="586147503" role=""/>
  <member type="way" ref="504581535" role=""/>
  <tag k="cycle_network" v="US:NY:NYC"/>
  <tag k="from" v="East New York Avenue"/>
  <tag k="name" v="Pitkin Avenue"/>
  <tag k="network" v="lcn"/>
  <tag k="route" v="bicycle"/>
  <tag k="to" v="Lincoln Avenue"/>
  <tag k="type" v="route"/>
 </relation>
 <relation id="9727208" visible="true" version="100" changeset="179835080" timestamp="2026-03-14T03:30:25Z" user="MxxCon" uid="384667">
  <member type="node" ref="2946892592" role="stop"/>
  <member type="way" ref="426287763" role="platform"/>
  <member type="node" ref="4255936527" role="stop"/>
  <member type="way" ref="426287721" role="platform"/>
  <member type="node" ref="2946866310" role="stop"/>
  <member type="way" ref="426287719" role="platform"/>
  <member type="node" ref="4255936522" role="stop"/>
  <member type="way" ref="426287765" role="platform"/>
  <member type="node" ref="4255936531" role="stop"/>
  <member type="way" ref="426287725" role="platform"/>
  <member type="node" ref="4255936529" role="stop"/>
  <member type="way" ref="426287722" role="platform"/>
  <member type="node" ref="591994461" role="stop"/>
  <member type="way" ref="904333063" role="platform"/>
  <member type="node" ref="7527501310" role="stop"/>
  <member type="way" ref="904333064" role="platform"/>
  <member type="node" ref="591994059" role="stop"/>
  <member type="way" ref="507362399" role="platform"/>
  <member type="node" ref="591993618" role="stop"/>
  <member type="way" ref="904335871" role="platform"/>
  <member type="node" ref="7596765955" role="stop"/>
  <member type="way" ref="904344141" role="platform"/>
  <member type="node" ref="7654134336" role="stop"/>
  <member type="way" ref="903983358" role="platform"/>
  <member type="node" ref="7644660154" role="stop"/>
  <member type="way" ref="904597215" role="platform"/>
  <member type="node" ref="7475500952" role="stop"/>
  <member type="way" ref="799307142" role="platform"/>
  <member type="node" ref="7460755765" role="stop"/>
  <member type="way" ref="512131385" role="platform"/>
  <member type="node" ref="7218038834" role="stop"/>
  <member type="way" ref="515665875" role="platform"/>
  <member type="node" ref="7207425627" role="stop"/>
  <member type="way" ref="772047819" role="platform"/>
  <member type="node" ref="7624210719" role="stop"/>
  <member type="way" ref="552742166" role="platform"/>
  <member type="node" ref="6938799279" role="stop"/>
  <member type="way" ref="739454516" role="platform"/>
  <member type="node" ref="6923621290" role="stop"/>
  <member type="way" ref="739454535" role="platform"/>
  <member type="node" ref="6751642175" role="stop"/>
  <member type="way" ref="513706052" role="platform"/>
  <member type="node" ref="6463379284" role="stop"/>
  <member type="way" ref="510806175" role="platform"/>
  <member type="node" ref="6427120561" role="stop"/>
  <member type="way" ref="685770067" role="platform"/>
  <member type="node" ref="6342093640" role="stop"/>
  <member type="way" ref="677322266" role="platform"/>
  <member type="node" ref="6693913793" role="stop"/>
  <member type="way" ref="515596368" role="platform"/>
  <member type="node" ref="6693913893" role="stop"/>
  <member type="way" ref="711912581" role="platform"/>
  <member type="node" ref="6693913938" role="stop"/>
  <member type="way" ref="711912582" role="platform"/>
  <member type="node" ref="6686022964" role="stop"/>
  <member type="way" ref="711202086" role="platform"/>
  <member type="node" ref="6686062919" role="stop"/>
  <member type="way" ref="711202088" role="platform"/>
  <member type="node" ref="6105025186" role="stop"/>
  <member type="way" ref="650900556" role="platform"/>
  <member type="way" ref="824375581" role=""/>
  <member type="way" ref="824375582" role=""/>
  <member type="way" ref="732954727" role=""/>
  <member type="way" ref="194911413" role=""/>
  <member type="way" ref="552592619" role=""/>
  <member type="way" ref="206583279" role=""/>
  <member type="way" ref="813014287" role=""/>
  <member type="way" ref="813014288" role=""/>
  <member type="way" ref="46340643" role=""/>
  <member type="way" ref="46340645" role=""/>
  <member type="way" ref="818568825" role=""/>
  <member type="way" ref="818568830" role=""/>
  <member type="way" ref="818568848" role=""/>
  <member type="way" ref="818568814" role=""/>
  <member type="way" ref="818568901" role=""/>
  <member type="way" ref="803058752" role=""/>
  <member type="way" ref="813746971" role=""/>
  <member type="way" ref="813727593" role=""/>
  <member type="way" ref="813727592" role=""/>
  <member type="way" ref="818568854" role=""/>
  <member type="way" ref="813727590" role=""/>
  <member type="way" ref="818608051" role=""/>
  <member type="way" ref="818607998" role=""/>
  <member type="way" ref="818607999" role=""/>
  <member type="way" ref="46340204" role=""/>
  <member type="way" ref="818608011" role=""/>
  <member type="way" ref="818608016" role=""/>
  <member type="way" ref="818608040" role=""/>
  <member type="way" ref="797157477" role=""/>
  <member type="way" ref="797157478" role=""/>
  <member type="way" ref="797710588" role=""/>
  <member type="way" ref="823180889" role=""/>
  <member type="way" ref="194911412" role=""/>
  <member type="way" ref="823180886" role=""/>
  <member type="way" ref="772047818" role=""/>
  <member type="way" ref="767428210" role=""/>
  <member type="way" ref="741776133" role=""/>
  <member type="way" ref="741691191" role=""/>
  <member type="way" ref="552742171" role=""/>
  <member type="way" ref="739454523" role=""/>
  <member type="way" ref="820099954" role=""/>
  <member type="way" ref="719086615" role=""/>
  <member type="way" ref="719086602" role=""/>
  <member type="way" ref="715214984" role=""/>
  <member type="way" ref="816331850" role=""/>
  <member type="way" ref="689037416" role=""/>
  <member type="way" ref="816336113" role=""/>
  <member type="way" ref="685340791" role=""/>
  <member type="way" ref="813748789" role=""/>
  <member type="way" ref="685770069" role=""/>
  <member type="way" ref="813746962" role=""/>
  <member type="way" ref="813746966" role=""/>
  <member type="way" ref="685770076" role=""/>
  <member type="way" ref="677322263" role=""/>
  <member type="way" ref="712171085" role=""/>
  <member type="way" ref="821162096" role=""/>
  <member type="way" ref="821162095" role=""/>
  <member type="way" ref="711202097" role=""/>
  <member type="way" ref="816289254" role=""/>
  <member type="way" ref="813747347" role=""/>
  <member type="way" ref="813747349" role=""/>
  <member type="way" ref="711202094" role=""/>
  <member type="way" ref="650900555" role=""/>
  <tag k="alt_name" v="8th Avenue Express"/>
  <tag k="colour" v="#0062cf"/>
  <tag k="colour:text" v="#FFFFFF"/>
  <tag k="from" v="Ozone Park–Lefferts Boulevard"/>
  <tag k="gtfs:feed" v="US-NY-MTA-Subway"/>
  <tag k="gtfs:route_id" v="A"/>
  <tag k="gtfs:shape_id" v="A..N54R"/>
  <tag k="gtfs:trip_id:sample" v="BFA25GEN-A087-Weekday-00_034450_A..N54R"/>
  <tag k="interval" v="7"/>
  <tag k="interval:conditional" v="4 @ (Mo-Fr 06:30-09:30); 4 @ (Mo-Fr 15:30-20:00); 10 @ (Mo-Fr 20:00-00:00); 7 @ (Sa-Su 06:30-23:59)"/>
  <tag k="interval:note" v="Approximate minutes from Wikipedia article"/>
  <tag k="interval:source" v="https://en.wikipedia.org/wiki/List_of_New_York_City_Subway_services#Train%20intervals"/>
  <tag k="name" v="NYCS - A Train: Ozone Park–Lefferts Boulevard → 207th Street–Inwood"/>
  <tag k="network" v="NYC Subway"/>
  <tag k="network:wikidata" v="Q7733"/>
  <tag k="network:wikipedia" v="en:New York City Subway"/>
  <tag k="opening_hours" v="Mo-Fr 06:30-24:00; Sa-Su 06:30-23:59"/>
  <tag k="operator" v="Metropolitan Transportation Authority"/>
  <tag k="operator:wikidata" v="Q1146109"/>
  <tag k="operator:wikipedia" v="en:Metropolitan Transportation Authority"/>
  <tag k="owner" v="City of New York"/>
  <tag k="owner:wikidata" v="Q60"/>
  <tag k="public_transport:version" v="2"/>
  <tag k="ref" v="A"/>
  <tag k="route" v="subway"/>
  <tag k="to" v="207th Street–Inwood"/>
  <tag k="type" v="route"/>
  <tag k="wikidata" v="Q126344"/>
  <tag k="wikipedia" v="en:A (New York City Subway service)"/>
 </relation>
 <relation id="9727209" visible="true" version="95" changeset="179835080" timestamp="2026-03-14T03:30:25Z" user="MxxCon" uid="384667">
  <member type="node" ref="638015819" role="stop"/>
  <member type="way" ref="291384445" role="platform"/>
  <member type="node" ref="4255934924" role="stop"/>
  <member type="way" ref="291395197" role="platform"/>
  <member type="node" ref="638015794" role="stop"/>
  <member type="way" ref="426287733" role="platform"/>
  <member type="node" ref="2948372175" role="stop"/>
  <member type="way" ref="426287736" role="platform"/>
  <member type="node" ref="4255934928" role="stop"/>
  <member type="way" ref="426287737" role="platform"/>
  <member type="node" ref="4255934930" role="stop"/>
  <member type="way" ref="426287739" role="platform"/>
  <member type="node" ref="2947071653" role="stop"/>
  <member type="way" ref="426287745" role="platform"/>
  <member type="node" ref="4255934935" role="stop"/>
  <member type="way" ref="426287751" role="platform"/>
  <member type="node" ref="4255934921" role="stop"/>
  <member type="way" ref="426287728" role="platform"/>
  <member type="node" ref="4255934919" role="stop"/>
  <member type="way" ref="426287726" role="platform"/>
  <member type="node" ref="4255936522" role="stop"/>
  <member type="way" ref="426287765" role="platform"/>
  <member type="node" ref="4255936531" role="stop"/>
  <member type="way" ref="426287725" role="platform"/>
  <member type="node" ref="4255936529" role="stop"/>
  <member type="way" ref="426287722" role="platform"/>
  <member type="node" ref="591994461" role="stop"/>
  <member type="way" ref="904333063" role="platform"/>
  <member type="node" ref="7527501310" role="stop"/>
  <member type="way" ref="904333064" role="platform"/>
  <member type="node" ref="591994059" role="stop"/>
  <member type="way" ref="507362399" role="platform"/>
  <member type="node" ref="591993618" role="stop"/>
  <member type="way" ref="904335871" role="platform"/>
  <member type="node" ref="7596765955" role="stop"/>
  <member type="way" ref="904344141" role="platform"/>
  <member type="node" ref="7654134336" role="stop"/>
  <member type="way" ref="903983358" role="platform"/>
  <member type="node" ref="7644660154" role="stop"/>
  <member type="way" ref="904597215" role="platform"/>
  <member type="node" ref="7475500952" role="stop"/>
  <member type="way" ref="799307142" role="platform"/>
  <member type="node" ref="7460755765" role="stop"/>
  <member type="way" ref="512131385" role="platform"/>
  <member type="node" ref="7218038834" role="stop"/>
  <member type="way" ref="515665875" role="platform"/>
  <member type="node" ref="7207425627" role="stop"/>
  <member type="way" ref="772047819" role="platform"/>
  <member type="node" ref="7624210719" role="stop"/>
  <member type="way" ref="552742166" role="platform"/>
  <member type="node" ref="6938799279" role="stop"/>
  <member type="way" ref="739454516" role="platform"/>
  <member type="node" ref="6923621290" role="stop"/>
  <member type="way" ref="739454535" role="platform"/>
  <member type="node" ref="6751642175" role="stop"/>
  <member type="way" ref="513706052" role="platform"/>
  <member type="node" ref="6463379284" role="stop"/>
  <member type="way" ref="510806175" role="platform"/>
  <member type="node" ref="6427120561" role="stop"/>
  <member type="way" ref="685770067" role="platform"/>
  <member type="node" ref="6342093640" role="stop"/>
  <member type="way" ref="677322266" role="platform"/>
  <member type="node" ref="6693913793" role="stop"/>
  <member type="way" ref="515596368" role="platform"/>
  <member type="node" ref="6693913893" role="stop"/>
  <member type="way" ref="711912581" role="platform"/>
  <member type="node" ref="6693913938" role="stop"/>
  <member type="way" ref="711912582" role="platform"/>
  <member type="node" ref="6686022964" role="stop"/>
  <member type="way" ref="711202086" role="platform"/>
  <member type="node" ref="6686062919" role="stop"/>
  <member type="way" ref="711202088" role="platform"/>
  <member type="node" ref="6105025186" role="stop"/>
  <member type="way" ref="650900556" role="platform"/>
  <member type="way" ref="50192970" role=""/>
  <member type="way" ref="813010761" role=""/>
  <member type="way" ref="360576291" role=""/>
  <member type="way" ref="291395201" role=""/>
  <member type="way" ref="813010763" role=""/>
  <member type="way" ref="813010760" role=""/>
  <member type="way" ref="206583290" role=""/>
  <member type="way" ref="291273055" role=""/>
  <member type="way" ref="291273056" role=""/>
  <member type="way" ref="38596531" role=""/>
  <member type="way" ref="38596526" role=""/>
  <member type="way" ref="38596524" role=""/>
  <member type="way" ref="426452976" role=""/>
  <member type="way" ref="194911414" role=""/>
  <member type="way" ref="813010753" role=""/>
  <member type="way" ref="291273052" role=""/>
  <member type="way" ref="813010754" role=""/>
  <member type="way" ref="38596518" role=""/>
  <member type="way" ref="291270070" role=""/>
  <member type="way" ref="291270061" role=""/>
  <member type="way" ref="5706069" role=""/>
  <member type="way" ref="426287760" role=""/>
  <member type="way" ref="5700312" role=""/>
  <member type="way" ref="46892622" role=""/>
  <member type="way" ref="46892623" role=""/>
  <member type="way" ref="46892614" role=""/>
  <member type="way" ref="46892613" role=""/>
  <member type="way" ref="46892617" role=""/>
  <member type="way" ref="46892616" role=""/>
  <member type="way" ref="60093051" role=""/>
  <member type="way" ref="813534586" role=""/>
  <member type="way" ref="60093054" role=""/>
  <member type="way" ref="60093050" role=""/>
  <member type="way" ref="60093053" role=""/>
  <member type="way" ref="426287758" role=""/>
  <member type="way" ref="46892612" role=""/>
  <member type="way" ref="46340644" role=""/>
  <member type="way" ref="813014286" role=""/>
  <member type="way" ref="360576294" role=""/>
  <member type="way" ref="206583279" role=""/>
  <member type="way" ref="813014287" role=""/>
  <member type="way" ref="813014288" role=""/>
  <member type="way" ref="46340643" role=""/>
  <member type="way" ref="46340645" role=""/>
  <member type="way" ref="818568825" role=""/>
  <member type="way" ref="818568830" role=""/>
  <member type="way" ref="818568848" role=""/>
  <member type="way" ref="818568814" role=""/>
  <member type="way" ref="818568901" role=""/>
  <member type="way" ref="803058752" role=""/>
  <member type="way" ref="813746971" role=""/>
  <member type="way" ref="813727593" role=""/>
  <member type="way" ref="813727592" role=""/>
  <member type="way" ref="818568854" role=""/>
  <member type="way" ref="813727590" role=""/>
  <member type="way" ref="818608051" role=""/>
  <member type="way" ref="818607998" role=""/>
  <member type="way" ref="818607999" role=""/>
  <member type="way" ref="46340204" role=""/>
  <member type="way" ref="818608011" role=""/>
  <member type="way" ref="818608016" role=""/>
  <member type="way" ref="818608040" role=""/>
  <member type="way" ref="797157477" role=""/>
  <member type="way" ref="797157478" role=""/>
  <member type="way" ref="797710588" role=""/>
  <member type="way" ref="823180889" role=""/>
  <member type="way" ref="194911412" role=""/>
  <member type="way" ref="823180886" role=""/>
  <member type="way" ref="772047818" role=""/>
  <member type="way" ref="767428210" role=""/>
  <member type="way" ref="741776133" role=""/>
  <member type="way" ref="741691191" role=""/>
  <member type="way" ref="552742171" role=""/>
  <member type="way" ref="739454523" role=""/>
  <member type="way" ref="820099954" role=""/>
  <member type="way" ref="719086615" role=""/>
  <member type="way" ref="719086602" role=""/>
  <member type="way" ref="715214984" role=""/>
  <member type="way" ref="816331850" role=""/>
  <member type="way" ref="689037416" role=""/>
  <member type="way" ref="816336113" role=""/>
  <member type="way" ref="685340791" role=""/>
  <member type="way" ref="813748789" role=""/>
  <member type="way" ref="685770069" role=""/>
  <member type="way" ref="813746962" role=""/>
  <member type="way" ref="813746966" role=""/>
  <member type="way" ref="685770076" role=""/>
  <member type="way" ref="677322263" role=""/>
  <member type="way" ref="712171085" role=""/>
  <member type="way" ref="821162096" role=""/>
  <member type="way" ref="821162095" role=""/>
  <member type="way" ref="711202097" role=""/>
  <member type="way" ref="816289254" role=""/>
  <member type="way" ref="813747347" role=""/>
  <member type="way" ref="813747349" role=""/>
  <member type="way" ref="711202094" role=""/>
  <member type="way" ref="650900555" role=""/>
  <tag k="alt_name" v="8th Avenue Express"/>
  <tag k="colour" v="#0062cf"/>
  <tag k="colour:text" v="#FFFFFF"/>
  <tag k="from" v="Far Rockaway–Mott Avenue"/>
  <tag k="gtfs:feed" v="US-NY-MTA-Subway"/>
  <tag k="gtfs:route_id" v="A"/>
  <tag k="gtfs:shape_id" v="A..N55R"/>
  <tag k="gtfs:trip_id:sample" v="BFA25GEN-A087-Weekday-00_031250_A..N55R"/>
  <tag k="interval" v="7"/>
  <tag k="interval:conditional" v="4 @ (Mo-Fr 06:30-09:30); 4 @ (Mo-Fr 15:30-20:00); 10 @ (Mo-Fr 20:00-23:59); 7 @ (Sa-Su 06:30-23:59)"/>
  <tag k="interval:note" v="Approximate minutes from Wikipedia article"/>
  <tag k="interval:source" v="https://en.wikipedia.org/wiki/List_of_New_York_City_Subway_services#Train%20intervals"/>
  <tag k="name" v="NYCS - A Train: Far Rockaway–Mott Avenue → 207th Street–Inwood"/>
  <tag k="network" v="NYC Subway"/>
  <tag k="network:wikidata" v="Q7733"/>
  <tag k="network:wikipedia" v="en:New York City Subway"/>
  <tag k="opening_hours" v="Mo-Su 06:30-23:59"/>
  <tag k="operator" v="Metropolitan Transportation Authority"/>
  <tag k="operator:wikidata" v="Q1146109"/>
  <tag k="operator:wikipedia" v="en:Metropolitan Transportation Authority"/>
  <tag k="owner" v="City of New York"/>
  <tag k="owner:wikidata" v="Q60"/>
  <tag k="public_transport:version" v="2"/>
  <tag k="ref" v="A"/>
  <tag k="route" v="subway"/>
  <tag k="to" v="207th Street–Inwood"/>
  <tag k="type" v="route"/>
  <tag k="wikidata" v="Q126344"/>
  <tag k="wikipedia" v="en:A (New York City Subway service)"/>
 </relation>
 <relation id="9727210" visible="true" version="95" changeset="179611953" timestamp="2026-03-10T03:23:33Z" user="MxxCon" uid="384667">
  <member type="node" ref="278208841" role="stop"/>
  <member type="way" ref="426287766" role="platform"/>
  <member type="node" ref="4255934922" role="stop"/>
  <member type="way" ref="426287730" role="platform"/>
  <member type="node" ref="278208611" role="stop"/>
  <member type="way" ref="426287743" role="platform"/>
  <member type="node" ref="4255934931" role="stop"/>
  <member type="way" ref="426287741" role="platform"/>
  <member type="node" ref="2947071653" role="stop"/>
  <member type="way" ref="426287745" role="platform"/>
  <member type="node" ref="4255934935" role="stop"/>
  <member type="way" ref="426287751" role="platform"/>
  <member type="node" ref="4255934921" role="stop"/>
  <member type="way" ref="426287728" role="platform"/>
  <member type="node" ref="4255934919" role="stop"/>
  <member type="way" ref="426287726" role="platform"/>
  <member type="node" ref="4255936522" role="stop"/>
  <member type="way" ref="426287765" role="platform"/>
  <member type="node" ref="4255936531" role="stop"/>
  <member type="way" ref="426287725" role="platform"/>
  <member type="node" ref="4255936529" role="stop"/>
  <member type="way" ref="426287722" role="platform"/>
  <member type="node" ref="591994461" role="stop"/>
  <member type="way" ref="904333063" role="platform"/>
  <member type="node" ref="7527501310" role="stop"/>
  <member type="way" ref="904333064" role="platform"/>
  <member type="node" ref="591994059" role="stop"/>
  <member type="way" ref="507362399" role="platform"/>
  <member type="node" ref="591993618" role="stop"/>
  <member type="way" ref="904335871" role="platform"/>
  <member type="node" ref="7596765955" role="stop"/>
  <member type="way" ref="904344141" role="platform"/>
  <member type="node" ref="7654134336" role="stop"/>
  <member type="way" ref="903983358" role="platform"/>
  <member type="node" ref="7644660154" role="stop"/>
  <member type="way" ref="904597215" role="platform"/>
  <member type="node" ref="7475500952" role="stop"/>
  <member type="way" ref="799307142" role="platform"/>
  <member type="node" ref="7460755765" role="stop"/>
  <member type="way" ref="512131385" role="platform"/>
  <member type="node" ref="7218038834" role="stop"/>
  <member type="way" ref="515665875" role="platform"/>
  <member type="node" ref="7207425627" role="stop"/>
  <member type="way" ref="772047819" role="platform"/>
  <member type="node" ref="7624210719" role="stop"/>
  <member type="way" ref="552742166" role="platform"/>
  <member type="node" ref="6938799279" role="stop"/>
  <member type="way" ref="739454516" role="platform"/>
  <member type="node" ref="6923621290" role="stop"/>
  <member type="way" ref="739454535" role="platform"/>
  <member type="node" ref="6751642175" role="stop"/>
  <member type="way" ref="513706052" role="platform"/>
  <member type="node" ref="6463379284" role="stop"/>
  <member type="way" ref="510806175" role="platform"/>
  <member type="node" ref="6427120561" role="stop"/>
  <member type="way" ref="685770067" role="platform"/>
  <member type="node" ref="6342093640" role="stop"/>
  <member type="way" ref="677322266" role="platform"/>
  <member type="node" ref="6693913793" role="stop"/>
  <member type="way" ref="515596368" role="platform"/>
  <member type="node" ref="6693913893" role="stop"/>
  <member type="way" ref="711912581" role="platform"/>
  <member type="node" ref="6693913938" role="stop"/>
  <member type="way" ref="711912582" role="platform"/>
  <member type="node" ref="6686022964" role="stop"/>
  <member type="way" ref="711202086" role="platform"/>
  <member type="node" ref="6686062919" role="stop"/>
  <member type="way" ref="711202088" role="platform"/>
  <member type="node" ref="6105025186" role="stop"/>
  <member type="way" ref="650900556" role="platform"/>
  <member type="way" ref="360576287" role=""/>
  <member type="way" ref="824375585" role=""/>
  <member type="way" ref="824375586" role=""/>
  <member type="way" ref="206583285" role=""/>
  <member type="way" ref="813010765" role=""/>
  <member type="way" ref="813010766" role=""/>
  <member type="way" ref="813010758" role=""/>
  <member type="way" ref="46945489" role=""/>
  <member type="way" ref="291273055" role=""/>
  <member type="way" ref="291273056" role=""/>
  <member type="way" ref="38596531" role=""/>
  <member type="way" ref="38596526" role=""/>
  <member type="way" ref="38596524" role=""/>
  <member type="way" ref="426452976" role=""/>
  <member type="way" ref="194911414" role=""/>
  <member type="way" ref="813010753" role=""/>
  <member type="way" ref="291273052" role=""/>
  <member type="way" ref="813010754" role=""/>
  <member type="way" ref="38596518" role=""/>
  <member type="way" ref="291270070" role=""/>
  <member type="way" ref="291270061" role=""/>
  <member type="way" ref="5706069" role=""/>
  <member type="way" ref="426287760" role=""/>
  <member type="way" ref="5700312" role=""/>
  <member type="way" ref="46892622" role=""/>
  <member type="way" ref="46892623" role=""/>
  <member type="way" ref="46892614" role=""/>
  <member type="way" ref="46892613" role=""/>
  <member type="way" ref="46892617" role=""/>
  <member type="way" ref="46892616" role=""/>
  <member type="way" ref="60093051" role=""/>
  <member type="way" ref="813534586" role=""/>
  <member type="way" ref="60093054" role=""/>
  <member type="way" ref="60093050" role=""/>
  <member type="way" ref="60093053" role=""/>
  <member type="way" ref="426287758" role=""/>
  <member type="way" ref="46892612" role=""/>
  <member type="way" ref="46340644" role=""/>
  <member type="way" ref="813014286" role=""/>
  <member type="way" ref="360576294" role=""/>
  <member type="way" ref="206583279" role=""/>
  <member type="way" ref="813014287" role=""/>
  <member type="way" ref="813014288" role=""/>
  <member type="way" ref="46340643" role=""/>
  <member type="way" ref="46340645" role=""/>
  <member type="way" ref="818568825" role=""/>
  <member type="way" ref="818568830" role=""/>
  <member type="way" ref="818568848" role=""/>
  <member type="way" ref="818568814" role=""/>
  <member type="way" ref="818568901" role=""/>
  <member type="way" ref="803058752" role=""/>
  <member type="way" ref="813746971" role=""/>
  <member type="way" ref="813727593" role=""/>
  <member type="way" ref="813727592" role=""/>
  <member type="way" ref="818568854" role=""/>
  <member type="way" ref="813727590" role=""/>
  <member type="way" ref="818608051" role=""/>
  <member type="way" ref="818607998" role=""/>
  <member type="way" ref="818607999" role=""/>
  <member type="way" ref="46340204" role=""/>
  <member type="way" ref="818608011" role=""/>
  <member type="way" ref="818608016" role=""/>
  <member type="way" ref="818608040" role=""/>
  <member type="way" ref="797157477" role=""/>
  <member type="way" ref="797157478" role=""/>
  <member type="way" ref="797710588" role=""/>
  <member type="way" ref="823180889" role=""/>
  <member type="way" ref="194911412" role=""/>
  <member type="way" ref="823180886" role=""/>
  <member type="way" ref="772047818" role=""/>
  <member type="way" ref="767428210" role=""/>
  <member type="way" ref="741776133" role=""/>
  <member type="way" ref="741691191" role=""/>
  <member type="way" ref="552742171" role=""/>
  <member type="way" ref="739454523" role=""/>
  <member type="way" ref="820099954" role=""/>
  <member type="way" ref="719086615" role=""/>
  <member type="way" ref="719086602" role=""/>
  <member type="way" ref="715214984" role=""/>
  <member type="way" ref="816331850" role=""/>
  <member type="way" ref="689037416" role=""/>
  <member type="way" ref="816336113" role=""/>
  <member type="way" ref="685340791" role=""/>
  <member type="way" ref="813748789" role=""/>
  <member type="way" ref="685770069" role=""/>
  <member type="way" ref="813746962" role=""/>
  <member type="way" ref="813746966" role=""/>
  <member type="way" ref="685770076" role=""/>
  <member type="way" ref="677322263" role=""/>
  <member type="way" ref="712171085" role=""/>
  <member type="way" ref="821162096" role=""/>
  <member type="way" ref="821162095" role=""/>
  <member type="way" ref="711202097" role=""/>
  <member type="way" ref="816289254" role=""/>
  <member type="way" ref="813747347" role=""/>
  <member type="way" ref="813747349" role=""/>
  <member type="way" ref="711202094" role=""/>
  <member type="way" ref="650900555" role=""/>
  <tag k="alt_name" v="8th Avenue Express"/>
  <tag k="colour" v="#0062cf"/>
  <tag k="from" v="Rockaway Park–Beach 116th Street"/>
  <tag k="interval" v="4"/>
  <tag k="interval:note" v="Approximate minutes from Wikipedia article"/>
  <tag k="interval:source" v="https://en.wikipedia.org/wiki/List_of_New_York_City_Subway_services#Train%20intervals"/>
  <tag k="name" v="NYCS - A Train (am rush): Rockaway Park–Beach 116th Street → 207th Street–Inwood"/>
  <tag k="network" v="NYC Subway"/>
  <tag k="network:wikidata" v="Q7733"/>
  <tag k="network:wikipedia" v="en:New York City Subway"/>
  <tag k="opening_hours" v="Mo-Su 06:30-08:00"/>
  <tag k="opening_hours:note" v="See http://web.mta.info/nyct/service/aline.htm, rush hour service only"/>
  <tag k="operator" v="Metropolitan Transportation Authority"/>
  <tag k="operator:wikidata" v="Q1146109"/>
  <tag k="operator:wikipedia" v="en:Metropolitan Transportation Authority"/>
  <tag k="owner" v="City of New York"/>
  <tag k="owner:wikidata" v="Q60"/>
  <tag k="public_transport:version" v="2"/>
  <tag k="ref" v="A"/>
  <tag k="route" v="subway"/>
  <tag k="to" v="207th Street–Inwood"/>
  <tag k="type" v="route"/>
  <tag k="wikidata" v="Q126344"/>
  <tag k="wikipedia" v="en:A (New York City Subway service)"/>
 </relation>
 <relation id="9767765" visible="true" version="94" changeset="179835610" timestamp="2026-03-14T03:57:42Z" user="MxxCon" uid="384667">
  <member type="node" ref="6698009158" role="stop_entry_only"/>
  <member type="way" ref="515596367" role="platform_entry_only"/>
  <member type="node" ref="6696132604" role="stop"/>
  <member type="way" ref="712171093" role="platform"/>
  <member type="node" ref="6696132580" role="stop"/>
  <member type="way" ref="712171091" role="platform"/>
  <member type="node" ref="6342093633" role="stop"/>
  <member type="way" ref="677322267" role="platform"/>
  <member type="node" ref="7657141846" role="stop"/>
  <member type="way" ref="685340797" role="platform"/>
  <member type="node" ref="6427120371" role="stop"/>
  <member type="way" ref="685770066" role="platform"/>
  <member type="node" ref="6427120605" role="stop"/>
  <member type="way" ref="685770072" role="platform"/>
  <member type="node" ref="6427120596" role="stop"/>
  <member type="way" ref="685770070" role="platform"/>
  <member type="node" ref="7624158681" role="stop"/>
  <member type="way" ref="686769242" role="platform"/>
  <member type="node" ref="7624158678" role="stop"/>
  <member type="way" ref="686769241" role="platform"/>
  <member type="node" ref="7624158676" role="stop"/>
  <member type="way" ref="686769240" role="platform"/>
  <member type="node" ref="7624158674" role="stop"/>
  <member type="way" ref="686769239" role="platform"/>
  <member type="node" ref="7624158671" role="stop"/>
  <member type="way" ref="687260462" role="platform"/>
  <member type="node" ref="6463380709" role="stop"/>
  <member type="way" ref="510806176" role="platform"/>
  <member type="node" ref="6751642217" role="stop"/>
  <member type="way" ref="719086619" role="platform"/>
  <member type="node" ref="6751622968" role="stop"/>
  <member type="way" ref="719086603" role="platform"/>
  <member type="node" ref="6923621274" role="stop"/>
  <member type="way" ref="739454531" role="platform"/>
  <member type="node" ref="6923621238" role="stop"/>
  <member type="way" ref="739454521" role="platform"/>
  <member type="node" ref="6923621199" role="stop"/>
  <member type="way" ref="739454517" role="platform"/>
  <member type="node" ref="7624210725" role="stop"/>
  <member type="way" ref="552742165" role="platform"/>
  <member type="node" ref="7165337033" role="stop"/>
  <member type="way" ref="767428212" role="platform"/>
  <member type="node" ref="7207425602" role="stop"/>
  <member type="way" ref="772047820" role="platform"/>
  <member type="node" ref="7218038804" role="stop"/>
  <member type="way" ref="515665875" role="platform"/>
  <member type="node" ref="7460755762" role="stop"/>
  <member type="way" ref="512131385" role="platform"/>
  <member type="node" ref="7475500940" role="stop"/>
  <member type="way" ref="799307142" role="platform"/>
  <member type="node" ref="7644660155" role="stop"/>
  <member type="way" ref="904597216" role="platform"/>
  <member type="node" ref="7654134332" role="stop"/>
  <member type="way" ref="903983359" role="platform"/>
  <member type="node" ref="7644395303" role="stop"/>
  <member type="way" ref="904344148" role="platform"/>
  <member type="node" ref="7657385897" role="stop"/>
  <member type="way" ref="904344146" role="platform"/>
  <member type="node" ref="7644395299" role="stop"/>
  <member type="way" ref="904344144" role="platform"/>
  <member type="node" ref="7644395296" role="stop"/>
  <member type="way" ref="904344149" role="platform"/>
  <member type="node" ref="7644395293" role="stop"/>
  <member type="way" ref="904344140" role="platform"/>
  <member type="node" ref="7644395291" role="stop"/>
  <member type="way" ref="904335872" role="platform"/>
  <member type="node" ref="7657385894" role="stop"/>
  <member type="way" ref="904335870" role="platform"/>
  <member type="node" ref="7657385892" role="stop"/>
  <member type="way" ref="904335868" role="platform"/>
  <member type="node" ref="7644395316" role="stop"/>
  <member type="way" ref="507362400" role="platform"/>
  <member type="node" ref="7657385890" role="stop"/>
  <member type="way" ref="904333070" role="platform"/>
  <member type="node" ref="7657385888" role="stop"/>
  <member type="way" ref="904333069" role="platform"/>
  <member type="node" ref="7657385887" role="stop"/>
  <member type="way" ref="904333067" role="platform"/>
  <member type="node" ref="7644395311" role="stop"/>
  <member type="way" ref="904333065" role="platform"/>
  <member type="way" ref="821162102" role=""/>
  <member type="way" ref="821162101" role=""/>
  <member type="way" ref="677322264" role=""/>
  <member type="way" ref="813746968" role=""/>
  <member type="way" ref="813746959" role=""/>
  <member type="way" ref="685546721" role=""/>
  <member type="way" ref="813748791" role=""/>
  <member type="way" ref="689037413" role=""/>
  <member type="way" ref="689037412" role=""/>
  <member type="way" ref="46340129" role=""/>
  <member type="way" ref="816679186" role=""/>
  <member type="way" ref="719086616" role=""/>
  <member type="way" ref="816336088" role=""/>
  <member type="way" ref="719086610" role=""/>
  <member type="way" ref="820099952" role=""/>
  <member type="way" ref="739454525" role=""/>
  <member type="way" ref="739454518" role=""/>
  <member type="way" ref="741691189" role=""/>
  <member type="way" ref="816341839" role=""/>
  <member type="way" ref="741776144" role=""/>
  <member type="way" ref="796650846" role=""/>
  <member type="way" ref="796650847" role=""/>
  <member type="way" ref="741776141" role=""/>
  <member type="way" ref="767428208" role=""/>
  <member type="way" ref="772047815" role=""/>
  <member type="way" ref="772047809" role=""/>
  <member type="way" ref="823180887" role=""/>
  <member type="way" ref="823180888" role=""/>
  <member type="way" ref="772047812" role=""/>
  <member type="way" ref="773078859" role=""/>
  <member type="way" ref="157005691" role=""/>
  <member type="way" ref="46341536" role=""/>
  <member type="way" ref="818608041" role=""/>
  <member type="way" ref="818608015" role=""/>
  <member type="way" ref="818608012" role=""/>
  <member type="way" ref="818608038" role=""/>
  <member type="way" ref="818607997" role=""/>
  <member type="way" ref="818607993" role=""/>
  <member type="way" ref="818568883" role=""/>
  <member type="way" ref="818568881" role=""/>
  <member type="way" ref="818568880" role=""/>
  <member type="way" ref="818568879" role=""/>
  <member type="way" ref="818568878" role=""/>
  <member type="way" ref="818568877" role=""/>
  <member type="way" ref="818568876" role=""/>
  <member type="way" ref="818568871" role=""/>
  <tag k="alt_name" v="8th Avenue Local"/>
  <tag k="colour" v="#0062cf"/>
  <tag k="colour:text" v="#FFFFFF"/>
  <tag k="from" v="168th Street"/>
  <tag k="gtfs:feed" v="US-NY-MTA-Subway"/>
  <tag k="gtfs:route_id" v="C"/>
  <tag k="gtfs:shape_id" v="C..S04R"/>
  <tag k="gtfs:trip_id:sample" v="BFA25GEN-C026-Saturday-00_033900_C..S04R"/>
  <tag k="interval" v="10"/>
  <tag k="interval:conditional" v="9 @ (Mo-Fr 06:30-09:30); 9 @ (Mo-Fr 15:30-20:00); 12 @ (Mo-Fr 20:00-00:00); 10 @ (Sa-Su 06:30-23:59)"/>
  <tag k="interval:note" v="Approximate minutes from Wikipedia article"/>
  <tag k="interval:source" v="https://en.wikipedia.org/wiki/List_of_New_York_City_Subway_services#Train%20intervals"/>
  <tag k="name" v="NYCS - C Train: 168th Street → Euclid Avenue"/>
  <tag k="network" v="NYC Subway"/>
  <tag k="network:wikidata" v="Q7733"/>
  <tag k="network:wikipedia" v="en:New York City Subway"/>
  <tag k="opening_hours" v="Mo-Su 06:30-23:59"/>
  <tag k="operator" v="Metropolitan Transportation Authority"/>
  <tag k="operator:wikidata" v="Q1146109"/>
  <tag k="operator:wikipedia" v="en:Metropolitan Transportation Authority"/>
  <tag k="owner" v="City of New York"/>
  <tag k="owner:wikidata" v="Q60"/>
  <tag k="public_transport:version" v="2"/>
  <tag k="ref" v="C"/>
  <tag k="route" v="subway"/>
  <tag k="to" v="Euclid Avenue"/>
  <tag k="type" v="route"/>
  <tag k="wikidata" v="Q126358"/>
  <tag k="wikipedia" v="en:C (New York City Subway service)"/>
 </relation>
 <relation id="9767766" visible="true" version="8" changeset="179612071" timestamp="2026-03-10T03:26:17Z" user="MxxCon" uid="384667">
  <member type="relation" ref="366775" role=""/>
  <member type="relation" ref="9767765" role=""/>
  <tag k="alt_name" v="8th Avenue Local"/>
  <tag k="colour" v="#0062cf"/>
  <tag k="colour:text" v="#FFFFFF"/>
  <tag k="gtfs:feed" v="US-NY-MTA-Subway"/>
  <tag k="gtfs:route_id" v="C"/>
  <tag k="name" v="NYCS - C Train"/>
  <tag k="network" v="NYC Subway"/>
  <tag k="network:wikidata" v="Q7733"/>
  <tag k="network:wikipedia" v="en:New York City Subway"/>
  <tag k="operator" v="Metropolitan Transportation Authority"/>
  <tag k="operator:wikidata" v="Q1146109"/>
  <tag k="operator:wikipedia" v="en:Metropolitan Transportation Authority"/>
  <tag k="owner" v="City of New York"/>
  <tag k="owner:wikidata" v="Q60"/>
  <tag k="ref" v="C"/>
  <tag k="route_master" v="subway"/>
  <tag k="type" v="route_master"/>
  <tag k="wikidata" v="Q126358"/>
  <tag k="wikipedia" v="en:C (New York City Subway service)"/>
 </relation>
 <relation id="11038631" visible="true" version="16" changeset="120359442" timestamp="2022-04-29T18:03:38Z" user="user_5589" uid="5589">
  <member type="way" ref="818608015" role=""/>
  <member type="way" ref="818608012" role=""/>
  <member type="way" ref="818608038" role=""/>
  <member type="way" ref="818607997" role=""/>
  <member type="way" ref="818607996" role=""/>
  <member type="way" ref="818608050" role=""/>
  <member type="way" ref="818568895" role=""/>
  <member type="way" ref="818568853" role=""/>
  <member type="way" ref="818568893" role=""/>
  <member type="way" ref="818568892" role=""/>
  <member type="way" ref="818568891" role=""/>
  <member type="way" ref="818568890" role=""/>
  <member type="way" ref="818568887" role=""/>
  <member type="way" ref="818568812" role=""/>
  <member type="way" ref="818568847" role=""/>
  <member type="way" ref="818568827" role=""/>
  <member type="way" ref="818568824" role=""/>
  <member type="way" ref="557404137" role=""/>
  <member type="way" ref="291853415" role=""/>
  <member type="way" ref="291264797" role=""/>
  <member type="way" ref="813014291" role=""/>
  <member type="way" ref="704966250" role=""/>
  <member type="way" ref="291264795" role=""/>
  <member type="way" ref="291266245" role=""/>
  <member type="way" ref="824375580" role=""/>
  <member type="way" ref="732954726" role=""/>
  <member type="way" ref="818568848" role=""/>
  <member type="way" ref="818568814" role=""/>
  <member type="way" ref="818568901" role=""/>
  <member type="way" ref="803058752" role=""/>
  <member type="way" ref="813746971" role=""/>
  <member type="way" ref="813727593" role=""/>
  <member type="way" ref="813727592" role=""/>
  <member type="way" ref="818568854" role=""/>
  <member type="way" ref="813727590" role=""/>
  <member type="way" ref="818608051" role=""/>
  <member type="way" ref="818607998" role=""/>
  <member type="way" ref="818607999" role=""/>
  <member type="way" ref="46340204" role=""/>
  <member type="way" ref="818608011" role=""/>
  <member type="way" ref="818608016" role=""/>
  <member type="way" ref="291266249" role=""/>
  <member type="way" ref="824375578" role=""/>
  <member type="way" ref="824375579" role=""/>
  <member type="way" ref="291266248" role=""/>
  <member type="way" ref="360576284" role=""/>
  <member type="way" ref="291264796" role=""/>
  <member type="way" ref="552592619" role=""/>
  <member type="way" ref="206583279" role=""/>
  <member type="way" ref="813014287" role=""/>
  <member type="way" ref="813014288" role=""/>
  <member type="way" ref="46340643" role=""/>
  <member type="way" ref="46340645" role=""/>
  <member type="way" ref="818568825" role=""/>
  <member type="way" ref="818568828" role=""/>
  <member type="way" ref="818568833" role=""/>
  <member type="way" ref="818568818" role=""/>
  <member type="way" ref="818568859" role=""/>
  <member type="way" ref="818568862" role=""/>
  <member type="way" ref="818568863" role=""/>
  <member type="way" ref="818568864" role=""/>
  <member type="way" ref="818568865" role=""/>
  <member type="way" ref="818568855" role=""/>
  <member type="way" ref="818568867" role=""/>
  <member type="way" ref="818608054" role=""/>
  <member type="way" ref="818608000" role=""/>
  <member type="way" ref="818568846" role=""/>
  <member type="way" ref="818568819" role=""/>
  <member type="way" ref="818568871" role=""/>
  <member type="way" ref="818568876" role=""/>
  <member type="way" ref="818568877" role=""/>
  <member type="way" ref="818568878" role=""/>
  <member type="way" ref="818568879" role=""/>
  <member type="way" ref="818568880" role=""/>
  <member type="way" ref="818568881" role=""/>
  <member type="way" ref="818568883" role=""/>
  <member type="way" ref="818607994" role=""/>
  <member type="way" ref="557404163" role=""/>
  <member type="way" ref="291853416" role=""/>
  <member type="way" ref="426287753" role=""/>
  <member type="way" ref="813014290" role=""/>
  <member type="way" ref="704966249" role=""/>
  <member type="way" ref="813014289" role=""/>
  <member type="way" ref="291264794" role=""/>
  <member type="way" ref="426287754" role=""/>
  <member type="way" ref="824375581" role=""/>
  <member type="way" ref="824375582" role=""/>
  <member type="way" ref="732954727" role=""/>
  <member type="way" ref="194911413" role=""/>
  <member type="way" ref="426287755" role=""/>
  <member type="way" ref="250374489" role=""/>
  <tag k="name" v="IND Fulton Street Line"/>
  <tag k="old_railway_operator" v="IND"/>
  <tag k="operator" v="New York City Transit Authority"/>
  <tag k="operator:wikidata" v="Q1325591"/>
  <tag k="route" v="railway"/>
  <tag k="type" v="route"/>
 </relation>
 <relation id="11107597" visible="true" version="3" changeset="98799133" timestamp="2021-02-06T02:41:47Z" user="NameThatFollows" uid="12595815">
  <member type="node" ref="7657385890" role="stop"/>
  <member type="node" ref="7657385891" role="stop"/>
  <member type="way" ref="904333070" role="platform"/>
  <member type="node" ref="598730745" role=""/>
  <member type="node" ref="7527501324" role=""/>
  <member type="node" ref="7527501326" role=""/>
  <member type="node" ref="7527501327" role=""/>
  <member type="node" ref="7527501325" role=""/>
  <member type="way" ref="904333071" role="platform"/>
  <tag k="name" v="Liberty Avenue (C)"/>
  <tag k="network" v="NYC Subway"/>
  <tag k="operator" v="New York City Transit Authority"/>
  <tag k="public_transport" v="stop_area"/>
  <tag k="railway" v="facility"/>
  <tag k="subway" v="yes"/>
  <tag k="type" v="public_transport"/>
 </relation>
 <relation id="11107598" visible="true" version="3" changeset="98799133" timestamp="2021-02-06T02:41:47Z" user="NameThatFollows" uid="12595815">
  <member type="node" ref="7657385888" role="stop"/>
  <member type="node" ref="7657385889" role="stop"/>
  <member type="way" ref="904333068" role="platform"/>
  <member type="node" ref="598730744" role=""/>
  <member type="node" ref="7527501321" role=""/>
  <member type="node" ref="7527501322" role=""/>
  <member type="node" ref="7527501323" role=""/>
  <member type="node" ref="7527501320" role=""/>
  <member type="way" ref="904333069" role="platform"/>
  <tag k="name" v="Van Siclen Avenue (C)"/>
  <tag k="network" v="NYC Subway"/>
  <tag k="operator" v="New York City Transit Authority"/>
  <tag k="public_transport" v="stop_area"/>
  <tag k="railway" v="facility"/>
  <tag k="subway" v="yes"/>
  <tag k="type" v="public_transport"/>
 </relation>
 <relation id="11107599" visible="true" version="3" changeset="98799133" timestamp="2021-02-06T02:41:47Z" user="NameThatFollows" uid="12595815">
  <member type="node" ref="7657385886" role="stop"/>
  <member type="node" ref="7657385887" role="stop"/>
  <member type="way" ref="904333066" role="platform"/>
  <member type="node" ref="598730743" role=""/>
  <member type="node" ref="7527501319" role=""/>
  <member type="node" ref="7527501318" role=""/>
  <member type="node" ref="7527501317" role=""/>
  <member type="node" ref="7527501316" role=""/>
  <member type="way" ref="904333067" role="platform"/>
  <tag k="name" v="Shepherd Avenue (C)"/>
  <tag k="network" v="NYC Subway"/>
  <tag k="operator" v="New York City Transit Authority"/>
  <tag k="public_transport" v="stop_area"/>
  <tag k="railway" v="facility"/>
  <tag k="subway" v="yes"/>
  <tag k="type" v="public_transport"/>
 </relation>
 <relation id="11107601" visible="true" version="4" changeset="98799133" timestamp="2021-02-06T02:41:47Z" user="NameThatFollows" uid="12595815">
  <member type="node" ref="7644395311" role="stop"/>
  <member type="node" ref="7644395429" role="stop"/>
  <member type="node" ref="7527501310" role="stop"/>
  <member type="node" ref="7644395235" role="stop"/>
  <member type="way" ref="904333065" role="platform"/>
  <member type="node" ref="591994312" role=""/>
  <member type="node" ref="7527501313" role=""/>
  <member type="node" ref="7527501312" role=""/>
  <member type="node" ref="7527501315" role=""/>
  <member type="node" ref="7527501314" role=""/>
  <member type="node" ref="7671798205" role=""/>
  <member type="way" ref="904333064" role="platform"/>
  <tag k="name" v="Euclid Avenue (A,C)"/>
  <tag k="network" v="NYC Subway"/>
  <tag k="operator" v="New York City Transit Authority"/>
  <tag k="public_transport" v="stop_area"/>
  <tag k="railway" v="facility"/>
  <tag k="subway" v="yes"/>
  <tag k="type" v="public_transport"/>
 </relation>
 <relation id="11255869" visible="true" version="10" changeset="179835080" timestamp="2026-03-14T03:30:25Z" user="MxxCon" uid="384667">
  <member type="node" ref="2946892592" role="stop"/>
  <member type="way" ref="426287763" role="platform"/>
  <member type="node" ref="4255936527" role="stop"/>
  <member type="way" ref="426287721" role="platform"/>
  <member type="node" ref="2946866310" role="stop"/>
  <member type="way" ref="426287719" role="platform"/>
  <member type="node" ref="4255936522" role="stop"/>
  <member type="way" ref="426287765" role="platform"/>
  <member type="node" ref="4255936531" role="stop"/>
  <member type="way" ref="426287725" role="platform"/>
  <member type="node" ref="4255936529" role="stop"/>
  <member type="way" ref="426287722" role="platform"/>
  <member type="node" ref="591994461" role="stop"/>
  <member type="way" ref="904333063" role="platform"/>
  <member type="node" ref="7527501310" role="stop"/>
  <member type="way" ref="904333064" role="platform"/>
  <member type="way" ref="824375581" role=""/>
  <member type="way" ref="824375582" role=""/>
  <member type="way" ref="732954727" role=""/>
  <member type="way" ref="194911413" role=""/>
  <member type="way" ref="552592619" role=""/>
  <member type="way" ref="206583279" role=""/>
  <member type="way" ref="813014287" role=""/>
  <member type="way" ref="813014288" role=""/>
  <member type="way" ref="46340643" role=""/>
  <member type="way" ref="46340645" role=""/>
  <member type="way" ref="818568825" role=""/>
  <member type="way" ref="818568830" role=""/>
  <member type="way" ref="818568848" role=""/>
  <member type="way" ref="818568814" role=""/>
  <tag k="alt_name" v="Lefferts Boulevard Shuttle"/>
  <tag k="colour" v="#0062cf"/>
  <tag k="colour:text" v="#FFFFFF"/>
  <tag k="from" v="Ozone Park–Lefferts Boulevard"/>
  <tag k="gtfs:feed" v="US-NY-MTA-Subway"/>
  <tag k="gtfs:route_id" v="A"/>
  <tag k="gtfs:shape_id" v="A..N43R"/>
  <tag k="gtfs:trip_id:sample" v="BFA25GEN-A087-Weekday-00_003950_A..N43R"/>
  <tag k="interval" v="20"/>
  <tag k="name" v="NYCS - A Train (late nights): Ozone Park–Lefferts Boulevard → Euclid Avenue"/>
  <tag k="network" v="NYC Subway"/>
  <tag k="network:wikidata" v="Q7733"/>
  <tag k="network:wikipedia" v="en:New York City Subway"/>
  <tag k="opening_hours" v="Mo-Su 00:00-06:30"/>
  <tag k="operator" v="New York City Transit Authority"/>
  <tag k="operator:wikidata" v="Q1146109"/>
  <tag k="operator:wikipedia" v="en:Metropolitan Transportation Authority"/>
  <tag k="owner" v="City of New York"/>
  <tag k="owner:wikidata" v="Q60"/>
  <tag k="public_transport:version" v="2"/>
  <tag k="ref" v="A"/>
  <tag k="route" v="subway"/>
  <tag k="to" v="Euclid Avenue"/>
  <tag k="type" v="route"/>
  <tag k="wikidata" v="Q126344"/>
  <tag k="wikipedia" v="en:A (New York City Subway service)"/>
 </relation>
 <relation id="11255871" visible="true" version="35" changeset="179835080" timestamp="2026-03-14T03:30:25Z" user="MxxCon" uid="384667">
  <member type="node" ref="592004053" role="stop"/>
  <member type="way" ref="650900556" role="platform"/>
  <member type="node" ref="6686062926" role="stop"/>
  <member type="way" ref="711202089" role="platform"/>
  <member type="node" ref="6686022950" role="stop"/>
  <member type="way" ref="711202087" role="platform"/>
  <member type="node" ref="6693913949" role="stop"/>
  <member type="way" ref="711912583" role="platform"/>
  <member type="node" ref="6693913872" role="stop"/>
  <member type="way" ref="711912581" role="platform"/>
  <member type="node" ref="6693913785" role="stop"/>
  <member type="way" ref="515596367" role="platform"/>
  <member type="node" ref="6696132604" role="stop"/>
  <member type="way" ref="712171093" role="platform"/>
  <member type="node" ref="6696132580" role="stop"/>
  <member type="way" ref="712171091" role="platform"/>
  <member type="node" ref="6342093633" role="stop"/>
  <member type="way" ref="677322267" role="platform"/>
  <member type="node" ref="7657141846" role="stop"/>
  <member type="way" ref="685340797" role="platform"/>
  <member type="node" ref="6427120371" role="stop"/>
  <member type="way" ref="685770066" role="platform"/>
  <member type="node" ref="6427120605" role="stop"/>
  <member type="way" ref="685770072" role="platform"/>
  <member type="node" ref="6427120596" role="stop"/>
  <member type="way" ref="685770070" role="platform"/>
  <member type="node" ref="7624158681" role="stop"/>
  <member type="way" ref="686769242" role="platform"/>
  <member type="node" ref="7624158678" role="stop"/>
  <member type="way" ref="686769241" role="platform"/>
  <member type="node" ref="7624158676" role="stop"/>
  <member type="way" ref="686769240" role="platform"/>
  <member type="node" ref="7624158674" role="stop"/>
  <member type="way" ref="686769239" role="platform"/>
  <member type="node" ref="7624158671" role="stop"/>
  <member type="way" ref="687260462" role="platform"/>
  <member type="node" ref="6463380709" role="stop"/>
  <member type="way" ref="510806176" role="platform"/>
  <member type="node" ref="6751642217" role="stop"/>
  <member type="way" ref="719086619" role="platform"/>
  <member type="node" ref="6751622968" role="stop"/>
  <member type="way" ref="719086603" role="platform"/>
  <member type="node" ref="6923621274" role="stop"/>
  <member type="way" ref="739454531" role="platform"/>
  <member type="node" ref="6923621238" role="stop"/>
  <member type="way" ref="739454521" role="platform"/>
  <member type="node" ref="6923621199" role="stop"/>
  <member type="way" ref="739454517" role="platform"/>
  <member type="node" ref="7624210725" role="stop"/>
  <member type="way" ref="552742165" role="platform"/>
  <member type="node" ref="7165337033" role="stop"/>
  <member type="way" ref="767428212" role="platform"/>
  <member type="node" ref="7207425602" role="stop"/>
  <member type="way" ref="772047820" role="platform"/>
  <member type="node" ref="7218038804" role="stop"/>
  <member type="way" ref="515665875" role="platform"/>
  <member type="node" ref="7460755762" role="stop"/>
  <member type="way" ref="512131385" role="platform"/>
  <member type="node" ref="7475500940" role="stop"/>
  <member type="way" ref="799307142" role="platform"/>
  <member type="node" ref="7644660155" role="stop"/>
  <member type="way" ref="904597216" role="platform"/>
  <member type="node" ref="7654134332" role="stop"/>
  <member type="way" ref="903983359" role="platform"/>
  <member type="node" ref="7644395303" role="stop"/>
  <member type="way" ref="904344148" role="platform"/>
  <member type="node" ref="7657385897" role="stop"/>
  <member type="way" ref="904344146" role="platform"/>
  <member type="node" ref="7644395299" role="stop"/>
  <member type="way" ref="904344144" role="platform"/>
  <member type="node" ref="7644395296" role="stop"/>
  <member type="way" ref="904344149" role="platform"/>
  <member type="node" ref="7644395293" role="stop"/>
  <member type="way" ref="904344140" role="platform"/>
  <member type="node" ref="7644395291" role="stop"/>
  <member type="way" ref="904335872" role="platform"/>
  <member type="node" ref="7657385894" role="stop"/>
  <member type="way" ref="904335870" role="platform"/>
  <member type="node" ref="7657385892" role="stop"/>
  <member type="way" ref="904335868" role="platform"/>
  <member type="node" ref="7644395316" role="stop"/>
  <member type="way" ref="507362400" role="platform"/>
  <member type="node" ref="7657385890" role="stop"/>
  <member type="way" ref="904333070" role="platform"/>
  <member type="node" ref="7657385888" role="stop"/>
  <member type="way" ref="904333069" role="platform"/>
  <member type="node" ref="7657385887" role="stop"/>
  <member type="way" ref="904333067" role="platform"/>
  <member type="node" ref="7644395311" role="stop"/>
  <member type="way" ref="904333065" role="platform"/>
  <member type="node" ref="5375780535" role="stop"/>
  <member type="way" ref="904333063" role="platform"/>
  <member type="node" ref="4255936528" role="stop"/>
  <member type="way" ref="426287723" role="platform"/>
  <member type="node" ref="4255936530" role="stop"/>
  <member type="way" ref="426287724" role="platform"/>
  <member type="node" ref="4255936521" role="stop"/>
  <member type="way" ref="426287764" role="platform"/>
  <member type="node" ref="4255934920" role="stop"/>
  <member type="way" ref="426287727" role="platform"/>
  <member type="node" ref="4255934934" role="stop"/>
  <member type="way" ref="426287752" role="platform"/>
  <member type="node" ref="2947071839" role="stop"/>
  <member type="way" ref="426287749" role="platform"/>
  <member type="node" ref="4255934929" role="stop"/>
  <member type="way" ref="426287740" role="platform"/>
  <member type="node" ref="8398468781" role="stop"/>
  <member type="way" ref="426287738" role="platform"/>
  <member type="node" ref="4255934926" role="stop"/>
  <member type="way" ref="426287735" role="platform"/>
  <member type="node" ref="4255934925" role="stop"/>
  <member type="way" ref="426287734" role="platform"/>
  <member type="node" ref="8398468778" role="stop"/>
  <member type="way" ref="291395207" role="platform"/>
  <member type="node" ref="277447400" role="stop"/>
  <member type="way" ref="291384445" role="platform"/>
  <member type="way" ref="650882454" role=""/>
  <member type="way" ref="711202095" role=""/>
  <member type="way" ref="813747352" role=""/>
  <member type="way" ref="813747348" role=""/>
  <member type="way" ref="816289257" role=""/>
  <member type="way" ref="711202096" role=""/>
  <member type="way" ref="821162104" role=""/>
  <member type="way" ref="677322264" role=""/>
  <member type="way" ref="813746968" role=""/>
  <member type="way" ref="813746959" role=""/>
  <member type="way" ref="685546721" role=""/>
  <member type="way" ref="813748791" role=""/>
  <member type="way" ref="689037413" role=""/>
  <member type="way" ref="689037412" role=""/>
  <member type="way" ref="46340129" role=""/>
  <member type="way" ref="816679186" role=""/>
  <member type="way" ref="719086616" role=""/>
  <member type="way" ref="816336088" role=""/>
  <member type="way" ref="719086610" role=""/>
  <member type="way" ref="820099952" role=""/>
  <member type="way" ref="739454525" role=""/>
  <member type="way" ref="739454518" role=""/>
  <member type="way" ref="741691189" role=""/>
  <member type="way" ref="816341839" role=""/>
  <member type="way" ref="741776144" role=""/>
  <member type="way" ref="796650846" role=""/>
  <member type="way" ref="796650847" role=""/>
  <member type="way" ref="741776141" role=""/>
  <member type="way" ref="767428208" role=""/>
  <member type="way" ref="772047815" role=""/>
  <member type="way" ref="772047809" role=""/>
  <member type="way" ref="823180887" role=""/>
  <member type="way" ref="823180888" role=""/>
  <member type="way" ref="772047812" role=""/>
  <member type="way" ref="773078859" role=""/>
  <member type="way" ref="157005691" role=""/>
  <member type="way" ref="46341536" role=""/>
  <member type="way" ref="818608041" role=""/>
  <member type="way" ref="818608015" role=""/>
  <member type="way" ref="818608012" role=""/>
  <member type="way" ref="818608038" role=""/>
  <member type="way" ref="818607997" role=""/>
  <member type="way" ref="818607993" role=""/>
  <member type="way" ref="818568883" role=""/>
  <member type="way" ref="818568881" role=""/>
  <member type="way" ref="818568880" role=""/>
  <member type="way" ref="818568879" role=""/>
  <member type="way" ref="818568878" role=""/>
  <member type="way" ref="818568877" role=""/>
  <member type="way" ref="818568876" role=""/>
  <member type="way" ref="818568871" role=""/>
  <member type="way" ref="818568819" role=""/>
  <member type="way" ref="818568846" role=""/>
  <member type="way" ref="818568831" role=""/>
  <member type="way" ref="818568824" role=""/>
  <member type="way" ref="557404137" role=""/>
  <member type="way" ref="291853415" role=""/>
  <member type="way" ref="291264797" role=""/>
  <member type="way" ref="813014291" role=""/>
  <member type="way" ref="704966250" role=""/>
  <member type="way" ref="426287755" role=""/>
  <member type="way" ref="813014285" role=""/>
  <member type="way" ref="95536909" role=""/>
  <member type="way" ref="60093055" role=""/>
  <member type="way" ref="426287762" role=""/>
  <member type="way" ref="60093072" role=""/>
  <member type="way" ref="60093062" role=""/>
  <member type="way" ref="60093068" role=""/>
  <member type="way" ref="813534587" role=""/>
  <member type="way" ref="60093059" role=""/>
  <member type="way" ref="60093052" role=""/>
  <member type="way" ref="60093057" role=""/>
  <member type="way" ref="60093048" role=""/>
  <member type="way" ref="60093046" role=""/>
  <member type="way" ref="60093064" role=""/>
  <member type="way" ref="60093044" role=""/>
  <member type="way" ref="60093056" role=""/>
  <member type="way" ref="426287759" role=""/>
  <member type="way" ref="60093070" role=""/>
  <member type="way" ref="291270071" role=""/>
  <member type="way" ref="291270066" role=""/>
  <member type="way" ref="50192978" role=""/>
  <member type="way" ref="813010756" role=""/>
  <member type="way" ref="813010755" role=""/>
  <member type="way" ref="291273058" role=""/>
  <member type="way" ref="426452978" role=""/>
  <member type="way" ref="50192969" role=""/>
  <member type="way" ref="50192973" role=""/>
  <member type="way" ref="50192963" role=""/>
  <member type="way" ref="291273054" role=""/>
  <member type="way" ref="465228096" role=""/>
  <member type="way" ref="465228095" role=""/>
  <member type="way" ref="813010759" role=""/>
  <member type="way" ref="465228094" role=""/>
  <member type="way" ref="291395208" role=""/>
  <member type="way" ref="813010764" role=""/>
  <member type="way" ref="291395205" role=""/>
  <member type="way" ref="360576288" role=""/>
  <member type="way" ref="813010762" role=""/>
  <member type="way" ref="25460819" role=""/>
  <tag k="alt_name" v="8th Avenue Local"/>
  <tag k="colour" v="#0062cf"/>
  <tag k="colour:text" v="#FFFFFF"/>
  <tag k="from" v="207th Street–Inwood"/>
  <tag k="gtfs:feed" v="US-NY-MTA-Subway"/>
  <tag k="gtfs:route_id" v="A"/>
  <tag k="gtfs:shape_id" v="A..S74R"/>
  <tag k="gtfs:trip_id:sample" v="BFA25GEN-A055-Sunday-00_000950_A..S74R"/>
  <tag k="interval" v="20"/>
  <tag k="name" v="NYCS - A Train (late nights): 207th Street–Inwood → Far Rockaway–Mott Avenue"/>
  <tag k="network" v="NYC Subway"/>
  <tag k="network:wikidata" v="Q7733"/>
  <tag k="network:wikipedia" v="en:New York City Subway"/>
  <tag k="opening_hours" v="Mo-Su 00:00-06:30"/>
  <tag k="operator" v="Metropolitan Transportation Authority"/>
  <tag k="operator:wikidata" v="Q1146109"/>
  <tag k="operator:wikipedia" v="en:Metropolitan Transportation Authority"/>
  <tag k="owner" v="City of New York"/>
  <tag k="owner:wikidata" v="Q60"/>
  <tag k="public_transport:version" v="2"/>
  <tag k="ref" v="A"/>
  <tag k="route" v="subway"/>
  <tag k="to" v="Far Rockaway–Mott Avenue"/>
  <tag k="type" v="route"/>
  <tag k="wikidata" v="Q126344"/>
  <tag k="wikipedia" v="en:A (New York City Subway service)"/>
 </relation>
 <relation id="11255872" visible="true" version="35" changeset="187060994" timestamp="2026-08-07T00:24:18Z" user="💠💠💠💠💠💠💠💠💠💠" uid="23558124">
  <member type="node" ref="638015819" role="stop"/>
  <member type="way" ref="291384445" role="platform"/>
  <member type="node" ref="4255934924" role="stop"/>
  <member type="way" ref="291395197" role="platform"/>
  <member type="node" ref="638015794" role="stop"/>
  <member type="way" ref="426287733" role="platform"/>
  <member type="node" ref="2948372175" role="stop"/>
  <member type="way" ref="426287736" role="platform"/>
  <member type="node" ref="4255934928" role="stop"/>
  <member type="way" ref="426287737" role="platform"/>
  <member type="node" ref="4255934930" role="stop"/>
  <member type="way" ref="426287739" role="platform"/>
  <member type="node" ref="2947071653" role="stop"/>
  <member type="way" ref="426287745" role="platform"/>
  <member type="node" ref="4255934935" role="stop"/>
  <member type="way" ref="426287751" role="platform"/>
  <member type="node" ref="4255934921" role="stop"/>
  <member type="way" ref="426287728" role="platform"/>
  <member type="node" ref="4255934919" role="stop"/>
  <member type="way" ref="426287726" role="platform"/>
  <member type="node" ref="4255936522" role="stop"/>
  <member type="way" ref="426287765" role="platform"/>
  <member type="node" ref="4255936531" role="stop"/>
  <member type="way" ref="426287725" role="platform"/>
  <member type="node" ref="4255936529" role="stop"/>
  <member type="way" ref="426287722" role="platform"/>
  <member type="node" ref="591994461" role="stop"/>
  <member type="way" ref="904333063" role="platform"/>
  <member type="node" ref="7644395235" role="stop"/>
  <member type="way" ref="904333064" role="platform"/>
  <member type="node" ref="7657385886" role="stop"/>
  <member type="way" ref="904333066" role="platform"/>
  <member type="node" ref="7657385889" role="stop"/>
  <member type="way" ref="904333068" role="platform"/>
  <member type="node" ref="7657385891" role="stop"/>
  <member type="way" ref="904333071" role="platform"/>
  <member type="node" ref="7644395240" role="stop"/>
  <member type="way" ref="507362399" role="platform"/>
  <member type="node" ref="7657385893" role="stop"/>
  <member type="way" ref="904335867" role="platform"/>
  <member type="node" ref="7657385895" role="stop"/>
  <member type="way" ref="904335869" role="platform"/>
  <member type="node" ref="7644395215" role="stop"/>
  <member type="way" ref="904335871" role="platform"/>
  <member type="node" ref="7644395218" role="stop"/>
  <member type="way" ref="904344139" role="platform"/>
  <member type="node" ref="7644395221" role="stop"/>
  <member type="way" ref="904344150" role="platform"/>
  <member type="node" ref="7644395223" role="stop"/>
  <member type="way" ref="904344143" role="platform"/>
  <member type="node" ref="7657385896" role="stop"/>
  <member type="way" ref="904344145" role="platform"/>
  <member type="node" ref="7644395228" role="stop"/>
  <member type="way" ref="904344147" role="platform"/>
  <member type="node" ref="7654134336" role="stop"/>
  <member type="way" ref="903983358" role="platform"/>
  <member type="node" ref="7644660154" role="stop"/>
  <member type="way" ref="904597215" role="platform"/>
  <member type="node" ref="7475500952" role="stop"/>
  <member type="way" ref="799307142" role="platform"/>
  <member type="node" ref="7460755765" role="stop"/>
  <member type="way" ref="512131385" role="platform"/>
  <member type="node" ref="7218038834" role="stop"/>
  <member type="way" ref="515665875" role="platform"/>
  <member type="node" ref="7207425627" role="stop"/>
  <member type="way" ref="772047819" role="platform"/>
  <member type="node" ref="7165337038" role="stop"/>
  <member type="way" ref="767428213" role="platform"/>
  <member type="node" ref="7624210714" role="stop"/>
  <member type="way" ref="552742166" role="platform"/>
  <member type="node" ref="6923621203" role="stop"/>
  <member type="way" ref="739454516" role="platform"/>
  <member type="node" ref="6923621236" role="stop"/>
  <member type="way" ref="739454522" role="platform"/>
  <member type="node" ref="6923621277" role="stop"/>
  <member type="way" ref="739454532" role="platform"/>
  <member type="node" ref="6751642166" role="stop"/>
  <member type="way" ref="513706052" role="platform"/>
  <member type="node" ref="6751642238" role="stop"/>
  <member type="way" ref="719086618" role="platform"/>
  <member type="node" ref="6463380701" role="stop"/>
  <member type="way" ref="510806175" role="platform"/>
  <member type="node" ref="6441849565" role="stop"/>
  <member type="way" ref="687260463" role="platform"/>
  <member type="node" ref="6437617425" role="stop"/>
  <member type="way" ref="686769243" role="platform"/>
  <member type="node" ref="6437617427" role="stop"/>
  <member type="way" ref="686769244" role="platform"/>
  <member type="node" ref="6437617429" role="stop"/>
  <member type="way" ref="686769245" role="platform"/>
  <member type="node" ref="6437617465" role="stop"/>
  <member type="way" ref="686769246" role="platform"/>
  <member type="node" ref="6427120636" role="stop"/>
  <member type="way" ref="685770071" role="platform"/>
  <member type="node" ref="6427120645" role="stop"/>
  <member type="way" ref="685770073" role="platform"/>
  <member type="node" ref="6427120505" role="stop"/>
  <member type="way" ref="685770067" role="platform"/>
  <member type="node" ref="7657141845" role="stop"/>
  <member type="way" ref="685340796" role="platform"/>
  <member type="node" ref="7624144931" role="stop"/>
  <member type="way" ref="677322266" role="platform"/>
  <member type="node" ref="6696132525" role="stop"/>
  <member type="way" ref="712171090" role="platform"/>
  <member type="node" ref="6696132555" role="stop"/>
  <member type="way" ref="712171092" role="platform"/>
  <member type="node" ref="6693913814" role="stop"/>
  <member type="way" ref="515596368" role="platform"/>
  <member type="node" ref="6693913893" role="stop"/>
  <member type="way" ref="711912581" role="platform"/>
  <member type="node" ref="6693913938" role="stop"/>
  <member type="way" ref="711912582" role="platform"/>
  <member type="node" ref="6686022964" role="stop"/>
  <member type="way" ref="711202086" role="platform"/>
  <member type="node" ref="6686062919" role="stop"/>
  <member type="way" ref="711202088" role="platform"/>
  <member type="node" ref="6105025186" role="stop"/>
  <member type="way" ref="650900556" role="platform"/>
  <member type="way" ref="50192970" role=""/>
  <member type="way" ref="813010761" role=""/>
  <member type="way" ref="360576291" role=""/>
  <member type="way" ref="291395201" role=""/>
  <member type="way" ref="813010763" role=""/>
  <member type="way" ref="813010760" role=""/>
  <member type="way" ref="206583290" role=""/>
  <member type="way" ref="291273055" role=""/>
  <member type="way" ref="291273056" role=""/>
  <member type="way" ref="38596531" role=""/>
  <member type="way" ref="38596526" role=""/>
  <member type="way" ref="38596524" role=""/>
  <member type="way" ref="426452976" role=""/>
  <member type="way" ref="194911414" role=""/>
  <member type="way" ref="813010753" role=""/>
  <member type="way" ref="291273052" role=""/>
  <member type="way" ref="813010754" role=""/>
  <member type="way" ref="38596518" role=""/>
  <member type="way" ref="291270070" role=""/>
  <member type="way" ref="291270061" role=""/>
  <member type="way" ref="5706069" role=""/>
  <member type="way" ref="426287760" role=""/>
  <member type="way" ref="5700312" role=""/>
  <member type="way" ref="46892622" role=""/>
  <member type="way" ref="46892623" role=""/>
  <member type="way" ref="46892614" role=""/>
  <member type="way" ref="46892613" role=""/>
  <member type="way" ref="46892617" role=""/>
  <member type="way" ref="46892616" role=""/>
  <member type="way" ref="60093051" role=""/>
  <member type="way" ref="813534586" role=""/>
  <member type="way" ref="60093054" role=""/>
  <member type="way" ref="60093050" role=""/>
  <member type="way" ref="60093053" role=""/>
  <member type="way" ref="426287758" role=""/>
  <member type="way" ref="46892612" role=""/>
  <member type="way" ref="46340644" role=""/>
  <member type="way" ref="813014286" role=""/>
  <member type="way" ref="360576294" role=""/>
  <member type="way" ref="206583279" role=""/>
  <member type="way" ref="813014287" role=""/>
  <member type="way" ref="813014288" role=""/>
  <member type="way" ref="46340643" role=""/>
  <member type="way" ref="46340645" role=""/>
  <member type="way" ref="818568825" role=""/>
  <member type="way" ref="818568828" role=""/>
  <member type="way" ref="818568833" role=""/>
  <member type="way" ref="818568818" role=""/>
  <member type="way" ref="818568859" role=""/>
  <member type="way" ref="818568862" role=""/>
  <member type="way" ref="818568863" role=""/>
  <member type="way" ref="818568864" role=""/>
  <member type="way" ref="818568865" role=""/>
  <member type="way" ref="818568855" role=""/>
  <member type="way" ref="818568867" role=""/>
  <member type="way" ref="818608054" role=""/>
  <member type="way" ref="818607991" role=""/>
  <member type="way" ref="818607999" role=""/>
  <member type="way" ref="46340204" role=""/>
  <member type="way" ref="818608011" role=""/>
  <member type="way" ref="818608016" role=""/>
  <member type="way" ref="818608040" role=""/>
  <member type="way" ref="797157477" role=""/>
  <member type="way" ref="797157478" role=""/>
  <member type="way" ref="797710588" role=""/>
  <member type="way" ref="823180889" role=""/>
  <member type="way" ref="194911412" role=""/>
  <member type="way" ref="823180886" role=""/>
  <member type="way" ref="772047808" role=""/>
  <member type="way" ref="772047814" role=""/>
  <member type="way" ref="767428211" role=""/>
  <member type="way" ref="741776138" role=""/>
  <member type="way" ref="741776143" role=""/>
  <member type="way" ref="796650848" role=""/>
  <member type="way" ref="796650849" role=""/>
  <member type="way" ref="816057932" role=""/>
  <member type="way" ref="741691192" role=""/>
  <member type="way" ref="739454520" role=""/>
  <member type="way" ref="739454524" role=""/>
  <member type="way" ref="820099955" role=""/>
  <member type="way" ref="719086606" role=""/>
  <member type="way" ref="816336111" role=""/>
  <member type="way" ref="719086614" role=""/>
  <member type="way" ref="816679181" role=""/>
  <member type="way" ref="1547812315" role=""/>
  <member type="way" ref="689037414" role=""/>
  <member type="way" ref="1547812316" role=""/>
  <member type="way" ref="1547812317" role=""/>
  <member type="way" ref="1547812318" role=""/>
  <member type="way" ref="813748784" role=""/>
  <member type="way" ref="685340794" role=""/>
  <member type="way" ref="813746964" role=""/>
  <member type="way" ref="813746965" role=""/>
  <member type="way" ref="685770077" role=""/>
  <member type="way" ref="816259816" role=""/>
  <member type="way" ref="712903253" role=""/>
  <member type="way" ref="711202097" role=""/>
  <member type="way" ref="816289254" role=""/>
  <member type="way" ref="813747347" role=""/>
  <member type="way" ref="813747349" role=""/>
  <member type="way" ref="711202094" role=""/>
  <member type="way" ref="650900555" role=""/>
  <tag k="alt_name" v="8th Avenue Local"/>
  <tag k="colour" v="#0062cf"/>
  <tag k="colour:text" v="#FFFFFF"/>
  <tag k="from" v="Far Rockaway–Mott Avenue"/>
  <tag k="gtfs:feed" v="US-NY-MTA-Subway"/>
  <tag k="gtfs:route_id" v="A"/>
  <tag k="gtfs:shape_id" v="A..N09R"/>
  <tag k="gtfs:trip_id:sample" v="BFA25GEN-A047-Saturday-00_014200_A..N09R"/>
  <tag k="interval" v="20"/>
  <tag k="name" v="NYCS - A Train (late nights): Far Rockaway–Mott Avenue → 207th Street–Inwood"/>
  <tag k="network" v="NYC Subway"/>
  <tag k="network:wikidata" v="Q7733"/>
  <tag k="network:wikipedia" v="en:New York City Subway"/>
  <tag k="opening_hours" v="Mo-Su 00:00-06:30"/>
  <tag k="operator" v="Metropolitan Transportation Authority"/>
  <tag k="operator:wikidata" v="Q1146109"/>
  <tag k="operator:wikipedia" v="en:Metropolitan Transportation Authority"/>
  <tag k="owner" v="City of New York"/>
  <tag k="owner:wikidata" v="Q60"/>
  <tag k="public_transport:version" v="2"/>
  <tag k="ref" v="A"/>
  <tag k="route" v="subway"/>
  <tag k="to" v="207th Street–Inwood"/>
  <tag k="type" v="route"/>
  <tag k="wikidata" v="Q126344"/>
  <tag k="wikipedia" v="en:A (New York City Subway service)"/>
 </relation>
 <relation id="20170626" visible="true" version="1" changeset="178072463" timestamp="2026-02-04T00:16:47Z" user="sbedwal_Lyft" uid="18783691">
  <member type="way" ref="222269671" role="from"/>
  <member type="node" ref="42472342" role="via"/>
  <member type="way" ref="183794635" role="to"/>
  <tag k="restriction" v="no_left_turn"/>
  <tag k="type" v="restriction"/>
 </relation>
 <relation id="20445356" visible="true" version="1" changeset="181301543" timestamp="2026-04-14T03:05:05Z" user="Mintusha98" uid="21759014">
  <member type="way" ref="279918410" role="from"/>
  <member type="node" ref="42495629" role="via"/>
  <member type="way" ref="473433733" role="to"/>
  <tag k="connectivity" v="1:1|2:2"/>
  <tag k="type" v="connectivity"/>
 </relation>
 <relation id="20445357" visible="true" version="1" changeset="181301543" timestamp="2026-04-14T03:05:05Z" user="Mintusha98" uid="21759014">
  <member type="way" ref="473433733" role="from"/>
  <member type="node" ref="42495629" role="via"/>
  <member type="way" ref="279918410" role="to"/>
  <tag k="connectivity" v="1:1|2:2"/>
  <tag k="type" v="connectivity"/>
 </relation>
 <relation id="20445358" visible="true" version="1" changeset="181301543" timestamp="2026-04-14T03:05:05Z" user="Mintusha98" uid="21759014">
  <member type="way" ref="1499197374" role="from"/>
  <member type="node" ref="42495629" role="via"/>
  <member type="way" ref="46141501" role="to"/>
  <tag k="connectivity" v="1:1|2:2|3:3|4:4"/>
  <tag k="type" v="connectivity"/>
 </relation>
 <relation id="20445359" visible="true" version="1" changeset="181301543" timestamp="2026-04-14T03:05:05Z" user="Mintusha98" uid="21759014">
  <member type="way" ref="46141501" role="from"/>
  <member type="node" ref="42495629" role="via"/>
  <member type="way" ref="1499197374" role="to"/>
  <tag k="connectivity" v="1:1|2:2|3:3|4:4"/>
  <tag k="type" v="connectivity"/>
 </relation>
</osm>
